customer_id,snapshot_date,latest_country,churn_probability,risk_percentile,risk_tier,value_percentile,retention_strategy,recency_days,orders_180d,revenue_180d,activity_span_180d,estimated_90d_customer_value,revenue_at_risk,campaign_channel,expected_campaign_cost,expected_preserved_revenue,expected_net_benefit,value_aware_action,actual_churn,selected_for_primary_campaign,primary_campaign_priority_rank
12347,2011-09-01,Iceland,0.3790034899308478,30.13005780346821,Low,83.95953757225433,Protect High Value,29.633333333333333,3,1603.68,116.92013888888889,801.84,303.900158366151,VIP or loyalty service,12.0,24.31201266929208,12.31201266929208,Proactive loyalty or VIP service without aggressive discounting,0,0,
12348,2011-09-01,Finland,0.4826098327958856,42.88294797687861,Low,36.09104046242775,Nurture / Monitor,148.55069444444445,1,327.0,0.0,163.5,78.90670766212729,Low-cost digital nurture,0.5,2.3672012298638188,1.8672012298638188,Low-cost nurture communication and continued monitoring,0,0,
12352,2011-09-01,Norway,0.6878687910101795,75.86705202312139,Medium,24.38583815028902,Nurture / Monitor,162.32777777777778,2,240.66,5.0055555555555555,120.33,82.7712516222549,Low-cost digital nurture,0.5,2.4831375486676466,1.9831375486676466,Low-cost nurture communication and continued monitoring,0,0,
12353,2011-09-01,Bahrain,0.8529824497664777,96.7485549132948,Critical,3.8294797687861273,Reactivate Efficiently,104.25902777777777,1,89.0,0.0,44.5,37.95771901460826,Automated targeted campaign,5.0,5.693657852191238,0.6936578521912384,Automated re-engagement with targeted product recommendations,1,0,
12354,2011-09-01,Spain,0.7248340782998594,81.68352601156069,High,74.3135838150289,Reactivate Efficiently,132.45069444444445,1,1079.4,0.0,539.7,391.1929520584341,Automated targeted campaign,5.0,58.678942808765115,53.678942808765115,Automated re-engagement with targeted product recommendations,1,1,33.0
12355,2011-09-01,Bahrain,0.9190616484287468,99.4942196531792,Critical,48.3742774566474,Reactivate Efficiently,114.42430555555555,1,459.4,0.0,229.7,211.10846064408312,Automated targeted campaign,5.0,31.666269096612467,26.666269096612467,Automated re-engagement with targeted product recommendations,1,1,116.0
12356,2011-09-01,Portugal,0.5566645514727061,53.72109826589595,Medium,49.963872832369944,Nurture / Monitor,145.47708333333333,1,481.46000000000004,0.0,240.73000000000002,134.00585747602454,Low-cost digital nurture,0.5,4.020175724280736,3.520175724280736,Low-cost nurture communication and continued monitoring,0,1,792.0
12358,2011-09-01,Austria,0.5775844286662721,57.297687861271676,Medium,44.111271676300575,Nurture / Monitor,50.580555555555556,1,404.86,0.0,202.43,116.92041589491348,Low-cost digital nurture,0.5,3.507612476847404,3.007612476847404,Low-cost nurture communication and continued monitoring,1,1,920.0
12359,2011-09-01,Cyprus,0.3824347004515328,30.38294797687861,Low,75.14450867052022,Nurture / Monitor,89.48194444444445,1,1109.32,0.0,554.66,212.12123095244718,Low-cost digital nurture,0.5,6.363636928573415,5.863636928573415,Low-cost nurture communication and continued monitoring,0,1,417.0
12360,2011-09-01,Austria,0.5523886981833942,53.10693641618497,Medium,80.05780346820809,Protect High Value,12.57638888888889,2,1378.28,88.01875,689.14,380.6731474661043,VIP or loyalty service,12.0,30.453851797288344,18.453851797288344,Proactive loyalty or VIP service without aggressive discounting,0,0,
12362,2011-09-01,Belgium,0.1956126581012829,14.884393063583815,Low,76.19219653179191,Nurture / Monitor,20.37361111111111,3,1148.25,105.24305555555556,574.125,112.30611733239904,Low-cost digital nurture,0.5,3.3691835199719713,2.8691835199719713,Low-cost nurture communication and continued monitoring,0,1,964.0
12363,2011-09-01,Unspecified,0.641522263332689,68.60549132947978,Medium,54.04624277456648,Nurture / Monitor,9.570833333333333,2,552.0,132.8673611111111,276.0,177.06014467982217,Low-cost digital nurture,0.5,5.311804340394665,4.811804340394665,Low-cost nurture communication and continued monitoring,1,1,537.0
12364,2011-09-01,Belgium,0.5067104202735079,46.351156069364166,Low,55.23843930635838,Nurture / Monitor,12.358333333333333,1,578.92,0.0,289.46,146.6723982523696,Low-cost digital nurture,0.5,4.400171947571088,3.9001719475710876,Low-cost nurture communication and continued monitoring,0,1,694.0
12370,2011-09-01,Cyprus,0.6922270570734176,76.51734104046243,Medium,70.8092485549133,Nurture / Monitor,174.46666666666667,1,938.39,0.0,469.195,324.78947404356217,Low-cost digital nurture,0.5,9.743684221306864,9.243684221306864,Low-cost nurture communication and continued monitoring,0,1,270.0
12372,2011-09-01,Denmark,0.5042529859768906,45.95375722543353,Low,49.71098265895954,Nurture / Monitor,112.55347222222223,1,479.7,0.0,239.85,120.94507868655721,Low-cost digital nurture,0.5,3.628352360596716,3.128352360596716,Low-cost nurture communication and continued monitoring,0,1,884.0
12378,2011-09-01,Switzerland,0.66806450903427,72.76011560693641,Medium,95.77312138728324,Protect High Value,29.559722222222224,1,4008.62,0.0,2004.31,1339.0083761024775,VIP or loyalty service,12.0,107.12067008819821,95.12067008819821,Proactive loyalty or VIP service without aggressive discounting,1,1,13.0
12379,2011-09-01,Belgium,0.530765905648434,50.0,Medium,45.23121387283237,Nurture / Monitor,70.31111111111112,1,414.84,0.0,207.42,110.09146414959817,Low-cost digital nurture,0.5,3.302743924487945,2.802743924487945,Low-cost nurture communication and continued monitoring,0,1,995.0
12380,2011-09-01,Belgium,0.39545415050109395,31.466763005780347,Low,54.47976878612717,Nurture / Monitor,85.59097222222222,1,562.5500000000001,0.0,281.27500000000003,111.23136618219522,Low-cost digital nurture,0.5,3.3369409854658563,2.8369409854658563,Low-cost nurture communication and continued monitoring,0,1,982.0
12381,2011-09-01,Norway,0.6489481201501195,69.58092485549133,Medium,73.121387283237,Nurture / Monitor,19.585416666666667,1,1028.74,0.0,514.37,333.79944456161695,Low-cost digital nurture,0.5,10.013983336848508,9.513983336848508,Low-cost nurture communication and continued monitoring,0,1,264.0
12383,2011-09-01,Belgium,0.24779126938086976,18.533236994219653,Low,50.0,Nurture / Monitor,84.66527777777777,3,481.68,85.97291666666666,240.84,59.678049317688675,Low-cost digital nurture,0.5,1.7903414795306603,1.2903414795306603,Low-cost nurture communication and continued monitoring,1,0,
12384,2011-09-01,Switzerland,0.6990366115442607,77.8179190751445,Medium,21.09826589595376,Nurture / Monitor,21.525694444444444,1,212.69,0.0,106.345,74.3390484546744,Low-cost digital nurture,0.5,2.230171453640232,1.730171453640232,Low-cost nurture communication and continued monitoring,0,0,
12388,2011-09-01,Australia,0.4732382181097052,41.437861271676304,Low,75.32514450867052,Nurture / Monitor,48.43888888888889,2,1112.99,126.90347222222222,556.495,263.35470218696037,Low-cost digital nurture,0.5,7.900641065608811,7.400641065608811,Low-cost nurture communication and continued monitoring,0,1,322.0
12393,2011-09-01,Australia,0.5888385209047734,59.2485549132948,Medium,45.95375722543353,Nurture / Monitor,145.59375,1,421.6,0.0,210.8,124.12716020672624,Low-cost digital nurture,0.5,3.723814806201787,3.223814806201787,Low-cost nurture communication and continued monitoring,0,1,862.0
12394,2011-09-01,Belgium,0.6470508638091735,69.36416184971098,Medium,39.23410404624278,Nurture / Monitor,117.41597222222222,1,351.08,0.0,175.54,113.58330863306232,Low-cost digital nurture,0.5,3.4074992589918693,2.9074992589918693,Low-cost nurture communication and continued monitoring,0,1,948.0
12395,2011-09-01,Belgium,0.11359893563614053,9.393063583815028,Low,67.91907514450867,Nurture / Monitor,12.3625,5,868.14,149.03125,434.07,49.30988999157952,Low-cost digital nurture,0.5,1.4792966997473855,0.9792966997473855,Low-cost nurture communication and continued monitoring,0,0,
12397,2011-09-01,Belgium,0.4710664122573881,41.07658959537572,Low,75.21676300578035,Nurture / Monitor,35.40208333333333,1,1109.81,0.0,554.905,261.39710749368595,Low-cost digital nurture,0.5,7.841913224810578,7.341913224810578,Low-cost nurture communication and continued monitoring,0,1,323.0
12399,2011-09-01,Belgium,0.19675787414540655,15.028901734104046,Low,73.37427745664739,Nurture / Monitor,19.447916666666668,4,1033.65,142.14791666666667,516.825,101.68938830519974,Low-cost digital nurture,0.5,3.050681649155992,2.550681649155992,Low-cost nurture communication and continued monitoring,1,1,1080.0
12405,2011-09-01,Finland,0.4866499296723984,43.35260115606936,Low,80.38294797687861,Protect High Value,48.63055555555555,1,1390.39,0.0,695.195,338.316597858603,VIP or loyalty service,12.0,27.065327828688243,15.065327828688243,Proactive loyalty or VIP service without aggressive discounting,1,0,
12406,2011-09-01,Denmark,0.4287691957057565,35.187861271676304,Low,84.17630057803468,Protect High Value,83.56736111111111,1,1621.25,0.0,810.625,347.57102926897886,VIP or loyalty service,12.0,27.80568234151831,15.80568234151831,Proactive loyalty or VIP service without aggressive discounting,0,0,
12407,2011-09-01,Belgium,0.1612006701453233,12.5,Low,77.92630057803468,Nurture / Monitor,34.31388888888889,4,1242.36,130.1298611111111,621.18,100.13463228087191,Low-cost digital nurture,0.5,3.0040389684261575,2.5040389684261575,Low-cost nurture communication and continued monitoring,0,1,1098.0
12408,2011-09-01,Belgium,0.31060489120416274,23.699421965317917,Low,79.84104046242774,Nurture / Monitor,75.54791666666667,3,1356.77,84.83680555555556,678.385,210.70969911953594,Low-cost digital nurture,0.5,6.321290973586078,5.821290973586078,Low-cost nurture communication and continued monitoring,0,1,423.0
12409,2011-09-01,Switzerland,0.3710413901353034,29.263005780346823,Low,97.79624277456648,Protect High Value,82.48680555555555,1,6207.08,0.0,3103.54,1151.5417959405195,VIP or loyalty service,12.0,92.12334367524156,80.12334367524156,Proactive loyalty or VIP service without aggressive discounting,0,1,15.0
12412,2011-09-01,Denmark,0.39460091906595446,31.358381502890175,Low,66.65462427745665,Nurture / Monitor,37.52986111111111,2,836.74,31.893055555555556,418.37,165.08918650962337,Low-cost digital nurture,0.5,4.952675595288701,4.452675595288701,Low-cost nurture communication and continued monitoring,0,1,594.0
12413,2011-09-01,France,0.442319067171249,36.88583815028902,Low,3.3598265895953756,Nurture / Monitor,136.35208333333333,1,84.65,0.0,42.325,18.721154518023116,Low-cost digital nurture,0.5,0.5616346355406935,0.06163463554069348,Low-cost nurture communication and continued monitoring,0,0,
12414,2011-09-01,Austria,0.6074889414071031,62.644508670520224,Medium,36.452312138728324,Nurture / Monitor,117.38125,2,328.65,10.235416666666667,164.325,99.8256202967222,Low-cost digital nurture,0.5,2.994768608901666,2.494768608901666,Low-cost nurture communication and continued monitoring,1,1,1101.0
12415,2011-09-01,Australia,0.0013354664228555377,0.7947976878612716,Low,99.89161849710982,Protect High Value,13.63125,8,60953.42,92.71458333333334,30476.71,40.70062288410559,VIP or loyalty service,12.0,3.2560498307284473,-8.743950169271553,Proactive loyalty or VIP service without aggressive discounting,0,0,
12417,2011-09-01,Belgium,0.0807249073860194,6.864161849710983,Low,83.3092485549133,Protect High Value,6.565277777777778,4,1563.74,118.88680555555555,781.87,63.11638333790699,VIP or loyalty service,12.0,5.049310667032559,-6.950689332967441,Proactive loyalty or VIP service without aggressive discounting,0,0,
12418,2011-09-01,Switzerland,0.6262517004882612,66.07658959537572,Medium,60.115606936416185,Nurture / Monitor,12.536111111111111,1,668.58,0.0,334.29,209.34968095622085,Low-cost digital nurture,0.5,6.280490428686625,5.780490428686625,Low-cost nurture communication and continued monitoring,1,1,426.0
12421,2011-09-01,Spain,0.49059946556820416,43.858381502890175,Low,40.24566473988439,Nurture / Monitor,14.544444444444444,2,359.11,58.87638888888889,179.555,88.0895870400989,Low-cost digital nurture,0.5,2.642687611202967,2.142687611202967,Low-cost nurture communication and continued monitoring,0,1,1228.0
12422,2011-09-01,Switzerland,0.4093364244542726,32.55057803468208,Low,30.38294797687861,Nurture / Monitor,68.44444444444444,1,297.36,0.0,148.68,60.860139587861255,Low-cost digital nurture,0.5,1.8258041876358375,1.3258041876358375,Low-cost nurture communication and continued monitoring,0,0,
12423,2011-09-01,Belgium,0.13501709501938416,10.513005780346822,Low,74.09682080924856,Nurture / Monitor,0.6284722222222222,5,1070.43,162.88125,535.215,72.2631745107997,Low-cost digital nurture,0.5,2.167895235323991,1.667895235323991,Low-cost nurture communication and continued monitoring,1,0,
12424,2011-09-01,Australia,0.640742324303942,68.35260115606935,Medium,85.91040462427746,Protect High Value,62.49583333333333,2,1760.9600000000003,0.0,880.4800000000001,564.1608017031349,VIP or loyalty service,12.0,45.132864136250795,33.132864136250795,Proactive loyalty or VIP service without aggressive discounting,1,1,90.0
12426,2011-09-01,Germany,0.885328450564521,98.26589595375722,Critical,51.517341040462426,Reactivate Efficiently,94.48194444444445,1,510.73,0.0,255.365,226.0818997784089,Automated targeted campaign,5.0,33.912284966761334,28.912284966761334,Automated re-engagement with targeted product recommendations,1,1,107.0
12428,2011-09-01,Finland,0.0741693408574076,6.466763005780347,Low,84.71820809248555,Protect High Value,20.459722222222222,5,1658.9,143.88333333333333,829.45,61.51975977417674,VIP or loyalty service,12.0,4.921580781934139,-7.078419218065861,Proactive loyalty or VIP service without aggressive discounting,0,0,
12429,2011-09-01,Denmark,0.2950537922312952,22.723988439306357,Low,79.51589595375722,Nurture / Monitor,72.49027777777778,2,1345.38,55.020833333333336,672.69,198.47973549606996,Low-cost digital nurture,0.5,5.954392064882098,5.454392064882098,Low-cost nurture communication and continued monitoring,1,1,456.0
12431,2011-09-01,Australia,0.08860385561944471,7.514450867052023,Low,92.55780346820809,Protect High Value,19.403472222222224,6,2663.29,92.07291666666667,1331.645,117.98888131635546,VIP or loyalty service,12.0,9.439110505308436,-2.5608894946915637,Proactive loyalty or VIP service without aggressive discounting,0,0,
12432,2011-09-01,Norway,0.684443507830735,75.32514450867052,Medium,94.72543352601156,Protect High Value,72.43819444444445,2,3316.66,0.001388888888888889,1658.33,1135.0332023409428,VIP or loyalty service,12.0,90.80265618727543,78.80265618727543,Proactive loyalty or VIP service without aggressive discounting,0,1,16.0
12434,2011-09-01,Australia,0.6904628511911943,76.22832369942196,Medium,29.118497109826592,Nurture / Monitor,160.45486111111111,1,286.25,0.0,143.125,98.82249557673968,Low-cost digital nurture,0.5,2.9646748673021905,2.4646748673021905,Low-cost nurture communication and continued monitoring,0,1,1113.0
12435,2011-09-01,Denmark,0.46204531388248954,39.667630057803464,Low,95.73699421965318,Protect High Value,167.68055555555554,1,3978.9900000000002,0.0,1989.4950000000001,919.2368417426436,VIP or loyalty service,12.0,73.5389473394115,61.53894733941149,Proactive loyalty or VIP service without aggressive discounting,0,1,26.0
12437,2011-09-01,France,0.11599721052830493,9.465317919075144,Low,79.22687861271676,Nurture / Monitor,77.62430555555555,5,1331.77,90.76666666666667,665.885,77.24080253264033,Low-cost digital nurture,0.5,2.31722407597921,1.81722407597921,Low-cost nurture communication and continued monitoring,0,0,
12438,2011-09-01,Norway,0.7203616277063178,80.88872832369943,High,64.48699421965318,Reactivate Efficiently,40.43819444444444,1,770.0699999999999,0.0,385.03499999999997,277.36443932390205,Automated targeted campaign,5.0,41.6046658985853,36.6046658985853,Automated re-engagement with targeted product recommendations,0,1,80.0
12444,2011-09-01,Norway,0.552317211946641,53.070809248554916,Medium,91.00433526011561,Protect High Value,21.638194444444444,2,2347.27,49.77847222222222,1173.635,648.218811042996,VIP or loyalty service,12.0,51.85750488343968,39.85750488343968,Proactive loyalty or VIP service without aggressive discounting,0,1,65.0
12447,2011-09-01,Belgium,0.6646822379075513,72.32658959537572,Medium,46.67630057803468,Nurture / Monitor,143.44097222222223,1,431.49,0.0,215.745,143.40186941736465,Low-cost digital nurture,0.5,4.30205608252094,3.8020560825209397,Low-cost nurture communication and continued monitoring,1,1,721.0
12449,2011-09-01,Belgium,0.5120359119759949,47.03757225433526,Low,81.5028901734104,Protect High Value,29.615277777777777,2,1456.88,57.734027777777776,728.44,372.9874397197937,VIP or loyalty service,12.0,29.8389951775835,17.8389951775835,Proactive loyalty or VIP service without aggressive discounting,0,0,
12450,2011-09-01,Spain,0.5897315622665008,59.46531791907515,Medium,19.07514450867052,Nurture / Monitor,56.388194444444444,2,197.88,17.00347222222222,98.94,58.348040770647586,Low-cost digital nurture,0.5,1.7504412231194275,1.2504412231194275,Low-cost nurture communication and continued monitoring,1,0,
12451,2011-09-01,Switzerland,0.38485915714423197,30.63583815028902,Low,91.32947976878613,Protect High Value,118.26805555555555,1,2388.31,0.0,1194.155,459.5814867995703,VIP or loyalty service,12.0,36.76651894396563,24.76651894396563,Proactive loyalty or VIP service without aggressive discounting,0,0,
12453,2011-09-01,Austria,0.6572160667697877,70.77312138728324,Medium,61.70520231213873,Nurture / Monitor,34.41111111111111,1,707.09,0.0,353.545,232.3554543261246,Low-cost digital nurture,0.5,6.970663629783738,6.470663629783738,Low-cost nurture communication and continued monitoring,1,1,365.0
12455,2011-09-01,Spain,0.31942267937500374,24.277456647398843,Low,43.316473988439306,Nurture / Monitor,27.536805555555556,3,393.46000000000004,61.981944444444444,196.73000000000002,62.84002371344449,Low-cost digital nurture,0.5,1.8852007114033347,1.3852007114033347,Low-cost nurture communication and continued monitoring,0,0,
12456,2011-09-01,Switzerland,0.5507020222919466,52.78179190751445,Medium,86.52456647398844,Protect High Value,31.35763888888889,2,1825.4,123.25902777777777,912.7,502.62573574585974,VIP or loyalty service,12.0,40.21005885966878,28.210058859668777,Proactive loyalty or VIP service without aggressive discounting,0,0,
12457,2011-09-01,Switzerland,0.7098468481613062,79.62427745664739,Medium,69.54479768786128,Nurture / Monitor,133.57638888888889,3,907.25,5.634027777777778,453.625,322.0042764971725,Low-cost digital nurture,0.5,9.660128294915175,9.160128294915175,Low-cost nurture communication and continued monitoring,0,1,272.0
12461,2011-09-01,Switzerland,0.699553828637497,77.92630057803468,Medium,58.05635838150289,Nurture / Monitor,54.56736111111111,1,626.88,0.0,313.44,219.26815204813707,Low-cost digital nurture,0.5,6.578044561444112,6.078044561444112,Low-cost nurture communication and continued monitoring,1,1,398.0
12463,2011-09-01,Belgium,0.27143323214475096,20.55635838150289,Low,68.46098265895954,Nurture / Monitor,75.39722222222223,3,877.79,66.07013888888889,438.895,119.13068842217046,Low-cost digital nurture,0.5,3.5739206526651137,3.0739206526651137,Low-cost nurture communication and continued monitoring,0,1,895.0
12464,2011-09-01,Belgium,0.24355564817568356,18.316473988439306,Low,36.01878612716763,Nurture / Monitor,6.435416666666667,4,326.7,94.07291666666667,163.35,39.78481512949791,Low-cost digital nurture,0.5,1.1935444538849371,0.6935444538849371,Low-cost nurture communication and continued monitoring,0,0,
12465,2011-09-01,Belgium,0.5914672066142296,59.75433526011561,Medium,44.83381502890174,Nurture / Monitor,69.43263888888889,1,410.94,0.0,205.47,121.52876694302576,Low-cost digital nurture,0.5,3.645863008290773,3.145863008290773,Low-cost nurture communication and continued monitoring,0,1,879.0
12468,2011-09-01,Germany,0.44068486441837523,36.52456647398844,Low,49.27745664739884,Nurture / Monitor,87.51666666666667,1,472.95000000000005,0.0,236.47500000000002,104.2109533133353,Low-cost digital nurture,0.5,3.126328599400059,2.626328599400059,Low-cost nurture communication and continued monitoring,1,1,1059.0
12471,2011-09-01,Germany,0.0074361594969832865,1.3728323699421965,Low,96.42341040462428,Protect High Value,7.324305555555555,11,4564.889999999999,159.2625,2282.4449999999997,16.972625063092014,VIP or loyalty service,12.0,1.3578100050473612,-10.64218999495264,Proactive loyalty or VIP service without aggressive discounting,0,0,
12472,2011-09-01,Germany,0.09428897963606514,8.020231213872831,Low,90.57080924855492,Protect High Value,38.50347222222222,3,2254.94,128.96875,1127.47,106.30799587027437,VIP or loyalty service,12.0,8.50463966962195,-3.49536033037805,Proactive loyalty or VIP service without aggressive discounting,0,0,
12473,2011-09-01,Germany,0.47593546456241076,41.76300578034682,Low,72.76011560693641,Nurture / Monitor,14.497222222222222,2,1013.75,77.07569444444445,506.875,241.23978860007196,Low-cost digital nurture,0.5,7.237193658002159,6.737193658002159,Low-cost nurture communication and continued monitoring,0,1,347.0
12474,2011-09-01,Germany,0.05049812072219579,4.515895953757226,Low,92.88294797687861,Protect High Value,37.580555555555556,8,2757.0,128.82222222222222,1378.5,69.6116594155469,VIP or loyalty service,12.0,5.568932753243752,-6.431067246756248,Proactive loyalty or VIP service without aggressive discounting,0,0,
12476,2011-09-01,Germany,0.23607740530479,17.91907514450867,Low,88.8728323699422,Protect High Value,41.264583333333334,3,2073.44,93.28541666666666,1036.72,244.74616762758188,VIP or loyalty service,12.0,19.579693410206552,7.579693410206552,Proactive loyalty or VIP service without aggressive discounting,0,0,
12477,2011-09-01,Germany,0.19288258186592233,14.523121387283236,Low,97.9407514450867,Protect High Value,0.6173611111111111,2,6478.08,138.8,3239.04,624.7543979669971,VIP or loyalty service,12.0,49.98035183735977,37.98035183735977,Proactive loyalty or VIP service without aggressive discounting,0,1,76.0
12480,2011-09-01,Germany,0.3286687867365044,25.0,Low,76.22832369942196,Nurture / Monitor,43.41388888888889,2,1148.7,124.02847222222222,574.35,188.77091766211132,Low-cost digital nurture,0.5,5.663127529863339,5.163127529863339,Low-cost nurture communication and continued monitoring,0,1,486.0
12481,2011-09-01,Germany,0.2946282678477607,22.615606936416185,Low,91.61849710982659,Protect High Value,79.54722222222222,5,2456.83,76.87152777777777,1228.415,361.92578364820696,VIP or loyalty service,12.0,28.954062691856556,16.954062691856556,Proactive loyalty or VIP service without aggressive discounting,0,0,
12483,2011-09-01,Sweden,0.4366512957595189,36.27167630057804,Low,59.39306358381503,Nurture / Monitor,83.48611111111111,4,651.05,42.96319444444445,325.525,142.14091305211738,Low-cost digital nurture,0.5,4.264227391563521,3.764227391563521,Low-cost nurture communication and continued monitoring,0,1,734.0
12484,2011-09-01,Spain,0.34918814300177403,26.806358381502893,Low,90.02890173410405,Protect High Value,3.436111111111111,2,2183.98,73.08472222222223,1091.99,381.30996027650724,VIP or loyalty service,12.0,30.50479682212058,18.50479682212058,Proactive loyalty or VIP service without aggressive discounting,0,0,
12490,2011-09-01,France,0.0969733696760569,8.164739884393063,Low,81.64739884393065,Protect High Value,0.47708333333333336,4,1472.55,114.11527777777778,736.275,71.39906775823879,VIP or loyalty service,12.0,5.711925420659103,-6.288074579340897,Proactive loyalty or VIP service without aggressive discounting,0,0,
12492,2011-09-01,Germany,0.7394398878050835,83.59826589595376,High,5.708092485549133,Reactivate Efficiently,5.38125,1,108.39000000000001,0.0,54.19500000000001,40.073944719596504,Automated targeted campaign,5.0,6.0110917079394754,1.0110917079394754,Automated re-engagement with targeted product recommendations,0,0,
12493,2011-09-01,France,0.4722597581605302,41.32947976878613,Low,42.08815028901734,Nurture / Monitor,65.57152777777777,2,379.74,31.808333333333334,189.87,89.66796028193987,Low-cost digital nurture,0.5,2.690038808458196,2.190038808458196,Low-cost nurture communication and continued monitoring,1,1,1207.0
12494,2011-09-01,France,0.3349779151198512,25.36127167630058,Low,51.15606936416185,Nurture / Monitor,61.488194444444446,2,502.31000000000006,34.93611111111111,251.15500000000003,84.13137827192624,Low-cost digital nurture,0.5,2.5239413481577873,2.0239413481577873,Low-cost nurture communication and continued monitoring,0,0,
12500,2011-09-01,Germany,0.18954182860155844,14.1257225433526,Low,62.644508670520224,Nurture / Monitor,6.465277777777778,3,733.08,160.12152777777777,366.54,69.47466185561524,Low-cost digital nurture,0.5,2.084239855668457,1.5842398556684572,Low-cost nurture communication and continued monitoring,0,0,
12502,2011-09-01,Spain,0.3586283811574403,27.709537572254334,Low,83.74277456647398,Protect High Value,27.586805555555557,3,1594.27,140.8513888888889,797.135,285.87523461393613,VIP or loyalty service,12.0,22.87001876911489,10.870018769114889,Proactive loyalty or VIP service without aggressive discounting,0,0,
12506,2011-09-01,France,0.6760941775794581,74.02456647398844,Medium,2.745664739884393,Nurture / Monitor,132.62916666666666,1,73.5,0.0,36.75,24.846461026045084,Low-cost digital nurture,0.5,0.7453938307813525,0.24539383078135246,Low-cost nurture communication and continued monitoring,1,0,
12507,2011-09-01,Spain,0.6249143159990327,65.71531791907515,Medium,60.8742774566474,Nurture / Monitor,34.28541666666667,2,690.65,21.284027777777776,345.325,215.79853617236594,Low-cost digital nurture,0.5,6.473956085170978,5.973956085170978,Low-cost nurture communication and continued monitoring,1,1,406.0
12510,2011-09-01,Spain,0.5745317897907697,56.86416184971098,Medium,21.965317919075144,Nurture / Monitor,42.572916666666664,1,217.52,0.0,108.76,62.486077457644114,Low-cost digital nurture,0.5,1.8745823237293233,1.3745823237293233,Low-cost nurture communication and continued monitoring,1,0,
12513,2011-09-01,France,0.5175749227600266,47.97687861271676,Low,54.263005780346816,Nurture / Monitor,12.547916666666667,1,558.29,0.0,279.145,144.4784518138476,Low-cost digital nurture,0.5,4.334353554415428,3.8343535544154284,Low-cost nurture communication and continued monitoring,1,1,711.0
12514,2011-09-01,Italy,0.8797859094661196,97.97687861271676,Critical,72.86849710982659,Reactivate Efficiently,167.30694444444444,1,1017.68,0.0,508.84,447.67026217274025,Automated targeted campaign,5.0,67.15053932591104,62.15053932591104,Automated re-engagement with targeted product recommendations,1,1,25.0
12516,2011-09-01,Germany,0.6152808751310141,64.0534682080925,Medium,52.49277456647399,Nurture / Monitor,80.51597222222222,1,529.2,0.0,264.6,162.80331955966636,Low-cost digital nurture,0.5,4.884099586789991,4.384099586789991,Low-cost nurture communication and continued monitoring,0,1,602.0
12517,2011-09-01,Germany,0.42583828356952647,34.57369942196532,Low,81.0693641618497,Protect High Value,26.37361111111111,2,1431.45,63.99236111111111,715.725,304.78310550779935,VIP or loyalty service,12.0,24.38264844062395,12.38264844062395,Proactive loyalty or VIP service without aggressive discounting,0,0,
12518,2011-09-01,Germany,0.6092425842090267,63.11416184971098,Medium,29.371387283236995,Nurture / Monitor,10.445833333333333,1,288.83,0.0,144.415,87.98376779854658,Low-cost digital nurture,0.5,2.6395130339563972,2.1395130339563972,Low-cost nurture communication and continued monitoring,0,1,1232.0
12520,2011-09-01,Germany,0.20903403586354385,15.895953757225435,Low,86.63294797687861,Protect High Value,42.390277777777776,4,1829.85,131.12708333333333,914.925,191.25046526245285,VIP or loyalty service,12.0,15.300037220996229,3.300037220996229,Proactive loyalty or VIP service without aggressive discounting,0,0,
12521,2011-09-01,Germany,0.6219905559631413,65.17341040462428,Medium,53.72109826589595,Nurture / Monitor,42.547916666666666,1,545.68,0.0,272.84,169.70390328898347,Low-cost digital nurture,0.5,5.091117098669504,4.591117098669504,Low-cost nurture communication and continued monitoring,1,1,565.0
12523,2011-09-01,France,0.07721601897487779,6.75578034682081,Low,61.34393063583815,Nurture / Monitor,7.574305555555555,5,699.4,160.7888888888889,349.7,27.002441835514762,Low-cost digital nurture,0.5,0.8100732550654428,0.3100732550654428,Low-cost nurture communication and continued monitoring,0,0,
12524,2011-09-01,Germany,0.293041097690883,22.398843930635838,Low,83.59826589595376,Protect High Value,62.354166666666664,3,1586.31,60.09166666666667,793.155,232.4270118390123,VIP or loyalty service,12.0,18.594160947120983,6.594160947120983,Proactive loyalty or VIP service without aggressive discounting,0,0,
12528,2011-09-01,Germany,0.28991775695649447,22.0014450867052,Low,59.35693641618497,Nurture / Monitor,14.479166666666666,3,649.84,162.03055555555557,324.92,94.20007759030419,Low-cost digital nurture,0.5,2.8260023277091255,2.3260023277091255,Low-cost nurture communication and continued monitoring,0,1,1171.0
12530,2011-09-01,Germany,0.3610916387850057,28.034682080924856,Low,64.08959537572254,Nurture / Monitor,23.542361111111113,2,762.25,110.06111111111112,381.125,137.6210508319353,Low-cost digital nurture,0.5,4.128631524958059,3.6286315249580587,Low-cost nurture communication and continued monitoring,0,1,767.0
12534,2011-09-01,Germany,0.5550982305763409,53.50433526011561,Medium,71.7485549132948,Nurture / Monitor,30.565277777777776,1,981.18,0.0,490.59,272.32564093844707,Low-cost digital nurture,0.5,8.169769228153411,7.669769228153411,Low-cost nurture communication and continued monitoring,1,1,310.0
12535,2011-09-01,France,0.6326869248978761,67.16040462427746,Medium,41.365606936416185,Nurture / Monitor,86.46736111111112,1,371.45,0.0,185.725,117.50577912665804,Low-cost digital nurture,0.5,3.525173373799741,3.025173373799741,Low-cost nurture communication and continued monitoring,0,1,916.0
12539,2011-09-01,Spain,0.5695044155907791,56.17774566473989,Medium,74.42196531791907,Nurture / Monitor,162.33333333333334,1,1085.99,0.0,542.995,309.2380501437151,Low-cost digital nurture,0.5,9.277141504311453,8.777141504311453,Low-cost nurture communication and continued monitoring,0,1,278.0
12540,2011-09-01,Spain,0.048119043469178294,4.2991329479768785,Low,97.47109826589595,Protect High Value,7.660416666666666,7,5489.7,152.62430555555557,2744.85,132.07955646637404,VIP or loyalty service,12.0,10.566364517309923,-1.433635482690077,Proactive loyalty or VIP service without aggressive discounting,0,0,
12541,2011-09-01,Spain,0.632884019334249,67.26878612716763,Medium,18.75,Nurture / Monitor,73.33402777777778,1,195.74,0.0,97.87,61.94035897224295,Low-cost digital nurture,0.5,1.8582107691672884,1.3582107691672884,Low-cost nurture communication and continued monitoring,0,0,
12545,2011-09-01,Spain,0.7789442413612206,89.30635838150289,High,53.612716763005785,Reactivate Efficiently,159.49722222222223,1,544.15,0.0,272.075,211.9312544683541,Automated targeted campaign,5.0,31.789688170253115,26.789688170253115,Automated re-engagement with targeted product recommendations,0,1,115.0
12547,2011-09-01,Spain,0.7457574653943544,84.71820809248555,High,0.4335260115606936,Reactivate Efficiently,97.47361111111111,1,20.4,0.0,10.2,7.606726147022414,Automated targeted campaign,5.0,1.1410089220533621,-3.858991077946638,Automated re-engagement with targeted product recommendations,1,0,
12548,2011-09-01,Spain,0.7536930269182152,85.83815028901735,High,2.384393063583815,Reactivate Efficiently,66.35069444444444,1,67.19999999999999,0.0,33.599999999999994,25.324085704452024,Automated targeted campaign,5.0,3.7986128556678036,-1.2013871443321964,Automated re-engagement with targeted product recommendations,1,0,
12553,2011-09-01,France,0.1016647158892598,8.598265895953757,Low,77.67341040462428,Nurture / Monitor,10.3875,4,1233.73,149.1826388888889,616.865,62.71340496702825,Low-cost digital nurture,0.5,1.8814021490108472,1.3814021490108472,Low-cost nurture communication and continued monitoring,0,0,
12556,2011-09-01,Spain,0.6786614762848027,74.53034682080924,Medium,33.09248554913295,Nurture / Monitor,51.43402777777778,1,308.75,0.0,154.375,104.76836540146641,Low-cost digital nurture,0.5,3.143050962043992,2.643050962043992,Low-cost nurture communication and continued monitoring,0,1,1055.0
12557,2011-09-01,Spain,0.31850945077276877,24.241329479768787,Low,96.92919075144508,Protect High Value,58.44513888888889,2,4963.84,97.85972222222222,2481.92,790.5149760619503,VIP or loyalty service,12.0,63.241198084956025,51.241198084956025,Proactive loyalty or VIP service without aggressive discounting,0,1,39.0
12560,2011-09-01,Germany,0.5164516457905914,47.687861271676304,Low,78.57658959537572,Nurture / Monitor,43.33680555555556,1,1292.31,0.0,646.155,333.7078131858196,Low-cost digital nurture,0.5,10.011234395574588,9.511234395574588,Low-cost nurture communication and continued monitoring,1,1,265.0
12562,2011-09-01,France,0.3414314628205567,25.97543352601156,Low,81.32225433526011,Protect High Value,26.63888888888889,3,1443.23,71.83055555555555,721.615,246.38206504325603,VIP or loyalty service,12.0,19.710565203460483,7.710565203460483,Proactive loyalty or VIP service without aggressive discounting,0,0,
12564,2011-09-01,France,0.7010282830873845,78.10693641618496,Medium,43.93063583815029,Nurture / Monitor,161.37847222222223,1,402.9,0.0,201.45,141.2221476279536,Low-cost digital nurture,0.5,4.236664428838608,3.7366644288386084,Low-cost nurture communication and continued monitoring,1,1,742.0
12567,2011-09-01,France,0.13361031724049846,10.476878612716762,Low,95.01445086705202,Protect High Value,8.400694444444444,5,3473.05,93.05694444444444,1736.525,232.0176561460566,VIP or loyalty service,12.0,18.56141249168453,6.5614124916845284,Proactive loyalty or VIP service without aggressive discounting,0,0,
12569,2011-09-01,Germany,0.04370772117865039,3.8656069364161847,Low,80.70809248554913,Protect High Value,7.420138888888889,12,1415.02,145.00555555555556,707.51,30.923649811106937,VIP or loyalty service,12.0,2.473891984888555,-9.526108015111445,Proactive loyalty or VIP service without aggressive discounting,0,0,
12571,2011-09-01,France,0.5661989019086817,55.599710982658955,Medium,25.289017341040466,Nurture / Monitor,21.475694444444443,1,248.35,0.0,124.175,70.30774864451055,Low-cost digital nurture,0.5,2.1092324593353164,1.6092324593353164,Low-cost nurture communication and continued monitoring,0,0,
12573,2011-09-01,France,0.516462717158321,47.72398843930636,Low,14.16184971098266,Nurture / Monitor,127.33888888888889,1,160.54000000000002,0.0,80.27000000000001,41.456462306298434,Low-cost digital nurture,0.5,1.243693869188953,0.743693869188953,Low-cost nurture communication and continued monitoring,1,0,
12576,2011-09-01,Poland,0.08101744985156163,6.9002890173410405,Low,43.42485549132948,Nurture / Monitor,49.581944444444446,2,394.0,68.7875,197.0,15.960437620757641,Low-cost digital nurture,0.5,0.47881312862272923,-0.021186871377270766,Low-cost nurture communication and continued monitoring,0,0,
12580,2011-09-01,Germany,0.8208013727345871,94.97832369942196,Critical,42.052023121387286,Reactivate Efficiently,146.56666666666666,1,379.7,0.0,189.85,155.82914061366137,Automated targeted campaign,5.0,23.374371092049206,18.374371092049206,Automated re-engagement with targeted product recommendations,1,1,152.0
12582,2011-09-01,Finland,0.4581693804932973,38.83670520231214,Low,17.77456647398844,Nurture / Monitor,138.63541666666666,1,186.2,0.0,93.1,42.655569323925974,Low-cost digital nurture,0.5,1.2796670797177792,0.7796670797177792,Low-cost nurture communication and continued monitoring,1,0,
12583,2011-09-01,France,0.04033983612501589,3.504335260115607,Low,89.8121387283237,Protect High Value,6.481944444444444,6,2144.63,167.01805555555555,1072.315,43.25701137439642,VIP or loyalty service,12.0,3.4605609099517136,-8.539439090048287,Proactive loyalty or VIP service without aggressive discounting,0,0,
12584,2011-09-01,Italy,0.3787763976538422,30.093930635838152,Low,34.82658959537572,Nurture / Monitor,27.286805555555556,3,318.96000000000004,58.171527777777776,159.48000000000002,60.40725989783476,Low-cost digital nurture,0.5,1.8122177969350428,1.3122177969350428,Low-cost nurture communication and continued monitoring,0,0,
12585,2011-09-01,Germany,0.5755462393070384,57.04479768786127,Medium,60.15173410404624,Nurture / Monitor,134.43125,1,669.25,0.0,334.625,192.59216032811773,Low-cost digital nurture,0.5,5.777764809843531,5.277764809843531,Low-cost nurture communication and continued monitoring,1,1,470.0
12589,2011-09-01,France,0.5198489351625861,48.33815028901734,Low,6.954479768786127,Nurture / Monitor,44.49652777777778,1,113.5,0.0,56.75,29.501427070476762,Low-cost digital nurture,0.5,0.8850428121143028,0.3850428121143028,Low-cost nurture communication and continued monitoring,0,0,
12590,2011-09-01,Germany,0.4356235502386205,36.127167630057805,Low,98.55491329479769,Protect High Value,111.38472222222222,1,9341.26,0.0,4670.63,2034.636422451008,VIP or loyalty service,12.0,162.77091379608063,150.77091379608063,Proactive loyalty or VIP service without aggressive discounting,1,1,4.0
12592,2011-09-01,Germany,0.7415875746067635,83.88728323699422,High,21.315028901734102,Reactivate Efficiently,113.42777777777778,1,213.8,0.0,106.9,79.27571172546303,Automated targeted campaign,5.0,11.891356758819454,6.8913567588194535,Automated re-engagement with targeted product recommendations,0,0,
12593,2011-09-01,France,0.3245578332407227,24.747109826589593,Low,42.19653179190752,Nurture / Monitor,8.470138888888888,3,382.1,110.13472222222222,191.05,62.006774040640074,Low-cost digital nurture,0.5,1.8602032212192021,1.3602032212192021,Low-cost nurture communication and continued monitoring,1,0,
12594,2011-09-01,Italy,0.20221336257120404,15.31791907514451,Low,87.21098265895954,Protect High Value,21.398611111111112,5,1886.9,135.07708333333332,943.45,190.77819691780246,VIP or loyalty service,12.0,15.262255753424197,3.2622557534241974,Proactive loyalty or VIP service without aggressive discounting,0,0,
12596,2011-09-01,Spain,0.7911998894991612,91.29335260115607,Critical,21.459537572254337,Reactivate Efficiently,142.44305555555556,1,213.95,0.0,106.975,84.63860817917276,Automated targeted campaign,5.0,12.695791226875913,7.695791226875913,Automated re-engagement with targeted product recommendations,0,0,
12597,2011-09-01,Spain,0.5639648164494813,55.41907514450867,Medium,75.61416184971098,Nurture / Monitor,83.33055555555555,2,1120.81,85.08611111111111,560.405,316.0487029623715,Low-cost digital nurture,0.5,9.481461088871145,8.981461088871145,Low-cost nurture communication and continued monitoring,0,1,275.0
12598,2011-09-01,France,0.3681955432415572,28.901734104046245,Low,65.71531791907515,Nurture / Monitor,61.511805555555554,2,809.52,59.12708333333333,404.76,149.03082808245267,Low-cost digital nurture,0.5,4.47092484247358,3.97092484247358,Low-cost nurture communication and continued monitoring,0,1,679.0
12599,2011-09-01,France,0.17025130240294395,12.933526011560694,Low,49.24132947976879,Nurture / Monitor,26.47361111111111,4,472.58000000000004,81.95347222222222,236.29000000000002,40.228680244791626,Low-cost digital nurture,0.5,1.2068604073437488,0.7068604073437488,Low-cost nurture communication and continued monitoring,0,0,
12600,2011-09-01,Germany,0.10616291799991287,8.88728323699422,Low,75.10838150289018,Nurture / Monitor,12.525694444444444,5,1107.8200000000002,151.82083333333333,553.9100000000001,58.80470190933175,Low-cost digital nurture,0.5,1.7641410572799523,1.2641410572799523,Low-cost nurture communication and continued monitoring,0,0,
12601,2011-09-01,Germany,0.36410706598964837,28.35982658959538,Low,27.059248554913296,Nurture / Monitor,89.57152777777777,3,265.7,63.985416666666666,132.85,48.371623716724784,Low-cost digital nurture,0.5,1.4511487115017434,0.9511487115017434,Low-cost nurture communication and continued monitoring,1,0,
12604,2011-09-01,France,0.7211733641531434,81.03323699421965,High,14.1257225433526,Reactivate Efficiently,161.49583333333334,1,160.5,0.0,80.25,57.87416247328976,Automated targeted campaign,5.0,8.681124370993464,3.681124370993464,Automated re-engagement with targeted product recommendations,0,0,
12609,2011-09-01,Germany,0.3675777405117866,28.79335260115607,Low,46.134393063583815,Nurture / Monitor,86.35347222222222,1,422.8,0.0,211.4,77.70593434419169,Low-cost digital nurture,0.5,2.3311780303257508,1.8311780303257508,Low-cost nurture communication and continued monitoring,0,0,
12610,2011-09-01,Italy,0.37363575376750013,29.58815028901734,Low,74.92774566473989,Nurture / Monitor,6.460416666666666,2,1104.25,19.961805555555557,552.125,206.293640548881,Low-cost digital nurture,0.5,6.18880921646643,5.68880921646643,Low-cost nurture communication and continued monitoring,0,1,438.0
12613,2011-09-01,Germany,0.41494589329028336,33.309248554913296,Low,79.33526011560693,Nurture / Monitor,97.6125,3,1336.52,64.73333333333333,668.26,277.29174265016474,Low-cost digital nurture,0.5,8.318752279504942,7.818752279504942,Low-cost nurture communication and continued monitoring,0,1,302.0
12614,2011-09-01,Germany,0.7669285125141025,87.7528901734104,High,34.53757225433526,Reactivate Efficiently,177.56805555555556,1,315.6,0.0,157.8,121.02131927472539,Automated targeted campaign,5.0,18.15319789120881,13.153197891208809,Automated re-engagement with targeted product recommendations,1,1,219.0
12615,2011-09-01,France,0.4127515567526005,32.98410404624278,Low,55.3106936416185,Nurture / Monitor,68.43402777777777,1,580.74,0.0,290.37,119.8506695342526,Low-cost digital nurture,0.5,3.595520086027578,3.095520086027578,Low-cost nurture communication and continued monitoring,0,1,891.0
12619,2011-09-01,Germany,0.37850031261912365,30.057803468208093,Low,82.76734104046243,Protect High Value,16.443055555555556,4,1535.78,137.00833333333333,767.89,290.64660505709884,VIP or loyalty service,12.0,23.251728404567906,11.251728404567906,Proactive loyalty or VIP service without aggressive discounting,0,0,
12620,2011-09-01,France,0.6234431784878111,65.35404624277457,Medium,54.44364161849711,Nurture / Monitor,104.49305555555556,1,561.66,0.0,280.83,175.08154781473198,Low-cost digital nurture,0.5,5.252446434441959,4.752446434441959,Low-cost nurture communication and continued monitoring,0,1,543.0
12621,2011-09-01,Germany,0.024194025441053837,2.781791907514451,Low,98.01300578034682,Protect High Value,0.3541666666666667,11,6592.15,159.02777777777777,3296.075,79.74532240562152,VIP or loyalty service,12.0,6.379625792449722,-5.620374207550278,Proactive loyalty or VIP service without aggressive discounting,0,0,
12622,2011-09-01,Germany,0.7459827676928596,84.75433526011561,High,14.450867052023122,Reactivate Efficiently,132.30625,1,162.1,0.0,81.05,60.46190332150627,Automated targeted campaign,5.0,9.06928549822594,4.069285498225939,Automated re-engagement with targeted product recommendations,1,0,
12623,2011-09-01,Germany,0.526468305935441,49.3135838150289,Low,27.492774566473987,Nurture / Monitor,176.42361111111111,1,269.1,0.0,134.55,70.8363105636136,Low-cost digital nurture,0.5,2.125089316908408,1.625089316908408,Low-cost nurture communication and continued monitoring,1,0,
12624,2011-09-01,France,0.39778591255467155,31.68352601156069,Low,54.8771676300578,Nurture / Monitor,6.372222222222222,2,569.13,71.10416666666667,284.565,113.19594820612011,Low-cost digital nurture,0.5,3.395878446183603,2.895878446183603,Low-cost nurture communication and continued monitoring,1,1,956.0
12625,2011-09-01,Germany,0.4496626254882036,37.82514450867052,Low,66.25722543352602,Nurture / Monitor,111.5875,1,823.2,0.0,411.6,185.08113665094461,Low-cost digital nurture,0.5,5.552434099528338,5.052434099528338,Low-cost nurture communication and continued monitoring,1,1,497.0
12626,2011-09-01,Germany,0.18543445278484338,13.908959537572255,Low,94.14739884393065,Protect High Value,12.509722222222223,4,3193.8999999999996,49.740972222222226,1596.9499999999998,296.1295493747556,VIP or loyalty service,12.0,23.690363949980448,11.690363949980448,Proactive loyalty or VIP service without aggressive discounting,0,0,
12627,2011-09-01,Germany,0.20334120862923558,15.462427745664739,Low,85.51300578034682,Protect High Value,9.336805555555555,3,1728.57,31.080555555555556,864.285,175.74475650011885,VIP or loyalty service,12.0,14.059580520009508,2.059580520009508,Proactive loyalty or VIP service without aggressive discounting,0,0,
12633,2011-09-01,Germany,0.3494865958493181,26.84248554913295,Low,66.29335260115607,Nurture / Monitor,29.600694444444443,2,827.9300000000001,66.9625,413.96500000000003,144.675218650763,Low-cost digital nurture,0.5,4.3402565595228895,3.8402565595228895,Low-cost nurture communication and continued monitoring,0,1,710.0
12635,2011-09-01,Germany,0.569748340452352,56.21387283236994,Medium,58.27312138728323,Nurture / Monitor,54.636805555555554,1,629.64,0.0,314.82,179.36817254120945,Low-cost digital nurture,0.5,5.381045176236283,4.881045176236283,Low-cost nurture communication and continued monitoring,0,1,523.0
12637,2011-09-01,France,0.21136805138118517,16.11271676300578,Low,81.82803468208093,Protect High Value,57.36527777777778,4,1478.82,106.10555555555555,739.41,156.2876508717621,VIP or loyalty service,12.0,12.503012069740969,0.5030120697409686,Proactive loyalty or VIP service without aggressive discounting,0,0,
12639,2011-09-01,Sweden,0.70728068210364,79.1907514450867,Medium,40.85982658959538,Nurture / Monitor,138.46666666666667,1,366.1,0.0,183.05,129.46772885907131,Low-cost digital nurture,0.5,3.884031865772139,3.384031865772139,Low-cost nurture communication and continued monitoring,1,1,825.0
12641,2011-09-01,Sweden,0.7621177959056675,87.06647398843931,High,11.867774566473988,Reactivate Efficiently,15.440277777777778,1,145.9,0.0,72.95,55.596493211318446,Automated targeted campaign,5.0,8.339473981697767,3.3394739816977665,Automated re-engagement with targeted product recommendations,1,0,
12642,2011-09-01,Germany,0.5976976564602255,60.802023121387286,Medium,36.77745664739884,Nurture / Monitor,7.6090277777777775,1,330.45,0.0,165.225,98.75459528864076,Low-cost digital nurture,0.5,2.962637858659223,2.462637858659223,Low-cost nurture communication and continued monitoring,0,1,1115.0
12643,2011-09-01,France,0.15270062114885782,11.921965317919076,Low,90.3179190751445,Protect High Value,28.461111111111112,5,2206.44,92.0375,1103.22,168.46237926384293,VIP or loyalty service,12.0,13.476990341107435,1.4769903411074345,Proactive loyalty or VIP service without aggressive discounting,1,0,
12644,2011-09-01,Germany,0.6338994614836021,67.55780346820809,Medium,49.566473988439306,Nurture / Monitor,29.560416666666665,1,477.91,0.0,238.955,151.47344581881416,Low-cost digital nurture,0.5,4.544203374564424,4.044203374564424,Low-cost nurture communication and continued monitoring,1,1,662.0
12645,2011-09-01,Germany,0.40634204576873534,32.26156069364162,Low,67.99132947976878,Nurture / Monitor,9.472222222222221,2,869.5600000000001,110.0201388888889,434.78000000000003,176.66939465933075,Low-cost digital nurture,0.5,5.3000818397799225,4.8000818397799225,Low-cost nurture communication and continued monitoring,0,1,538.0
12647,2011-09-01,Germany,0.052310025286419315,4.660404624277457,Low,81.7557803468208,Protect High Value,26.424305555555556,5,1477.1100000000001,140.15277777777777,738.5550000000001,38.63383072541142,VIP or loyalty service,12.0,3.0907064580329138,-8.909293541967086,Proactive loyalty or VIP service without aggressive discounting,0,0,
12648,2011-09-01,Germany,0.644072665965392,68.82225433526011,Medium,30.78034682080925,Nurture / Monitor,54.50347222222222,1,300.05,0.0,150.025,96.62700171145795,Low-cost digital nurture,0.5,2.8988100513437383,2.3988100513437383,Low-cost nurture communication and continued monitoring,1,1,1135.0
12649,2011-09-01,Germany,0.49965405417014364,45.41184971098266,Low,54.91329479768786,Nurture / Monitor,7.388194444444444,3,569.51,105.00277777777778,284.755,142.27899019521925,Low-cost digital nurture,0.5,4.2683697058565775,3.7683697058565775,Low-cost nurture communication and continued monitoring,1,1,733.0
12653,2011-09-01,Israel,0.682577335878853,75.03612716763006,Medium,81.03323699421965,Protect High Value,48.55486111111111,1,1430.75,0.0,715.375,488.2987616543345,VIP or loyalty service,12.0,39.06390093234676,27.063900932346762,Proactive loyalty or VIP service without aggressive discounting,1,0,
12654,2011-09-01,Germany,0.523141492619334,48.880057803468205,Low,13.005780346820808,Nurture / Monitor,97.55347222222223,2,153.14999999999998,0.001388888888888889,76.57499999999999,40.05955979732549,Low-cost digital nurture,0.5,1.2017867939197646,0.7017867939197646,Low-cost nurture communication and continued monitoring,0,0,
12656,2011-09-01,France,0.293214370571985,22.434971098265898,Low,91.871387283237,Protect High Value,16.463194444444444,3,2514.67,117.14791666666666,1257.335,368.6686906231268,VIP or loyalty service,12.0,29.493495249850145,17.493495249850145,Proactive loyalty or VIP service without aggressive discounting,0,0,
12662,2011-09-01,Germany,0.07360227814181595,6.358381502890173,Low,87.3193641618497,Protect High Value,7.429166666666666,5,1893.48,169.03472222222223,946.74,69.68222080798284,VIP or loyalty service,12.0,5.574577664638627,-6.425422335361373,Proactive loyalty or VIP service without aggressive discounting,0,0,
12664,2011-09-01,Finland,0.4615594362348826,39.52312138728324,Low,76.77023121387283,Nurture / Monitor,43.47013888888889,2,1175.9,88.92361111111111,587.95,271.3738705342993,Low-cost digital nurture,0.5,8.141216116028978,7.641216116028978,Low-cost nurture communication and continued monitoring,0,1,312.0
12668,2011-09-01,Germany,0.3910224882627857,31.141618497109825,Low,76.3728323699422,Nurture / Monitor,159.3798611111111,1,1156.8,0.0,578.4,226.16740721119524,Low-cost digital nurture,0.5,6.785022216335857,6.285022216335857,Low-cost nurture communication and continued monitoring,0,1,377.0
12669,2011-09-01,France,0.4289239303797115,35.26011560693642,Low,80.96098265895954,Protect High Value,50.5875,2,1427.73,105.98541666666667,713.865,306.1937815605128,VIP or loyalty service,12.0,24.495502524841022,12.495502524841022,Proactive loyalty or VIP service without aggressive discounting,1,0,
12670,2011-09-01,France,0.5795984334618105,57.73121387283236,Medium,70.73699421965318,Nurture / Monitor,99.60763888888889,2,936.3899999999999,32.96458333333333,468.19499999999994,271.36508855465235,Low-cost digital nurture,0.5,8.14095265663957,7.64095265663957,Low-cost nurture communication and continued monitoring,0,1,313.0
12674,2011-09-01,France,0.3897217119483267,30.997109826589597,Low,69.4364161849711,Nurture / Monitor,70.59513888888888,2,904.8,37.02291666666667,452.4,176.310102485423,Low-cost digital nurture,0.5,5.28930307456269,4.78930307456269,Low-cost nurture communication and continued monitoring,0,1,540.0
12676,2011-09-01,Sweden,0.3827089994387704,30.41907514450867,Low,41.040462427745666,Nurture / Monitor,23.582638888888887,3,368.55,136.93125,184.275,70.52370087157942,Low-cost digital nurture,0.5,2.1157110261473826,1.6157110261473826,Low-cost nurture communication and continued monitoring,0,0,
12678,2011-09-01,France,0.043836677663219206,3.9378612716763004,Low,98.121387283237,Protect High Value,0.5263888888888889,4,7085.55,152.90416666666667,3542.775,155.30348570831143,VIP or loyalty service,12.0,12.424278856664914,0.4242788566649143,Proactive loyalty or VIP service without aggressive discounting,0,0,
12679,2011-09-01,France,0.5363305751609824,50.9393063583815,Medium,2.9624277456647397,Nurture / Monitor,105.4875,1,76.32000000000001,0.0,38.160000000000004,20.46637474814309,Low-cost digital nurture,0.5,0.6139912424442926,0.1139912424442926,Low-cost nurture communication and continued monitoring,0,0,
12680,2011-09-01,France,0.5480381528201318,52.34826589595376,Medium,28.10693641618497,Nurture / Monitor,13.344444444444445,1,275.78,0.0,137.89,75.56898089236796,Low-cost digital nurture,0.5,2.2670694267710387,1.7670694267710387,Low-cost nurture communication and continued monitoring,0,0,
12681,2011-09-01,France,0.024054428730434754,2.745664739884393,Low,96.09826589595376,Protect High Value,51.514583333333334,9,4316.05,119.8638888888889,2158.025,51.91005856099646,VIP or loyalty service,12.0,4.152804684879717,-7.847195315120283,Proactive loyalty or VIP service without aggressive discounting,0,0,
12682,2011-09-01,France,0.005634993157630644,1.2283236994219653,Low,96.71242774566474,Protect High Value,0.4875,15,4749.78,170.02777777777777,2374.89,13.38248890012544,VIP or loyalty service,12.0,1.070599112010035,-10.929400887989965,Proactive loyalty or VIP service without aggressive discounting,0,0,
12683,2011-09-01,France,0.0828790849838392,7.117052023121387,Low,95.33959537572254,Protect High Value,5.344444444444444,7,3674.46,156.09097222222223,1837.23,152.26794130485888,VIP or loyalty service,12.0,12.18143530438871,0.18143530438871025,Proactive loyalty or VIP service without aggressive discounting,0,0,
12684,2011-09-01,France,0.35014510789343556,26.95086705202312,Low,77.85404624277457,Nurture / Monitor,70.52777777777777,3,1241.48,42.93402777777778,620.74,217.34907427377118,Low-cost digital nurture,0.5,6.520472228213135,6.020472228213135,Low-cost nurture communication and continued monitoring,0,1,402.0
12688,2011-09-01,Israel,0.40931279963624934,32.51445086705203,Low,96.82080924855492,Protect High Value,13.63263888888889,1,4873.8099999999995,0.0,2436.9049999999997,997.456407997574,VIP or loyalty service,12.0,79.79651263980593,67.79651263980593,Proactive loyalty or VIP service without aggressive discounting,1,1,21.0
12689,2011-09-01,France,0.5366081105301678,50.97543352601156,Medium,49.421965317919074,Nurture / Monitor,27.580555555555556,1,475.03,0.0,237.515,127.45247537257279,Low-cost digital nurture,0.5,3.8235742611771837,3.3235742611771837,Low-cost nurture communication and continued monitoring,0,1,839.0
12690,2011-09-01,France,0.6585541555677747,70.98988439306359,Medium,37.463872832369944,Nurture / Monitor,105.61875,1,335.01,0.0,167.505,110.3111138283801,Low-cost digital nurture,0.5,3.309333414851403,2.809333414851403,Low-cost nurture communication and continued monitoring,1,1,992.0
12691,2011-09-01,France,0.44508993307250233,37.17485549132948,Low,9.55563583815029,Nurture / Monitor,45.37777777777778,1,132.1,0.0,66.05,29.398190079438777,Low-cost digital nurture,0.5,0.8819457023831633,0.3819457023831633,Low-cost nurture communication and continued monitoring,0,0,
12693,2011-09-01,Germany,0.2378953532495356,18.063583815028903,Low,55.49132947976878,Nurture / Monitor,27.25625,3,585.86,137.1611111111111,292.93,69.68668582738646,Low-cost digital nurture,0.5,2.0906005748215937,1.5906005748215937,Low-cost nurture communication and continued monitoring,1,0,
12694,2011-09-01,France,0.6435914759776862,68.78612716763006,Medium,42.55780346820809,Nurture / Monitor,83.25833333333334,1,385.5,0.0,192.75,124.05225699469901,Low-cost digital nurture,0.5,3.7215677098409703,3.2215677098409703,Low-cost nurture communication and continued monitoring,0,1,863.0
12695,2011-09-01,France,0.4767529991795565,41.835260115606935,Low,37.283236994219656,Nurture / Monitor,7.459722222222222,2,333.9,102.98819444444445,166.95,79.59391321302695,Low-cost digital nurture,0.5,2.3878173963908083,1.8878173963908083,Low-cost nurture communication and continued monitoring,0,0,
12697,2011-09-01,Sweden,0.55967032558657,54.47976878612717,Medium,55.09393063583815,Nurture / Monitor,31.40486111111111,2,573.91,37.93958333333333,286.955,160.6001982786942,Low-cost digital nurture,0.5,4.818005948360826,4.318005948360826,Low-cost nurture communication and continued monitoring,0,1,616.0
12700,2011-09-01,France,0.36274270149317067,28.215317919075144,Low,87.82514450867052,Protect High Value,56.44861111111111,2,1951.05,58.87777777777778,975.525,353.8645738741253,VIP or loyalty service,12.0,28.309165909930027,16.309165909930027,Proactive loyalty or VIP service without aggressive discounting,0,0,
12701,2011-09-01,Germany,0.6719569766431199,73.51878612716763,Medium,31.213872832369944,Nurture / Monitor,142.45694444444445,1,301.08,0.0,150.54,101.15640326385527,Low-cost digital nurture,0.5,3.034692097915658,2.534692097915658,Low-cost nurture communication and continued monitoring,0,1,1084.0
12704,2011-09-01,Finland,0.18999647391805674,14.197976878612717,Low,69.29190751445087,Nurture / Monitor,5.625694444444444,3,900.9200000000001,63.94375,450.46000000000004,85.58581164112785,Low-cost digital nurture,0.5,2.567574349233835,2.067574349233835,Low-cost nurture communication and continued monitoring,0,0,
12705,2011-09-01,Germany,0.17610826104877092,13.403179190751446,Low,94.40028901734104,Protect High Value,58.391666666666666,3,3232.52,87.19583333333334,1616.26,284.6367380026865,VIP or loyalty service,12.0,22.770939040214923,10.770939040214923,Proactive loyalty or VIP service without aggressive discounting,0,0,
12708,2011-09-01,Germany,0.07470283501257008,6.575144508670521,Low,80.49132947976878,Protect High Value,1.65625,5,1406.71,175.93472222222223,703.355,52.54261252026623,VIP or loyalty service,12.0,4.203409001621298,-7.796590998378702,Proactive loyalty or VIP service without aggressive discounting,0,0,
12709,2011-09-01,Germany,0.023648061428044213,2.6734104046242777,Low,93.89450867052022,Protect High Value,35.458333333333336,6,3130.02,119.00416666666666,1565.01,37.00945261550347,VIP or loyalty service,12.0,2.9607562092402775,-9.039243790759723,Proactive loyalty or VIP service without aggressive discounting,0,0,
12710,2011-09-01,Germany,0.4273763630753751,34.86271676300578,Low,61.38005780346821,Nurture / Monitor,61.44305555555555,2,700.36,39.97013888888889,350.18,149.65865482173484,Low-cost digital nurture,0.5,4.489759644652045,3.989759644652045,Low-cost nurture communication and continued monitoring,0,1,674.0
12712,2011-09-01,Germany,0.05710532637680044,5.09393063583815,Low,92.1965317919075,Protect High Value,6.6125,7,2589.65,171.00555555555556,1294.825,73.94140422584064,VIP or loyalty service,12.0,5.915312338067252,-6.084687661932748,Proactive loyalty or VIP service without aggressive discounting,0,0,
12714,2011-09-01,France,0.141981341631953,11.235549132947977,Low,90.10115606936417,Protect High Value,6.586805555555555,3,2187.4,100.01875,1093.7,155.284993342867,VIP or loyalty service,12.0,12.42279946742936,0.4227994674293605,Proactive loyalty or VIP service without aggressive discounting,1,0,
12715,2011-09-01,Sweden,0.7363405605476905,83.128612716763,High,26.806358381502893,Reactivate Efficiently,6.3597222222222225,1,263.36,0.0,131.68,96.96132501291989,Automated targeted campaign,5.0,14.544198751937982,9.544198751937982,Automated re-engagement with targeted product recommendations,1,0,
12716,2011-09-01,France,0.5356634661665866,50.79479768786127,Medium,57.91184971098266,Nurture / Monitor,33.43888888888889,1,623.9,0.0,311.95,167.10021827066666,Low-cost digital nurture,0.5,5.01300654812,4.51300654812,Low-cost nurture communication and continued monitoring,1,1,580.0
12717,2011-09-01,Greece,0.8129756220900586,93.9306358381503,Critical,66.40173410404624,Reactivate Efficiently,51.384027777777774,2,830.98,94.17708333333333,415.49,337.78324122219846,Automated targeted campaign,5.0,50.667486183329764,45.667486183329764,Automated re-engagement with targeted product recommendations,1,1,49.0
12720,2011-09-01,Germany,0.050131070629392205,4.479768786127168,Low,88.4393063583815,Protect High Value,24.500694444444445,11,2029.17,137.86527777777778,1014.585,50.862232294521895,VIP or loyalty service,12.0,4.068978583561751,-7.931021416438249,Proactive loyalty or VIP service without aggressive discounting,0,0,
12721,2011-09-01,France,0.28171216578348846,21.38728323699422,Low,66.4378612716763,Nurture / Monitor,83.25486111111111,2,831.29,63.19861111111111,415.645,117.09225314707805,Low-cost digital nurture,0.5,3.5127675944123413,3.0127675944123413,Low-cost nurture communication and continued monitoring,0,1,919.0
12722,2011-09-01,France,0.19594341261915987,14.920520231213874,Low,70.33959537572254,Nurture / Monitor,14.631944444444445,3,929.6500000000001,35.87152777777778,464.82500000000005,91.079396770701,Low-cost digital nurture,0.5,2.7323819031210297,2.2323819031210297,Low-cost nurture communication and continued monitoring,0,1,1192.0
12724,2011-09-01,France,0.41209176608608644,32.91184971098266,Low,5.527456647398844,Nurture / Monitor,73.43263888888889,1,107.46000000000001,0.0,53.730000000000004,22.141690591805425,Low-cost digital nurture,0.5,0.6642507177541627,0.16425071775416267,Low-cost nurture communication and continued monitoring,0,0,
12726,2011-09-01,France,0.2665840566005623,20.122832369942195,Low,66.83526011560693,Nurture / Monitor,84.57638888888889,3,841.4599999999999,79.75833333333334,420.72999999999996,112.15991013355456,Low-cost digital nurture,0.5,3.3647973040066366,2.8647973040066366,Low-cost nurture communication and continued monitoring,0,1,966.0
12727,2011-09-01,France,0.3296377670995094,25.108381502890175,Low,61.48843930635838,Nurture / Monitor,87.3548611111111,1,703.08,0.0,351.54,115.88086064616155,Low-cost digital nurture,0.5,3.4764258193848465,2.9764258193848465,Low-cost nurture communication and continued monitoring,0,1,929.0
12728,2011-09-01,France,0.47081762633106145,41.00433526011561,Low,9.104046242774565,Nurture / Monitor,157.45347222222222,1,128.05,0.0,64.025,30.14409852584621,Low-cost digital nurture,0.5,0.9043229557753862,0.40432295577538624,Low-cost nurture communication and continued monitoring,0,0,
12729,2011-09-01,France,0.535497673760601,50.72254335260116,Medium,45.62861271676301,Nurture / Monitor,13.51388888888889,1,417.01,0.0,208.505,111.6539424674541,Low-cost digital nurture,0.5,3.349618274023623,2.849618274023623,Low-cost nurture communication and continued monitoring,1,1,975.0
12731,2011-09-01,France,0.08546889064297765,7.333815028901734,Low,98.08526011560693,Protect High Value,44.40972222222222,6,7077.92,109.15486111111112,3538.96,302.47098522987216,VIP or loyalty service,12.0,24.19767881838977,12.197678818389772,Proactive loyalty or VIP service without aggressive discounting,0,0,
12732,2011-09-01,France,0.6417822557733107,68.67774566473989,Medium,22.07369942196532,Nurture / Monitor,79.51875,1,218.26000000000002,0.0,109.13000000000001,70.0376975725414,Low-cost digital nurture,0.5,2.101130927176242,1.601130927176242,Low-cost nurture communication and continued monitoring,1,0,
12733,2011-09-01,USA,0.66190038980667,71.7485549132948,Medium,42.44942196531792,Nurture / Monitor,134.3201388888889,1,383.95,0.0,191.975,127.06832733313547,Low-cost digital nurture,0.5,3.812049819994064,3.312049819994064,Low-cost nurture communication and continued monitoring,1,1,842.0
12743,2011-09-01,Unspecified,0.5823610107068186,58.16473988439307,Medium,53.35982658959537,Nurture / Monitor,34.31875,2,540.13,0.010416666666666666,270.065,157.27532635653697,Low-cost digital nurture,0.5,4.718259790696108,4.218259790696108,Low-cost nurture communication and continued monitoring,1,1,630.0
12744,2011-09-01,Singapore,0.4669494806843348,40.28179190751445,Low,97.76011560693641,Protect High Value,44.50347222222222,2,6068.0599999999995,104.03958333333334,3034.0299999999997,1416.7387328806922,VIP or loyalty service,12.0,113.33909863045538,101.33909863045538,Proactive loyalty or VIP service without aggressive discounting,0,1,11.0
12747,2011-09-01,United Kingdom,0.17491068987531258,13.294797687861271,Low,81.39450867052022,Protect High Value,9.556944444444444,4,1449.31,108.79652777777778,724.655,126.74990597159463,VIP or loyalty service,12.0,10.13999247772757,-1.8600075222724293,Proactive loyalty or VIP service without aggressive discounting,0,0,
12748,2011-09-01,United Kingdom,3.239393803263006e-07,0.18063583815028902,Low,98.33815028901735,Protect High Value,1.5,82,7942.85,174.97916666666666,3971.425,0.0012865009535123783,VIP or loyalty service,12.0,0.00010292007628099027,-11.999897079923718,Proactive loyalty or VIP service without aggressive discounting,0,0,
12749,2011-09-01,United Kingdom,0.3736460498877679,29.6242774566474,Low,92.84682080924856,Protect High Value,30.46527777777778,3,2755.23,82.89236111111111,1377.615,514.7404030161374,VIP or loyalty service,12.0,41.179232241291,29.179232241290997,Proactive loyalty or VIP service without aggressive discounting,0,1,106.0
12750,2011-09-01,Poland,0.23839176288909716,18.09971098265896,Low,28.14306358381503,Nurture / Monitor,28.615972222222222,1,275.88,0.0,137.94,32.88375977292206,Low-cost digital nurture,0.5,0.9865127931876618,0.48651279318766183,Low-cost nurture communication and continued monitoring,1,0,
12753,2011-09-01,Japan,0.23491145223073123,17.702312138728324,Low,98.19364161849711,Protect High Value,35.602777777777774,2,7279.780000000001,112.81666666666666,3639.8900000000003,855.0518458601164,VIP or loyalty service,12.0,68.40414766880932,56.404147668809316,Proactive loyalty or VIP service without aggressive discounting,0,1,30.0
12754,2011-09-01,Japan,0.5821150769116751,58.05635838150289,Medium,93.42485549132948,Protect High Value,135.625,2,2965.17,41.80694444444445,1482.585,863.0350813030958,VIP or loyalty service,12.0,69.04280650424766,57.042806504247665,Proactive loyalty or VIP service without aggressive discounting,1,1,28.0
12757,2011-09-01,Portugal,0.34249271913903945,26.156069364161848,Low,84.89884393063583,Protect High Value,42.49652777777778,3,1681.68,68.71111111111111,840.84,287.9815779608699,VIP or loyalty service,12.0,23.038526236869593,11.038526236869593,Proactive loyalty or VIP service without aggressive discounting,0,0,
12758,2011-09-01,Portugal,0.4583082988011318,38.872832369942195,Low,92.99132947976878,Protect High Value,16.568055555555556,2,2791.59,159.9284722222222,1395.795,639.7044319251257,VIP or loyalty service,12.0,51.17635455401006,39.17635455401006,Proactive loyalty or VIP service without aggressive discounting,1,1,70.0
12759,2011-09-01,Netherlands,0.48142026255858894,42.702312138728324,Low,72.50722543352602,Nurture / Monitor,71.60694444444445,2,1007.52,104.05347222222223,503.76,242.52027146651477,Low-cost digital nurture,0.5,7.275608143995443,6.775608143995443,Low-cost nurture communication and continued monitoring,0,1,346.0
12763,2011-09-01,Japan,0.7779092677657486,89.12572254335261,High,16.040462427745663,Reactivate Efficiently,38.40833333333333,1,174.0,0.0,87.0,67.67810629562013,Automated targeted campaign,5.0,10.15171594434302,5.151715944343019,Automated re-engagement with targeted product recommendations,1,0,
12766,2011-09-01,Portugal,0.3709732544398846,29.22687861271676,Low,89.73988439306359,Protect High Value,49.43263888888889,2,2142.77,91.01527777777778,1071.385,397.4551802080758,VIP or loyalty service,12.0,31.796414416646062,19.796414416646062,Proactive loyalty or VIP service without aggressive discounting,0,0,
12769,2011-09-01,Brazil,0.8361449925203079,95.8092485549133,Critical,76.04768786127167,Reactivate Efficiently,138.56597222222223,1,1143.6,0.0,571.8,478.107706723112,Automated targeted campaign,5.0,71.7161560084668,66.7161560084668,Automated re-engagement with targeted product recommendations,1,1,22.0
12770,2011-09-01,Japan,0.765049216317584,87.42774566473989,High,79.76878612716763,Reactivate Efficiently,110.60208333333334,1,1351.45,0.0,675.725,516.9628816961995,Automated targeted campaign,5.0,77.54443225442992,72.54443225442992,Automated re-engagement with targeted product recommendations,1,1,19.0
12775,2011-09-01,Netherlands,0.4912609318436702,44.0028901734104,Low,68.96676300578035,Nurture / Monitor,89.675,3,890.23,72.8,445.115,218.66760967759527,Low-cost digital nurture,0.5,6.560028290327858,6.060028290327858,Low-cost nurture communication and continued monitoring,0,1,400.0
12778,2011-09-01,Netherlands,0.5303251498212173,49.891618497109825,Low,33.959537572254334,Nurture / Monitor,83.3548611111111,3,312.58000000000004,87.28611111111111,156.29000000000002,82.88451766555805,Low-cost digital nurture,0.5,2.4865355299667415,1.9865355299667415,Low-cost nurture communication and continued monitoring,0,0,
12779,2011-09-01,Poland,0.06154474160912876,5.455202312138728,Low,86.30780346820809,Protect High Value,89.55763888888889,4,1800.83,79.89166666666667,900.415,55.41580851598367,VIP or loyalty service,12.0,4.433264681278693,-7.566735318721307,Proactive loyalty or VIP service without aggressive discounting,0,0,
12782,2011-09-01,Portugal,0.4207687126978559,34.03179190751445,Low,64.12572254335261,Nurture / Monitor,49.5625,2,763.24,103.9125,381.62,160.57375613975577,Low-cost digital nurture,0.5,4.817212684192673,4.317212684192673,Low-cost nurture communication and continued monitoring,1,1,617.0
12787,2011-09-01,Netherlands,0.804939385235967,92.73843930635837,Critical,11.578757225433527,Reactivate Efficiently,92.6,1,143.1,0.0,71.55,57.59341301363344,Automated targeted campaign,5.0,8.639011952045015,3.6390119520450153,Automated re-engagement with targeted product recommendations,0,0,
12790,2011-09-01,Netherlands,0.7907741631203206,91.22109826589595,Critical,30.093930635838152,Reactivate Efficiently,92.40694444444445,1,294.92,0.0,147.46,116.60755809372247,Automated targeted campaign,5.0,17.49113371405837,12.491133714058371,Automated re-engagement with targeted product recommendations,1,1,242.0
12792,2011-09-01,Portugal,0.8573049832740112,96.96531791907515,Critical,38.4393063583815,Reactivate Efficiently,156.51666666666668,1,344.53999999999996,0.0,172.26999999999998,147.6879294686139,Automated targeted campaign,5.0,22.153189420292083,17.153189420292083,Automated re-engagement with targeted product recommendations,1,1,159.0
12798,2011-09-01,Japan,0.770343154764342,88.29479768786128,High,84.03179190751445,Rescue Now,70.57569444444445,1,1607.04,0.0,803.52,618.9861317162441,Personal outreach,50.0,154.74653292906103,104.74653292906103,"Priority personal outreach, tailored incentive, and rapid follow-up",0,1,9.0
12802,2011-09-01,Netherlands,0.6004105324017015,61.054913294797686,Medium,43.786127167630056,Nurture / Monitor,86.6,1,397.58,0.0,198.79,119.35560973613424,Low-cost digital nurture,0.5,3.580668292084027,3.080668292084027,Low-cost nurture communication and continued monitoring,1,1,893.0
12808,2011-09-01,Portugal,0.6410811273239927,68.42485549132948,Medium,12.752890173410405,Nurture / Monitor,84.48541666666667,1,151.95000000000002,0.0,75.97500000000001,48.70613864844035,Low-cost digital nurture,0.5,1.4611841594532105,0.9611841594532105,Low-cost nurture communication and continued monitoring,0,0,
12809,2011-09-01,Portugal,0.8366530140487279,95.88150289017341,Critical,44.14739884393064,Reactivate Efficiently,77.54791666666667,1,405.31,0.0,202.655,169.55191656204497,Automated targeted campaign,5.0,25.432787484306743,20.432787484306743,Automated re-engagement with targeted product recommendations,1,1,136.0
12811,2011-09-01,Portugal,0.678025894923199,74.4942196531792,Medium,25.036127167630056,Nurture / Monitor,161.54513888888889,1,246.60000000000002,0.0,123.30000000000001,83.60059284403044,Low-cost digital nurture,0.5,2.5080177853209134,2.0080177853209134,Low-cost nurture communication and continued monitoring,1,0,
12814,2011-09-01,Poland,0.28259248361418726,21.423410404624278,Low,3.540462427745665,Nurture / Monitor,1.492361111111111,1,85.92,0.0,42.96,12.140173096065485,Low-cost digital nurture,0.5,0.36420519288196457,-0.13579480711803543,Low-cost nurture communication and continued monitoring,1,0,
12815,2011-09-01,Poland,0.1372003406403978,10.83815028901734,Low,67.70231213872833,Nurture / Monitor,47.56875,2,863.46,50.865972222222226,431.73,59.23350306467894,Low-cost digital nurture,0.5,1.7770050919403682,1.2770050919403682,Low-cost nurture communication and continued monitoring,1,0,
12816,2011-09-01,Poland,0.28636244785530296,21.784682080924856,Low,24.13294797687861,Nurture / Monitor,76.44166666666666,1,238.65,0.0,119.325,34.17019909033402,Low-cost digital nurture,0.5,1.0251059727100207,0.5251059727100207,Low-cost nurture communication and continued monitoring,0,0,
12818,2011-09-01,Austria,0.7898454630905234,91.14884393063583,Critical,76.95086705202311,Reactivate Efficiently,161.49583333333334,1,1182.0800000000002,0.0,591.0400000000001,466.83026250502303,Automated targeted campaign,5.0,70.02453937575345,65.02453937575345,Automated re-engagement with targeted product recommendations,1,1,23.0
12821,2011-09-01,United Kingdom,0.900908047089876,98.88005780346822,Critical,4.154624277456647,Reactivate Efficiently,114.33958333333334,1,92.72,0.0,46.36,41.766097063086654,Automated targeted campaign,5.0,6.264914559462998,1.2649145594629978,Automated re-engagement with targeted product recommendations,1,0,
12823,2011-09-01,United Kingdom,0.4540020191764004,38.36705202312139,Low,60.802023121387286,Nurture / Monitor,27.260416666666668,2,688.5,127.29791666666667,344.25,156.29019510147583,Low-cost digital nurture,0.5,4.688705853044275,4.188705853044275,Low-cost nurture communication and continued monitoring,0,1,641.0
12826,2011-09-01,United Kingdom,0.4675410035838556,40.31791907514451,Low,8.273121387283238,Nurture / Monitor,78.59652777777778,1,121.52,0.0,60.76,28.407791377755064,Low-cost digital nurture,0.5,0.8522337413326518,0.35223374133265184,Low-cost nurture communication and continued monitoring,0,0,
12828,2011-09-01,United Kingdom,0.4680108171505449,40.354046242774565,Low,37.78901734104046,Nurture / Monitor,12.609027777777778,2,338.2,17.713194444444444,169.1,79.14062918015713,Low-cost digital nurture,0.5,2.374218875404714,1.874218875404714,Low-cost nurture communication and continued monitoring,0,0,
12830,2011-09-01,United Kingdom,0.36461609266040573,28.395953757225435,Low,97.25433526011561,Protect High Value,34.27916666666667,4,5204.0,37.267361111111114,2602.0,948.7310731023757,VIP or loyalty service,12.0,75.89848584819006,63.89848584819006,Proactive loyalty or VIP service without aggressive discounting,0,1,24.0
12831,2011-09-01,United Kingdom,0.7399632549218492,83.67052023121387,High,21.67630057803468,Reactivate Efficiently,162.45694444444445,1,215.05,0.0,107.525,79.56454898547184,Automated targeted campaign,5.0,11.934682347820777,6.934682347820777,Automated re-engagement with targeted product recommendations,1,0,
12833,2011-09-01,United Kingdom,0.7011851441674684,78.14306358381504,Medium,45.664739884393065,Nurture / Monitor,45.42638888888889,1,417.38,0.0,208.69,146.33032773630896,Low-cost digital nurture,0.5,4.389909832089269,3.889909832089269,Low-cost nurture communication and continued monitoring,1,1,698.0
12836,2011-09-01,United Kingdom,0.2909889365105094,22.145953757225435,Low,78.28757225433526,Nurture / Monitor,37.359722222222224,2,1265.8400000000001,82.00972222222222,632.9200000000001,184.17271769623162,Low-cost digital nurture,0.5,5.5251815308869485,5.0251815308869485,Low-cost nurture communication and continued monitoring,0,1,503.0
12837,2011-09-01,United Kingdom,0.8825279919560829,98.08526011560693,Critical,9.790462427745664,Reactivate Efficiently,73.32847222222222,1,134.1,0.0,67.05,59.17350186065536,Automated targeted campaign,5.0,8.876025279098304,3.876025279098304,Automated re-engagement with targeted product recommendations,1,0,
12839,2011-09-01,United Kingdom,0.10529822431375567,8.815028901734104,Low,83.77890173410405,Protect High Value,13.582638888888889,5,1594.8,84.82152777777777,797.4,83.96480406778876,VIP or loyalty service,12.0,6.717184325423101,-5.282815674576899,Proactive loyalty or VIP service without aggressive discounting,0,0,
12840,2011-09-01,United Kingdom,0.3396900879268199,25.79479768786127,Low,92.73843930635837,Protect High Value,43.60486111111111,4,2726.77,82.88055555555556,1363.385,463.1283705281073,VIP or loyalty service,12.0,37.05026964224859,25.050269642248587,Proactive loyalty or VIP service without aggressive discounting,1,0,
12841,2011-09-01,United Kingdom,0.02671332669751794,2.8179190751445087,Low,81.21387283236994,Protect High Value,6.491666666666666,9,1436.84,170.88194444444446,718.42,19.191388166030837,VIP or loyalty service,12.0,1.535311053282467,-10.464688946717533,Proactive loyalty or VIP service without aggressive discounting,0,0,
12843,2011-09-01,United Kingdom,0.13053787656902302,10.1878612716763,Low,85.04335260115607,Protect High Value,59.485416666666666,7,1692.31,104.90486111111112,846.155,110.45527694826167,VIP or loyalty service,12.0,8.836422155860934,-3.1635778441390663,Proactive loyalty or VIP service without aggressive discounting,0,0,
12844,2011-09-01,United Kingdom,0.7242880272356632,81.57514450867052,High,16.148843930635838,Reactivate Efficiently,30.450694444444444,1,174.88,0.0,87.44,63.33174510148639,Automated targeted campaign,5.0,9.499761765222958,4.499761765222958,Automated re-engagement with targeted product recommendations,0,0,
12845,2011-09-01,United Kingdom,0.7533818726507113,85.80202312138728,High,29.425578034682083,Reactivate Efficiently,167.43472222222223,3,289.0,3.1104166666666666,144.5,108.86368059802778,Automated targeted campaign,5.0,16.329552089704165,11.329552089704165,Automated re-engagement with targeted product recommendations,1,0,
12849,2011-09-01,United Kingdom,0.6503176795748626,69.76156069364163,Medium,59.429190751445084,Nurture / Monitor,168.48194444444445,1,651.2099999999999,0.0,325.60499999999996,211.74668805797313,Low-cost digital nurture,0.5,6.352400641739194,5.852400641739194,Low-cost nurture communication and continued monitoring,0,1,419.0
12853,2011-09-01,United Kingdom,0.2883746895278202,21.893063583815028,Low,82.69508670520231,Protect High Value,34.52152777777778,5,1529.7,104.95,764.85,220.56338128535327,VIP or loyalty service,12.0,17.64507050282826,5.645070502828261,Proactive loyalty or VIP service without aggressive discounting,1,0,
12854,2011-09-01,United Kingdom,0.5594252599040114,54.37138728323699,Medium,45.917630057803464,Nurture / Monitor,141.4048611111111,1,420.46999999999997,0.0,210.23499999999999,117.61076951591983,Low-cost digital nurture,0.5,3.5283230854775947,3.0283230854775947,Low-cost nurture communication and continued monitoring,0,1,912.0
12857,2011-09-01,United Kingdom,0.46825750253630927,40.42630057803468,Low,32.080924855491325,Nurture / Monitor,110.56944444444444,1,304.8,0.0,152.4,71.36244338653354,Low-cost digital nurture,0.5,2.140873301596006,1.640873301596006,Low-cost nurture communication and continued monitoring,1,0,
12864,2011-09-01,United Kingdom,0.8940186930317368,98.55491329479769,Critical,12.066473988439306,Reactivate Efficiently,38.45625,1,147.12,0.0,73.56,65.76401505941456,Automated targeted campaign,5.0,9.864602258912184,4.864602258912184,Automated re-engagement with targeted product recommendations,1,0,
12865,2011-09-01,Austria,0.5691368290236944,56.105491329479776,Medium,71.78468208092485,Nurture / Monitor,23.575694444444444,1,981.38,0.0,490.69,279.26975063363665,Low-cost digital nurture,0.5,8.3780925190091,7.878092519009099,Low-cost nurture communication and continued monitoring,0,1,297.0
12867,2011-09-01,United Kingdom,0.22366652550801414,16.94364161849711,Low,83.16473988439307,Protect High Value,65.37222222222222,3,1556.35,97.99583333333334,778.175,174.05169848719888,VIP or loyalty service,12.0,13.92413587897591,1.9241358789759104,Proactive loyalty or VIP service without aggressive discounting,0,0,
12868,2011-09-01,United Kingdom,0.4107030038080447,32.65895953757225,Low,70.59248554913295,Nurture / Monitor,85.55416666666666,3,933.85,83.04444444444445,466.925,191.76750005307127,Low-cost digital nurture,0.5,5.753025001592138,5.253025001592138,Low-cost nurture communication and continued monitoring,1,1,473.0
12871,2011-09-01,United Kingdom,0.8067480752286346,92.95520231213872,Critical,9.465317919075144,Reactivate Efficiently,107.43611111111112,1,132.0,0.0,66.0,53.24537296508988,Automated targeted campaign,5.0,7.986805944763481,2.986805944763481,Automated re-engagement with targeted product recommendations,0,0,
12875,2011-09-01,United Kingdom,0.6406231813860707,68.31647398843931,Medium,1.3728323699421965,Nurture / Monitor,43.354166666666664,1,49.470000000000006,0.0,24.735000000000003,15.84581439158446,Low-cost digital nurture,0.5,0.4753744317475338,-0.0246255682524662,Low-cost nurture communication and continued monitoring,1,0,
12876,2011-09-01,Belgium,0.428793788932891,35.22398843930636,Low,60.07947976878613,Nurture / Monitor,96.43472222222222,1,666.43,0.0,333.215,142.88052237927326,Low-cost digital nurture,0.5,4.286415671378197,3.7864156713781973,Low-cost nurture communication and continued monitoring,0,1,727.0
12877,2011-09-01,United Kingdom,0.15912676643862192,12.31936416184971,Low,62.53612716763006,Nurture / Monitor,24.51388888888889,6,729.7700000000001,132.8173611111111,364.88500000000005,58.062970171956565,Low-cost digital nurture,0.5,1.7418891051586969,1.2418891051586969,Low-cost nurture communication and continued monitoring,0,0,
12878,2011-09-01,United Kingdom,0.6508396227703426,70.01445086705202,Medium,67.34104046242774,Nurture / Monitor,136.45347222222222,2,854.99,29.961805555555557,427.495,278.2306845362076,Low-cost digital nurture,0.5,8.346920536086229,7.846920536086229,Low-cost nurture communication and continued monitoring,1,1,301.0
12881,2011-09-01,United Kingdom,0.8628042659575436,97.21820809248555,Critical,30.45520231213873,Reactivate Efficiently,175.51111111111112,1,298.0,0.0,149.0,128.557835627674,Automated targeted campaign,5.0,19.2836753441511,14.2836753441511,Automated re-engagement with targeted product recommendations,1,1,198.0
12885,2011-09-01,United Kingdom,0.6183122136184498,64.48699421965318,Medium,58.99566473988439,Nurture / Monitor,23.510416666666668,1,645.35,0.0,322.675,199.5138935293333,Low-cost digital nurture,0.5,5.985416805879999,5.485416805879999,Low-cost nurture communication and continued monitoring,0,1,455.0
12886,2011-09-01,United Kingdom,0.7057061771617411,78.90173410404624,Medium,64.70375722543352,Nurture / Monitor,119.52708333333334,1,775.0,0.0,387.5,273.4611436501747,Low-cost digital nurture,0.5,8.20383430950524,7.70383430950524,Low-cost nurture communication and continued monitoring,0,1,309.0
12888,2011-09-01,United Kingdom,0.6624107288591126,71.92919075144508,Medium,39.45086705202312,Nurture / Monitor,114.33194444444445,2,354.12,41.06319444444444,177.06,117.28644365179447,Low-cost digital nurture,0.5,3.518593309553834,3.018593309553834,Low-cost nurture communication and continued monitoring,1,1,917.0
12891,2011-09-01,United Kingdom,0.5905310674528992,59.60982658959537,Medium,29.425578034682083,Nurture / Monitor,85.47847222222222,2,289.0,35.040277777777774,144.5,85.33173924694393,Low-cost digital nurture,0.5,2.559952177408318,2.059952177408318,Low-cost nurture communication and continued monitoring,1,0,
12897,2011-09-01,United Kingdom,0.6162093607598343,64.08959537572254,Medium,3.648843930635838,Nurture / Monitor,104.49097222222223,1,87.7,0.0,43.85,27.020780469318737,Low-cost digital nurture,0.5,0.8106234140795621,0.31062341407956207,Low-cost nurture communication and continued monitoring,1,0,
12901,2011-09-01,United Kingdom,0.016965056373513948,2.167630057803468,Low,98.95231213872833,Protect High Value,8.544444444444444,19,11639.470000000001,162.01041666666666,5819.735000000001,98.7321323539122,VIP or loyalty service,12.0,7.898570588312976,-4.101429411687024,Proactive loyalty or VIP service without aggressive discounting,0,0,
12902,2011-09-01,United Kingdom,0.8104762893148426,93.60549132947978,Critical,10.621387283236993,Reactivate Efficiently,164.49583333333334,1,138.68,0.0,69.34,56.19842590109119,Automated targeted campaign,5.0,8.429763885163679,3.4297638851636787,Automated re-engagement with targeted product recommendations,1,0,
12904,2011-09-01,United Kingdom,0.7135461721015447,79.91329479768787,Medium,24.819364161849713,Nurture / Monitor,72.44583333333334,1,244.69,0.0,122.345,87.29880642576349,Low-cost digital nurture,0.5,2.6189641927729044,2.1189641927729044,Low-cost nurture communication and continued monitoring,0,1,1240.0
12908,2011-09-01,United Kingdom,0.6025048829891325,61.38005780346821,Medium,46.71242774566474,Nurture / Monitor,76.34791666666666,1,432.0,0.0,216.0,130.14105472565262,Low-cost digital nurture,0.5,3.9042316417695786,3.4042316417695786,Low-cost nurture communication and continued monitoring,1,1,817.0
12909,2011-09-01,United Kingdom,0.5660680192327744,55.563583815028906,Medium,82.6228323699422,Protect High Value,101.50555555555556,3,1528.37,51.95902777777778,764.185,432.58068927739765,VIP or loyalty service,12.0,34.60645514219181,22.606455142191813,Proactive loyalty or VIP service without aggressive discounting,0,0,
12910,2011-09-01,United Kingdom,0.32785081165146335,24.891618497109828,Low,81.97254335260115,Protect High Value,34.391666666666666,4,1486.9,107.19097222222223,743.45,243.74068592228045,VIP or loyalty service,12.0,19.499254873782437,7.499254873782437,Proactive loyalty or VIP service without aggressive discounting,0,0,
12915,2011-09-01,United Kingdom,0.5955370753561819,60.36849710982659,Medium,14.848265895953757,Nurture / Monitor,48.518055555555556,1,164.0,0.0,82.0,48.83404017920692,Low-cost digital nurture,0.5,1.4650212053762077,0.9650212053762077,Low-cost nurture communication and continued monitoring,1,0,
12916,2011-09-01,United Kingdom,0.30845611276297685,23.51878612716763,Low,89.66763005780348,Protect High Value,38.55902777777778,3,2137.9,118.98680555555555,1068.95,329.7241617379841,VIP or loyalty service,12.0,26.37793293903873,14.377932939038729,Proactive loyalty or VIP service without aggressive discounting,1,0,
12917,2011-09-01,United Kingdom,0.5607314379455313,54.8771676300578,Medium,56.01517341040463,Nurture / Monitor,28.304166666666667,1,594.0,0.0,297.0,166.5372370698228,Low-cost digital nurture,0.5,4.996117112094684,4.496117112094684,Low-cost nurture communication and continued monitoring,1,1,583.0
12919,2011-09-01,United Kingdom,0.3100025602213767,23.66329479768786,Low,47.18208092485549,Nurture / Monitor,16.514583333333334,3,441.65,53.09513888888889,220.825,68.4563153608855,Low-cost digital nurture,0.5,2.053689460826565,1.5536894608265648,Low-cost nurture communication and continued monitoring,0,0,
12921,2011-09-01,United Kingdom,0.007387546752753811,1.3367052023121389,Low,97.65173410404624,Protect High Value,30.58125,15,5751.17,133.8486111111111,2875.585,21.24351862901757,VIP or loyalty service,12.0,1.6994814903214055,-10.300518509678595,Proactive loyalty or VIP service without aggressive discounting,0,0,
12922,2011-09-01,United Kingdom,0.699780795624585,77.96242774566474,Medium,44.183526011560694,Nurture / Monitor,61.35069444444444,1,405.38,0.0,202.69,141.83856946514712,Low-cost digital nurture,0.5,4.255157083954414,3.7551570839544137,Low-cost nurture communication and continued monitoring,1,1,737.0
12924,2011-09-01,United Kingdom,0.440908000772584,36.596820809248555,Low,55.67196531791907,Nurture / Monitor,98.43402777777777,2,589.13,77.15625,294.565,129.8760652475762,Low-cost digital nurture,0.5,3.896281957427286,3.396281957427286,Low-cost nurture communication and continued monitoring,0,1,821.0
12928,2011-09-01,United Kingdom,0.39641891294951226,31.61127167630058,Low,63.186416184971094,Nurture / Monitor,47.66041666666667,2,743.8,93.89166666666667,371.9,147.4281937259236,Low-cost digital nurture,0.5,4.422845811777708,3.922845811777708,Low-cost nurture communication and continued monitoring,0,1,689.0
12930,2011-09-01,United Kingdom,0.6966665662116873,77.20375722543352,Medium,22.254335260115607,Nurture / Monitor,71.44097222222223,1,221.56,0.0,110.78,77.17672220493073,Low-cost digital nurture,0.5,2.3153016661479215,1.8153016661479215,Low-cost nurture communication and continued monitoring,0,0,
12931,2011-09-01,United Kingdom,0.000586766116973696,0.7225433526011561,Low,99.60260115606935,Protect High Value,1.5041666666666667,8,30657.3,168.0611111111111,15328.65,8.994332438948845,VIP or loyalty service,12.0,0.7195465951159077,-11.280453404884092,Proactive loyalty or VIP service without aggressive discounting,0,0,
12933,2011-09-01,United Kingdom,0.5303848074604217,49.92774566473989,Low,25.072254335260112,Nurture / Monitor,71.32430555555555,1,246.73999999999998,0.0,123.36999999999999,65.43357369639222,Low-cost digital nurture,0.5,1.9630072108917664,1.4630072108917664,Low-cost nurture communication and continued monitoring,0,0,
12935,2011-09-01,United Kingdom,0.24830922956725057,18.641618497109828,Low,74.85549132947978,Nurture / Monitor,9.484722222222222,3,1103.71,93.9888888888889,551.855,137.03068988283508,Low-cost digital nurture,0.5,4.110920696485052,3.610920696485052,Low-cost nurture communication and continued monitoring,0,1,772.0
12937,2011-09-01,United Kingdom,0.5302415261576603,49.85549132947977,Low,46.459537572254334,Nurture / Monitor,97.40486111111112,2,428.23,69.99861111111112,214.115,113.53266437324744,Low-cost digital nurture,0.5,3.405979931197423,2.905979931197423,Low-cost nurture communication and continued monitoring,0,1,949.0
12939,2011-09-01,United Kingdom,0.20380483414114203,15.534682080924856,Low,92.59393063583815,Protect High Value,38.46458333333333,2,2680.8,134.8388888888889,1340.4,273.1799996827868,VIP or loyalty service,12.0,21.854399974622943,9.854399974622943,Proactive loyalty or VIP service without aggressive discounting,0,0,
12942,2011-09-01,United Kingdom,0.5321286283324838,50.21676300578035,Medium,45.59248554913295,Nurture / Monitor,31.389583333333334,2,416.85,66.14097222222222,208.425,110.90890936019794,Low-cost digital nurture,0.5,3.327267280805938,2.827267280805938,Low-cost nurture communication and continued monitoring,1,1,985.0
12947,2011-09-01,United Kingdom,0.23349281090799887,17.63005780346821,Low,72.25433526011561,Nurture / Monitor,43.579166666666666,4,998.29,91.00138888888888,499.145,116.54676910067309,Low-cost digital nurture,0.5,3.4964030730201925,2.9964030730201925,Low-cost nurture communication and continued monitoring,1,1,923.0
12948,2011-09-01,United Kingdom,0.5154376883438526,47.398843930635834,Low,80.88872832369943,Protect High Value,5.385416666666667,4,1423.96,159.1861111111111,711.98,366.9813253470562,VIP or loyalty service,12.0,29.3585060277645,17.3585060277645,Proactive loyalty or VIP service without aggressive discounting,0,0,
12949,2011-09-01,United Kingdom,0.08613741786673473,7.40606936416185,Low,94.90606936416185,Protect High Value,14.36736111111111,7,3449.42,138.07708333333332,1724.71,148.56206596893605,VIP or loyalty service,12.0,11.884965277514885,-0.11503472248511493,Proactive loyalty or VIP service without aggressive discounting,0,0,
12951,2011-09-01,United Kingdom,0.26499191651130277,20.014450867052023,Low,47.43497109826589,Nurture / Monitor,73.55902777777777,3,445.69000000000005,75.05972222222222,222.84500000000003,59.052123634961276,Low-cost digital nurture,0.5,1.7715637090488383,1.2715637090488383,Low-cost nurture communication and continued monitoring,1,0,
12955,2011-09-01,United Kingdom,0.16257173950278422,12.68063583815029,Low,79.66040462427746,Nurture / Monitor,43.549305555555556,5,1346.92,124.0736111111111,673.46,109.48556368554507,Low-cost digital nurture,0.5,3.284566910566352,2.784566910566352,Low-cost nurture communication and continued monitoring,0,1,1004.0
12957,2011-09-01,United Kingdom,0.36488543563887155,28.43208092485549,Low,78.75722543352602,Nurture / Monitor,86.42847222222223,3,1301.61,69.92013888888889,650.805,237.46926594095578,Low-cost digital nurture,0.5,7.124077978228673,6.624077978228673,Low-cost nurture communication and continued monitoring,0,1,351.0
12962,2011-09-01,United Kingdom,0.6808130540275221,74.85549132947978,Medium,15.534682080924856,Nurture / Monitor,13.431944444444444,1,170.54000000000002,0.0,85.27000000000001,58.05292911692682,Low-cost digital nurture,0.5,1.7415878735078045,1.2415878735078045,Low-cost nurture communication and continued monitoring,1,0,
12968,2011-09-01,United Kingdom,0.7086403204878223,79.371387283237,Medium,10.115606936416185,Nurture / Monitor,12.344444444444445,1,135.95,0.0,67.975,48.169825785159716,Low-cost digital nurture,0.5,1.4450947735547914,0.9450947735547914,Low-cost nurture communication and continued monitoring,1,0,
12971,2011-09-01,United Kingdom,0.00022411452079791776,0.6141618497109826,Low,97.72398843930635,Protect High Value,7.596527777777778,43,6017.39,167.92777777777778,3008.695,0.6742922381520912,VIP or loyalty service,12.0,0.05394337905216729,-11.946056620947832,Proactive loyalty or VIP service without aggressive discounting,0,0,
12974,2011-09-01,United Kingdom,0.8825888494029777,98.121387283237,Critical,11.777456647398845,Reactivate Efficiently,97.60208333333334,1,144.8,0.0,72.4,63.89943269677559,Automated targeted campaign,5.0,9.584914904516339,4.584914904516339,Automated re-engagement with targeted product recommendations,1,0,
12976,2011-09-01,United Kingdom,0.5844951440175007,58.59826589595376,Medium,63.005780346820806,Nurture / Monitor,111.58680555555556,1,738.6,0.0,369.3,215.854056685663,Low-cost digital nurture,0.5,6.47562170056989,5.97562170056989,Low-cost nurture communication and continued monitoring,1,1,405.0
12977,2011-09-01,United Kingdom,0.8049154525073331,92.70231213872833,Critical,1.083815028901734,Reactivate Efficiently,56.30555555555556,1,39.239999999999995,0.0,19.619999999999997,15.792441178193874,Automated targeted campaign,5.0,2.368866176729081,-2.631133823270919,Automated re-engagement with targeted product recommendations,1,0,
12980,2011-09-01,United Kingdom,0.20989128071404178,15.93208092485549,Low,95.37572254335261,Protect High Value,57.60138888888889,4,3701.1600000000003,52.9,1850.5800000000002,388.42060626379146,VIP or loyalty service,12.0,31.073648501103317,19.073648501103317,Proactive loyalty or VIP service without aggressive discounting,1,0,
12981,2011-09-01,United Kingdom,0.7192555397518323,80.7442196531792,High,17.91907514450867,Reactivate Efficiently,33.40694444444444,1,187.18,0.0,93.59,67.315125965374,Automated targeted campaign,5.0,10.0972688948061,5.097268894806099,Automated re-engagement with targeted product recommendations,0,0,
12982,2011-09-01,United Kingdom,0.5407145657460619,51.33670520231214,Medium,42.99132947976879,Nurture / Monitor,142.50625,1,390.54,0.0,195.27,105.58533325323351,Low-cost digital nurture,0.5,3.1675599975970052,2.6675599975970052,Low-cost nurture communication and continued monitoring,1,1,1051.0
12987,2011-09-01,United Kingdom,0.6481036985244797,69.50867052023122,Medium,31.954479768786126,Nurture / Monitor,97.5,1,304.3,0.0,152.15,98.60897773049959,Low-cost digital nurture,0.5,2.9582693319149875,2.4582693319149875,Low-cost nurture communication and continued monitoring,0,1,1116.0
12989,2011-09-01,United Kingdom,0.17182776378621561,13.078034682080924,Low,92.12427745664739,Protect High Value,57.61388888888889,5,2555.04,109.85069444444444,1277.52,219.51340479216617,VIP or loyalty service,12.0,17.561072383373293,5.561072383373293,Proactive loyalty or VIP service without aggressive discounting,0,0,
12990,2011-09-01,United Kingdom,0.5351859220347762,50.650289017341045,Medium,15.173410404624278,Nurture / Monitor,85.39791666666666,1,166.4,0.0,83.2,44.52746871329338,Low-cost digital nurture,0.5,1.3358240613988013,0.8358240613988013,Low-cost nurture communication and continued monitoring,0,0,
12991,2011-09-01,United Kingdom,0.7571604600922056,86.41618497109826,High,31.68352601156069,Reactivate Efficiently,12.389583333333333,1,303.56,0.0,151.78,114.92181463279496,Automated targeted campaign,5.0,17.238272194919244,12.238272194919244,Automated re-engagement with targeted product recommendations,0,1,248.0
12993,2011-09-01,United Kingdom,0.4891511639899769,43.67774566473989,Low,27.528901734104043,Nurture / Monitor,20.499305555555555,2,269.5,87.06458333333333,134.75,65.91311934764938,Low-cost digital nurture,0.5,1.9773935804294815,1.4773935804294815,Low-cost nurture communication and continued monitoring,0,0,
12994,2011-09-01,United Kingdom,0.6115434893948962,63.547687861271676,Medium,59.03179190751445,Nurture / Monitor,20.290277777777778,2,645.47,148.35486111111112,322.735,197.36648804986183,Low-cost digital nurture,0.5,5.920994641495855,5.420994641495855,Low-cost nurture communication and continued monitoring,1,1,459.0
12997,2011-09-01,United Kingdom,0.4795058827352903,42.41329479768786,Low,31.539017341040466,Nurture / Monitor,136.45694444444445,1,302.92,0.0,151.46,72.62596099908707,Low-cost digital nurture,0.5,2.178778829972612,1.6787788299726119,Low-cost nurture communication and continued monitoring,0,0,
12999,2011-09-01,United Kingdom,0.5474618872379732,52.16763005780347,Medium,48.19364161849711,Nurture / Monitor,96.44166666666666,3,455.88,49.12361111111111,227.94,124.78846257702361,Low-cost digital nurture,0.5,3.743653877310708,3.243653877310708,Low-cost nurture communication and continued monitoring,1,1,858.0
13000,2011-09-01,United Kingdom,0.7164894983406356,80.3106936416185,High,37.066473988439306,Reactivate Efficiently,6.553472222222222,2,333.09999999999997,153.02013888888888,166.54999999999998,119.33132594863284,Automated targeted campaign,5.0,17.899698892294925,12.899698892294925,Automated re-engagement with targeted product recommendations,1,1,227.0
13001,2011-09-01,United Kingdom,0.08199156318302395,6.972543352601155,Low,97.14595375722543,Protect High Value,58.327777777777776,7,5113.780000000001,119.1375,2556.8900000000003,209.64340798704214,VIP or loyalty service,12.0,16.77147263896337,4.77147263896337,Proactive loyalty or VIP service without aggressive discounting,0,0,
13003,2011-09-01,United Kingdom,0.34953259436604805,26.878612716763005,Low,12.247109826589595,Nurture / Monitor,5.548611111111111,3,149.05,109.10208333333334,74.525,26.048916595129732,Low-cost digital nurture,0.5,0.7814674978538919,0.2814674978538919,Low-cost nurture communication and continued monitoring,1,0,
13004,2011-09-01,United Kingdom,0.03520999247794119,3.3236994219653178,Low,90.20953757225433,Protect High Value,14.386111111111111,7,2193.05,135.09375,1096.525,38.60863700187446,VIP or loyalty service,12.0,3.088690960149957,-8.911309039850043,Proactive loyalty or VIP service without aggressive discounting,0,0,
13005,2011-09-01,United Kingdom,0.5506839015315071,52.74566473988439,Medium,51.66184971098266,Nurture / Monitor,73.54652777777778,2,513.7,72.88958333333333,256.85,141.44316010836764,Low-cost digital nurture,0.5,4.243294803251029,3.743294803251029,Low-cost nurture communication and continued monitoring,1,1,739.0
13012,2011-09-01,United Kingdom,0.4255972611541818,34.53757225433526,Low,58.52601156069365,Nurture / Monitor,48.584722222222226,3,635.04,70.98819444444445,317.52,135.1356423616758,Low-cost digital nurture,0.5,4.054069270850274,3.554069270850274,Low-cost nurture communication and continued monitoring,0,1,785.0
13013,2011-09-01,United Kingdom,0.05192286387429681,4.624277456647398,Low,86.92196531791907,Protect High Value,7.593055555555556,6,1854.45,140.9777777777778,927.225,48.14417745584486,VIP or loyalty service,12.0,3.851534196467589,-8.14846580353241,Proactive loyalty or VIP service without aggressive discounting,0,0,
13014,2011-09-01,United Kingdom,0.18346488993032453,13.728323699421965,Low,82.22543352601156,Protect High Value,13.579166666666667,4,1507.1,148.94375,753.55,138.24996780699604,VIP or loyalty service,12.0,11.059997424559683,-0.9400025754403174,Proactive loyalty or VIP service without aggressive discounting,0,0,
13015,2011-09-01,United Kingdom,0.5147421693699719,47.290462427745666,Low,85.9465317919075,Protect High Value,97.31597222222223,4,1763.04,52.08125,881.52,453.7555171430176,VIP or loyalty service,12.0,36.30044137144141,24.30044137144141,Proactive loyalty or VIP service without aggressive discounting,0,0,
13016,2011-09-01,United Kingdom,0.6592573751406765,71.20664739884393,Medium,46.17052023121387,Nurture / Monitor,23.375,1,425.25,0.0,212.625,140.17459938928633,Low-cost digital nurture,0.5,4.205237981678589,3.7052379816785894,Low-cost nurture communication and continued monitoring,0,1,750.0
13018,2011-09-01,United Kingdom,0.09574463144788288,8.128612716763007,Low,95.95375722543352,Protect High Value,22.443055555555556,15,4146.4,141.1798611111111,2073.2,198.49776991775076,VIP or loyalty service,12.0,15.879821593420061,3.8798215934200613,Proactive loyalty or VIP service without aggressive discounting,0,0,
13021,2011-09-01,United Kingdom,0.2658895881649555,20.050578034682083,Low,72.14595375722543,Nurture / Monitor,66.50486111111111,3,995.1200000000001,97.09722222222223,497.56000000000006,132.29602348735528,Low-cost digital nurture,0.5,3.9688807046206582,3.4688807046206582,Low-cost nurture communication and continued monitoring,0,1,801.0
13023,2011-09-01,United Kingdom,0.8536044588039103,96.82080924855492,Critical,29.6242774566474,Reactivate Efficiently,29.601388888888888,1,291.40000000000003,0.0,145.70000000000002,124.37016964772975,Automated targeted campaign,5.0,18.655525447159462,13.655525447159462,Automated re-engagement with targeted product recommendations,0,1,211.0
13026,2011-09-01,United Kingdom,0.6254969058362475,65.89595375722543,Medium,24.710982658959537,Nurture / Monitor,120.54791666666667,2,243.71999999999997,54.96944444444444,121.85999999999999,76.22305294520511,Low-cost digital nurture,0.5,2.2866915883561534,1.7866915883561534,Low-cost nurture communication and continued monitoring,0,0,
13027,2011-09-01,United Kingdom,0.08922318038018122,7.586705202312139,Low,97.4349710982659,Protect High Value,13.597916666666666,5,5472.0,154.8513888888889,2736.0,244.1146215201758,VIP or loyalty service,12.0,19.529169721614064,7.529169721614064,Proactive loyalty or VIP service without aggressive discounting,1,0,
13029,2011-09-01,United Kingdom,0.6738013125062433,73.66329479768787,Medium,43.0635838150289,Nurture / Monitor,38.515972222222224,1,390.7,0.0,195.35,131.62708639809463,Low-cost digital nurture,0.5,3.948812591942839,3.448812591942839,Low-cost nurture communication and continued monitoring,0,1,806.0
13035,2011-09-01,United Kingdom,0.7561964955475625,86.19942196531792,High,36.99421965317919,Reactivate Efficiently,160.61041666666668,1,333.0,0.0,166.5,125.90671650866916,Automated targeted campaign,5.0,18.886007476300374,13.886007476300374,Automated re-engagement with targeted product recommendations,0,1,206.0
13037,2011-09-01,United Kingdom,0.2935762896835518,22.471098265895954,Low,68.64161849710982,Nurture / Monitor,38.34305555555556,3,881.0699999999999,118.00277777777778,440.53499999999997,129.3306307757435,Low-cost digital nurture,0.5,3.8799189232723044,3.3799189232723044,Low-cost nurture communication and continued monitoring,1,1,826.0
13038,2011-09-01,United Kingdom,0.661060230370348,71.53179190751445,Medium,18.822254335260116,Nurture / Monitor,83.56180555555555,1,196.66,0.0,98.33,65.00205245231632,Low-cost digital nurture,0.5,1.9500615735694895,1.4500615735694895,Low-cost nurture communication and continued monitoring,0,0,
13043,2011-09-01,United Kingdom,0.8011465896473323,92.3771676300578,Critical,51.77023121387283,Reactivate Efficiently,173.38055555555556,1,516.42,0.0,258.21,206.86406091283766,Automated targeted campaign,5.0,31.029609136925647,26.029609136925647,Automated re-engagement with targeted product recommendations,1,1,118.0
13046,2011-09-01,United Kingdom,0.7678046837598036,87.93352601156069,High,19.039017341040463,Reactivate Efficiently,166.3451388888889,1,197.72,0.0,98.86,75.90517103649418,Automated targeted campaign,5.0,11.385775655474127,6.385775655474127,Automated re-engagement with targeted product recommendations,0,0,
13047,2011-09-01,United Kingdom,0.09902365969097954,8.38150289017341,Low,86.95809248554913,Protect High Value,27.25138888888889,4,1856.48,127.1875,928.24,91.91772187155485,VIP or loyalty service,12.0,7.353417749724388,-4.646582250275612,Proactive loyalty or VIP service without aggressive discounting,0,0,
13048,2011-09-01,United Kingdom,0.3883693659819829,30.88872832369942,Low,68.60549132947978,Nurture / Monitor,13.525694444444444,2,880.94,124.91111111111111,440.47,171.06505463408402,Low-cost digital nurture,0.5,5.13195163902252,4.63195163902252,Low-cost nurture communication and continued monitoring,0,1,561.0
13050,2011-09-01,United Kingdom,0.02917675006703761,2.926300578034682,Low,91.25722543352602,Protect High Value,6.402083333333334,6,2376.46,155.98472222222222,1188.23,34.668689732156096,VIP or loyalty service,12.0,2.773495178572488,-9.226504821427511,Proactive loyalty or VIP service without aggressive discounting,0,0,
13052,2011-09-01,United Kingdom,0.6090431734643259,62.96965317919076,Medium,38.98121387283237,Nurture / Monitor,112.40833333333333,1,348.15000000000003,0.0,174.07500000000002,106.01919042080254,Low-cost digital nurture,0.5,3.1805757126240763,2.6805757126240763,Low-cost nurture communication and continued monitoring,1,1,1044.0
13055,2011-09-01,United Kingdom,0.7301888548712515,82.36994219653178,High,38.51156069364162,Reactivate Efficiently,113.62638888888888,1,344.86,0.0,172.43,125.9064642454499,Automated targeted campaign,5.0,18.885969636817485,13.885969636817485,Automated re-engagement with targeted product recommendations,0,1,207.0
13058,2011-09-01,United Kingdom,0.7673523523313619,87.86127167630057,High,1.1921965317919074,Reactivate Efficiently,51.49930555555556,1,47.550000000000004,0.0,23.775000000000002,18.24380217667813,Automated targeted campaign,5.0,2.7365703265017194,-2.2634296734982806,Automated re-engagement with targeted product recommendations,0,0,
13059,2011-09-01,United Kingdom,0.6202314361997531,64.88439306358381,Medium,17.377167630057805,Nurture / Monitor,149.55555555555554,1,183.4,0.0,91.7,56.87522269951736,Low-cost digital nurture,0.5,1.7062566809855206,1.2062566809855206,Low-cost nurture communication and continued monitoring,1,0,
13060,2011-09-01,United Kingdom,0.7982704249467583,92.05202312138728,Critical,32.73121387283237,Reactivate Efficiently,153.51597222222222,1,307.53,0.0,153.765,122.74605189193828,Automated targeted campaign,5.0,18.411907783790742,13.411907783790742,Automated re-engagement with targeted product recommendations,1,1,215.0
13062,2011-09-01,United Kingdom,0.7645629029551694,87.35549132947978,High,38.83670520231214,Reactivate Efficiently,91.36666666666666,1,346.98,0.0,173.49,132.64401803369233,Automated targeted campaign,5.0,19.896602705053848,14.896602705053848,Automated re-engagement with targeted product recommendations,1,1,188.0
13064,2011-09-01,United Kingdom,0.6285989614043475,66.54624277456648,Medium,48.22976878612717,Nurture / Monitor,52.518055555555556,1,455.95,0.0,227.975,143.3048482261561,Low-cost digital nurture,0.5,4.299145446784683,3.7991454467846832,Low-cost nurture communication and continued monitoring,0,1,722.0
13069,2011-09-01,United Kingdom,0.02735354265856431,2.8540462427745665,Low,89.84826589595376,Protect High Value,19.508333333333333,13,2153.17,140.9388888888889,1076.585,29.44841372307046,VIP or loyalty service,12.0,2.355873097845637,-9.644126902154364,Proactive loyalty or VIP service without aggressive discounting,0,0,
13070,2011-09-01,United Kingdom,0.6589082435252012,71.13439306358381,Medium,23.049132947976876,Nurture / Monitor,92.42708333333333,1,228.8,0.0,114.4,75.37910305928301,Low-cost digital nurture,0.5,2.2613730917784904,1.7613730917784904,Low-cost nurture communication and continued monitoring,1,0,
13072,2011-09-01,United Kingdom,0.8152284968742439,94.2557803468208,Critical,16.4378612716763,Reactivate Efficiently,166.65833333333333,1,177.15,0.0,88.575,72.20886411063616,Automated targeted campaign,5.0,10.831329616595424,5.831329616595424,Automated re-engagement with targeted product recommendations,1,0,
13075,2011-09-01,United Kingdom,0.6584983977270162,70.95375722543352,Medium,70.05057803468208,Nurture / Monitor,29.570138888888888,1,919.61,0.0,459.805,302.78085576687073,Low-cost digital nurture,0.5,9.083425673006122,8.583425673006122,Low-cost nurture communication and continued monitoring,1,1,281.0
13078,2011-09-01,United Kingdom,0.00616382210727239,1.2644508670520231,Low,96.85693641618496,Protect High Value,6.572222222222222,10,4922.84,168.8347222222222,2461.42,15.171755011282407,VIP or loyalty service,12.0,1.2137404009025925,-10.786259599097408,Proactive loyalty or VIP service without aggressive discounting,0,0,
13079,2011-09-01,United Kingdom,0.8573714607159832,97.0014450867052,Critical,0.541907514450867,Reactivate Efficiently,40.388194444444444,1,23.8,0.0,11.9,10.202720382520202,Automated targeted campaign,5.0,1.53040805737803,-3.46959194262197,Automated re-engagement with targeted product recommendations,0,0,
13080,2011-09-01,United Kingdom,0.6666186200577402,72.47109826589595,Medium,1.8786127167630058,Nurture / Monitor,79.37569444444445,1,58.08,0.0,29.04,19.358604726476774,Low-cost digital nurture,0.5,0.5807581417943032,0.08075814179430318,Low-cost nurture communication and continued monitoring,1,0,
13081,2011-09-01,United Kingdom,0.045277161009892666,4.154624277456647,Low,98.88005780346822,Protect High Value,43.509027777777774,3,11402.51,119.87708333333333,5701.255,258.13664059345564,VIP or loyalty service,12.0,20.65093124747645,8.65093124747645,Proactive loyalty or VIP service without aggressive discounting,0,0,
13082,2011-09-01,United Kingdom,0.09844613921386483,8.273121387283238,Low,94.47254335260115,Protect High Value,26.322222222222223,8,3234.1899999999996,143.33194444444445,1617.0949999999998,159.19675949204472,VIP or loyalty service,12.0,12.735740759363578,0.7357407593635781,Proactive loyalty or VIP service without aggressive discounting,1,0,
13085,2011-09-01,United Kingdom,0.6851599114463907,75.46965317919076,Medium,10.404624277456648,Nurture / Monitor,57.49236111111111,1,137.98000000000002,0.0,68.99000000000001,47.269182290686494,Low-cost digital nurture,0.5,1.4180754687205948,0.9180754687205948,Low-cost nurture communication and continued monitoring,1,0,
13089,2011-09-01,United Kingdom,3.205104488412313e-06,0.2890173410404624,Low,99.42196531791907,Protect High Value,0.41944444444444445,45,23389.28,175.96666666666667,11694.64,0.03748254315436617,VIP or loyalty service,12.0,0.0029986034523492937,-11.99700139654765,Proactive loyalty or VIP service without aggressive discounting,0,0,
13090,2011-09-01,United Kingdom,0.1740235817047257,13.186416184971097,Low,93.85838150289018,Protect High Value,36.38125,4,3115.8199999999997,130.1784722222222,1557.9099999999999,271.1130781736092,VIP or loyalty service,12.0,21.689046253888737,9.689046253888737,Proactive loyalty or VIP service without aggressive discounting,0,0,
13092,2011-09-01,United Kingdom,0.4487571660073664,37.57225433526011,Low,25.97543352601156,Nurture / Monitor,111.56805555555556,3,254.3,65.81111111111112,127.15,57.05947365783664,Low-cost digital nurture,0.5,1.7117842097350993,1.2117842097350993,Low-cost nurture communication and continued monitoring,0,0,
13093,2011-09-01,United Kingdom,0.04670935445962561,4.263005780346821,Low,32.00867052023121,Nurture / Monitor,175.49027777777778,1,304.5,0.0,152.25,7.111499216477999,Low-cost digital nurture,0.5,0.21334497649433998,-0.28665502350566,Low-cost nurture communication and continued monitoring,1,0,
13094,2011-09-01,United Kingdom,0.22440028286322986,17.052023121387283,Low,72.83236994219652,Nurture / Monitor,29.475694444444443,5,1016.7600000000001,79.05,508.38000000000005,114.08061580200881,Low-cost digital nurture,0.5,3.422418474060264,2.922418474060264,Low-cost nurture communication and continued monitoring,0,1,943.0
13097,2011-09-01,United Kingdom,0.10846823815571599,9.031791907514451,Low,93.46098265895954,Protect High Value,22.49513888888889,5,2973.31,137.01805555555555,1486.655,161.25484859538597,VIP or loyalty service,12.0,12.900387887630878,0.9003878876308775,Proactive loyalty or VIP service without aggressive discounting,0,0,
13098,2011-09-01,United Kingdom,0.014559319957836032,2.0592485549132946,Low,99.09682080924856,Protect High Value,13.479166666666666,15,13574.48,160.0298611111111,6787.24,98.81759879062302,VIP or loyalty service,12.0,7.905407903249842,-4.094592096750158,Proactive loyalty or VIP service without aggressive discounting,0,0,
13101,2011-09-01,United Kingdom,0.6977084508216319,77.38439306358381,Medium,4.841040462427745,Nurture / Monitor,134.39097222222222,1,101.19,0.0,50.595,35.300559069320464,Low-cost digital nurture,0.5,1.059016772079614,0.559016772079614,Low-cost nurture communication and continued monitoring,1,0,
13102,2011-09-01,United Kingdom,0.061056842851300135,5.41907514450867,Low,93.75,Protect High Value,33.49791666666667,12,3079.8999999999996,141.04652777777778,1539.9499999999998,94.02448514885963,VIP or loyalty service,12.0,7.52195881190877,-4.47804118809123,Proactive loyalty or VIP service without aggressive discounting,0,0,
13104,2011-09-01,United Kingdom,0.5633581031152859,55.23843930635838,Medium,27.92630057803468,Nurture / Monitor,33.357638888888886,2,274.68,134.08194444444445,137.34,77.37160188185337,Low-cost digital nurture,0.5,2.321148056455601,1.821148056455601,Low-cost nurture communication and continued monitoring,0,0,
13106,2011-09-01,United Kingdom,0.8332931522380157,95.70086705202311,Critical,3.0527456647398843,Reactivate Efficiently,33.36666666666667,1,76.5,0.0,38.25,31.8734630731041,Automated targeted campaign,5.0,4.781019460965615,-0.2189805390343853,Automated re-engagement with targeted product recommendations,1,0,
13107,2011-09-01,United Kingdom,0.4340968302339806,35.982658959537574,Low,41.00433526011561,Nurture / Monitor,75.62708333333333,1,368.38,0.0,184.19,79.95629516079688,Low-cost digital nurture,0.5,2.3986888548239063,1.8986888548239063,Low-cost nurture communication and continued monitoring,0,0,
13109,2011-09-01,United Kingdom,0.86117327209031,97.14595375722543,Critical,41.25722543352601,Reactivate Efficiently,57.37777777777778,1,369.85,0.0,184.925,159.2524673413006,Automated targeted campaign,5.0,23.887870101195087,18.887870101195087,Automated re-engagement with targeted product recommendations,0,1,146.0
13110,2011-09-01,United Kingdom,0.44553840678674267,37.21098265895954,Low,51.11994219653179,Nurture / Monitor,37.31944444444444,3,502.0900000000001,120.00833333333334,251.04500000000004,111.85018933177783,Low-cost digital nurture,0.5,3.3555056799533345,2.8555056799533345,Low-cost nurture communication and continued monitoring,0,1,971.0
13113,2011-09-01,United Kingdom,0.018965966454102444,2.2760115606936413,Low,98.37427745664739,Protect High Value,13.57638888888889,14,7948.32,149.85763888888889,3974.16,75.37378524323577,VIP or loyalty service,12.0,6.0299028194588615,-5.9700971805411385,Proactive loyalty or VIP service without aggressive discounting,0,0,
13115,2011-09-01,United Kingdom,0.421149194765849,34.06791907514451,Low,68.4971098265896,Nurture / Monitor,84.32291666666667,1,878.55,0.0,439.275,185.0003125307683,Low-cost digital nurture,0.5,5.550009375923048,5.050009375923048,Low-cost nurture communication and continued monitoring,0,1,499.0
13116,2011-09-01,United Kingdom,0.6640716602918834,72.1820809248555,Medium,51.08381502890174,Nurture / Monitor,38.39375,1,501.14,0.0,250.57,166.39643591933722,Low-cost digital nurture,0.5,4.991893077580117,4.491893077580117,Low-cost nurture communication and continued monitoring,1,1,584.0
13117,2011-09-01,United Kingdom,0.18999540605970658,14.16184971098266,Low,38.29479768786127,Nurture / Monitor,21.577083333333334,4,341.84000000000003,156.01180555555555,170.92000000000002,32.474014803725055,Low-cost digital nurture,0.5,0.9742204441117516,0.47422044411175157,Low-cost nurture communication and continued monitoring,0,0,
13118,2011-09-01,United Kingdom,0.5141444838171884,47.21820809248555,Low,56.82803468208093,Nurture / Monitor,108.44305555555556,2,608.77,44.75694444444444,304.385,156.49786870669487,Low-cost digital nurture,0.5,4.694936061200846,4.194936061200846,Low-cost nurture communication and continued monitoring,0,1,637.0
13120,2011-09-01,United Kingdom,0.8411520137629215,96.0621387283237,Critical,0.7225433526011561,Reactivate Efficiently,138.5701388888889,1,30.599999999999998,0.0,15.299999999999999,12.869625810572698,Automated targeted campaign,5.0,1.9304438715859047,-3.0695561284140953,Automated re-engagement with targeted product recommendations,1,0,
13121,2011-09-01,United Kingdom,0.7543720043145561,86.05491329479769,High,28.721098265895957,Reactivate Efficiently,169.30069444444445,1,283.73,0.0,141.865,107.0189843920845,Automated targeted campaign,5.0,16.052847658812674,11.052847658812674,Automated re-engagement with targeted product recommendations,1,0,
13122,2011-09-01,United Kingdom,0.7309681871973754,82.44219653179191,High,69.36416184971098,Reactivate Efficiently,140.40833333333333,1,903.67,0.0,451.835,330.2770108623261,Automated targeted campaign,5.0,49.541551629348916,44.541551629348916,Automated re-engagement with targeted product recommendations,0,1,52.0
13124,2011-09-01,United Kingdom,0.5569509570191971,53.75722543352601,Medium,78.17919075144508,Nurture / Monitor,152.3763888888889,1,1260.15,0.0,630.075,350.9208742438706,Low-cost digital nurture,0.5,10.527626227316118,10.027626227316118,Low-cost nurture communication and continued monitoring,0,1,261.0
13126,2011-09-01,United Kingdom,0.520206543367797,48.44653179190752,Low,52.601156069364166,Nurture / Monitor,153.30555555555554,2,530.11,21.065277777777776,265.055,137.88334535235145,Low-cost digital nurture,0.5,4.136500360570544,3.636500360570544,Low-cost nurture communication and continued monitoring,0,1,763.0
13131,2011-09-01,United Kingdom,0.6111908294162012,63.47543352601156,Medium,35.51300578034682,Nurture / Monitor,87.54583333333333,1,324.9,0.0,162.45,99.28795023866188,Low-cost digital nurture,0.5,2.9786385071598565,2.4786385071598565,Low-cost nurture communication and continued monitoring,0,1,1105.0
13132,2011-09-01,United Kingdom,0.8362481365107794,95.84537572254335,Critical,3.106936416184971,Reactivate Efficiently,161.46944444444443,1,77.3,0.0,38.65,32.320990476141624,Automated targeted campaign,5.0,4.848148571421244,-0.15185142857875622,Automated re-engagement with targeted product recommendations,1,0,
13133,2011-09-01,United Kingdom,0.6993157884593775,77.85404624277457,Medium,1.8424855491329482,Nurture / Monitor,173.56180555555557,1,57.45,0.0,28.725,20.08784602349562,Low-cost digital nurture,0.5,0.6026353807048686,0.10263538070486855,Low-cost nurture communication and continued monitoring,1,0,
13134,2011-09-01,United Kingdom,0.5590881264878946,54.33526011560693,Medium,68.85838150289018,Nurture / Monitor,83.51597222222222,3,885.74,56.94444444444444,442.87,247.6033585776939,Low-cost digital nurture,0.5,7.428100757330817,6.928100757330817,Low-cost nurture communication and continued monitoring,0,1,336.0
13135,2011-09-01,United Kingdom,0.8939247130351293,98.48265895953757,Critical,93.78612716763006,Rescue Now,96.54722222222222,1,3096.0,0.0,1548.0,1383.7954557783803,Personal outreach,50.0,345.9488639445951,295.9488639445951,"Priority personal outreach, tailored incentive, and rapid follow-up",1,1,3.0
13136,2011-09-01,United Kingdom,0.4026188230662733,32.04479768786127,Low,77.52890173410405,Nurture / Monitor,42.49930555555556,3,1226.68,69.96805555555555,613.34,246.94222893946807,Low-cost digital nurture,0.5,7.408266868184041,6.908266868184041,Low-cost nurture communication and continued monitoring,0,1,339.0
13137,2011-09-01,United Kingdom,0.22339549923249388,16.907514450867055,Low,77.3121387283237,Nurture / Monitor,3.4694444444444446,3,1222.13,149.04861111111111,611.065,136.50917073850388,Low-cost digital nurture,0.5,4.095275122155116,3.5952751221551162,Low-cost nurture communication and continued monitoring,0,1,774.0
13138,2011-09-01,United Kingdom,0.5209502510464837,48.554913294797686,Low,30.166184971098264,Nurture / Monitor,33.43472222222222,2,296.22,107.14930555555556,148.11,77.15794168249471,Low-cost digital nurture,0.5,2.314738250474841,1.814738250474841,Low-cost nurture communication and continued monitoring,0,0,
13139,2011-09-01,United Kingdom,0.4114514794528908,32.767341040462426,Low,85.29624277456648,Protect High Value,9.580555555555556,3,1710.94,149.92152777777778,855.47,351.9843971275645,VIP or loyalty service,12.0,28.158751770205157,16.158751770205157,Proactive loyalty or VIP service without aggressive discounting,0,0,
13140,2011-09-01,United Kingdom,0.49020198101824447,43.75,Low,26.84248554913295,Nurture / Monitor,8.352083333333333,2,264.21000000000004,7.097222222222222,132.10500000000002,64.7581327024152,Low-cost digital nurture,0.5,1.9427439810724558,1.4427439810724558,Low-cost nurture communication and continued monitoring,1,0,
13141,2011-09-01,United Kingdom,0.41119415223698963,32.695086705202314,Low,68.35260115606935,Nurture / Monitor,114.35208333333334,2,876.46,20.25138888888889,438.23,180.19761333481597,Low-cost digital nurture,0.5,5.405928400044479,4.905928400044479,Low-cost nurture communication and continued monitoring,0,1,521.0
13145,2011-09-01,United Kingdom,0.6221615743485303,65.20953757225433,Medium,7.839595375722544,Nurture / Monitor,27.204166666666666,1,118.80000000000001,0.0,59.400000000000006,36.9563975163027,Low-cost digital nurture,0.5,1.108691925489081,0.608691925489081,Low-cost nurture communication and continued monitoring,0,0,
13148,2011-09-01,United Kingdom,0.09317462019663122,7.911849710982659,Low,85.15173410404624,Protect High Value,33.645833333333336,6,1697.3,127.92013888888889,848.65,79.07264142987108,VIP or loyalty service,12.0,6.325811314389687,-5.674188685610313,Proactive loyalty or VIP service without aggressive discounting,0,0,
13149,2011-09-01,United Kingdom,0.4785688434822509,42.304913294797686,Low,63.72832369942196,Nurture / Monitor,6.430555555555555,2,755.88,43.013888888888886,377.94,180.8703087056819,Low-cost digital nurture,0.5,5.426109261170457,4.926109261170457,Low-cost nurture communication and continued monitoring,0,1,517.0
13157,2011-09-01,United Kingdom,0.36174520522464215,28.10693641618497,Low,60.33236994219653,Nurture / Monitor,41.393055555555556,2,675.38,100.02083333333333,337.69,122.15773835230941,Low-cost digital nurture,0.5,3.6647321505692823,3.1647321505692823,Low-cost nurture communication and continued monitoring,0,1,874.0
13158,2011-09-01,United Kingdom,0.46992644614632967,40.71531791907515,Low,57.153179190751445,Nurture / Monitor,19.622222222222224,2,611.76,35.83263888888889,305.88,143.74110134723932,Low-cost digital nurture,0.5,4.31223304041718,3.81223304041718,Low-cost nurture communication and continued monitoring,0,1,717.0
13159,2011-09-01,United Kingdom,0.3548006785578599,27.45664739884393,Low,67.01589595375722,Nurture / Monitor,6.366666666666666,2,843.09,9.144444444444444,421.545,149.56445204267305,Low-cost digital nurture,0.5,4.486933561280192,3.9869335612801917,Low-cost nurture communication and continued monitoring,0,1,677.0
13162,2011-09-01,United Kingdom,0.1904204502237193,14.270231213872833,Low,70.70086705202311,Nurture / Monitor,22.334027777777777,3,935.0300000000001,111.01458333333333,467.51500000000004,89.02441678634214,Low-cost digital nurture,0.5,2.6707325035902643,2.1707325035902643,Low-cost nurture communication and continued monitoring,1,1,1217.0
13167,2011-09-01,United Kingdom,0.6588728301159775,71.09826589595376,Medium,45.70086705202312,Nurture / Monitor,30.491666666666667,2,417.54999999999995,12.999305555555555,208.77499999999998,137.5561751074632,Low-cost digital nurture,0.5,4.126685253223895,3.6266852532238953,Low-cost nurture communication and continued monitoring,0,1,769.0
13168,2011-09-01,United Kingdom,0.6152776336607743,64.01734104046243,Medium,9.356936416184972,Nurture / Monitor,99.41944444444445,1,131.43,0.0,65.715,40.432969696017786,Low-cost digital nurture,0.5,1.2129890908805334,0.7129890908805334,Low-cost nurture communication and continued monitoring,0,0,
13169,2011-09-01,United Kingdom,0.8739308388670943,97.72398843930635,Critical,51.26445086705203,Reactivate Efficiently,152.4,1,505.2,0.0,252.6,220.75492989782802,Automated targeted campaign,5.0,33.1132394846742,28.113239484674203,Automated re-engagement with targeted product recommendations,0,1,112.0
13178,2011-09-01,United Kingdom,0.09096711674705135,7.695086705202312,Low,94.58092485549133,Protect High Value,33.43263888888889,6,3267.73,112.08611111111111,1633.865,148.62798820392106,VIP or loyalty service,12.0,11.890239056313685,-0.1097609436863145,Proactive loyalty or VIP service without aggressive discounting,0,0,
13183,2011-09-01,United Kingdom,0.097841273252583,8.236994219653178,Low,86.05491329479769,Protect High Value,1.2965277777777777,5,1769.94,159.26111111111112,884.97,86.58659159033839,VIP or loyalty service,12.0,6.926927327227071,-5.073072672772929,Proactive loyalty or VIP service without aggressive discounting,0,0,
13184,2011-09-01,United Kingdom,0.10527057278485043,8.778901734104046,Low,78.14306358381504,Nurture / Monitor,30.533333333333335,8,1258.58,121.95,629.29,66.24571874777853,Low-cost digital nurture,0.5,1.9873715624333557,1.4873715624333557,Low-cost nurture communication and continued monitoring,0,0,
13185,2011-09-01,United Kingdom,0.8602324409396944,97.10982658959537,Critical,2.6192196531791905,Reactivate Efficiently,167.50277777777777,1,71.4,0.0,35.7,30.710298141547092,Automated targeted campaign,5.0,4.606544721232064,-0.3934552787679362,Automated re-engagement with targeted product recommendations,1,0,
13186,2011-09-01,United Kingdom,0.5740948607407544,56.82803468208093,Medium,72.0014450867052,Nurture / Monitor,28.61875,1,988.34,0.0,494.17,283.7004573322586,Low-cost digital nurture,0.5,8.511013719967758,8.011013719967758,Low-cost nurture communication and continued monitoring,0,1,293.0
13189,2011-09-01,United Kingdom,0.6758192463020841,73.95231213872833,Medium,8.88728323699422,Nurture / Monitor,15.45,1,127.0,0.0,63.5,42.91452214018234,Low-cost digital nurture,0.5,1.2874356642054703,0.7874356642054703,Low-cost nurture communication and continued monitoring,0,0,
13192,2011-09-01,United Kingdom,0.6354345317429676,67.8106936416185,Medium,48.73554913294797,Nurture / Monitor,105.37708333333333,1,464.32,0.0,232.16,147.52248088944737,Low-cost digital nurture,0.5,4.425674426683421,3.925674426683421,Low-cost nurture communication and continued monitoring,0,1,687.0
13194,2011-09-01,United Kingdom,0.8302729170251057,95.52023121387283,Critical,2.1315028901734103,Reactivate Efficiently,35.62430555555556,1,60.7,0.0,30.35,25.19878303171196,Automated targeted campaign,5.0,3.779817454756794,-1.220182545243206,Automated re-engagement with targeted product recommendations,1,0,
13196,2011-09-01,United Kingdom,0.6136748176527627,63.800578034682076,Medium,51.6257225433526,Nurture / Monitor,162.4,1,512.13,0.0,256.065,157.14064218225468,Low-cost digital nurture,0.5,4.71421926546764,4.21421926546764,Low-cost nurture communication and continued monitoring,0,1,633.0
13198,2011-09-01,United Kingdom,0.25706073160105,19.183526011560694,Low,86.48843930635837,Protect High Value,20.466666666666665,3,1824.44,129.1201388888889,912.22,234.4959405811098,VIP or loyalty service,12.0,18.759675246488786,6.759675246488786,Proactive loyalty or VIP service without aggressive discounting,0,0,
13199,2011-09-01,United Kingdom,0.014260301466973954,1.9508670520231215,Low,92.26878612716763,Protect High Value,3.470138888888889,12,2604.88,164.01944444444445,1302.44,18.573187042645557,VIP or loyalty service,12.0,1.4858549634116447,-10.514145036588355,Proactive loyalty or VIP service without aggressive discounting,0,0,
13200,2011-09-01,United Kingdom,0.6926149175876688,76.58959537572254,Medium,34.898843930635834,Nurture / Monitor,26.381944444444443,1,319.32,0.0,159.66,110.5828977420472,Low-cost digital nurture,0.5,3.3174869322614158,2.8174869322614158,Low-cost nurture communication and continued monitoring,0,1,989.0
13203,2011-09-01,United Kingdom,0.44943822904952885,37.716763005780344,Low,33.38150289017341,Nurture / Monitor,20.563194444444445,2,309.86,121.82569444444445,154.93,69.63146482664351,Low-cost digital nurture,0.5,2.088943944799305,1.588943944799305,Low-cost nurture communication and continued monitoring,0,0,
13207,2011-09-01,United Kingdom,0.7618440437578118,86.9942196531792,High,19.002890173410407,Reactivate Efficiently,50.517361111111114,1,197.52000000000004,0.0,98.76000000000002,75.2397177615215,Automated targeted campaign,5.0,11.285957664228226,6.285957664228226,Automated re-engagement with targeted product recommendations,0,0,
13208,2011-09-01,United Kingdom,0.4275984837950858,34.93497109826589,Low,59.82658959537572,Nurture / Monitor,55.40416666666667,3,660.37,85.05625,330.185,141.1866053718804,Low-cost digital nurture,0.5,4.235598161156412,3.735598161156412,Low-cost nurture communication and continued monitoring,0,1,743.0
13209,2011-09-01,United Kingdom,0.30744672777708953,23.482658959537574,Low,95.44797687861272,Protect High Value,28.493055555555557,3,3725.88,99.04583333333333,1862.94,572.7548070450512,VIP or loyalty service,12.0,45.820384563604094,33.820384563604094,Proactive loyalty or VIP service without aggressive discounting,0,1,85.0
13213,2011-09-01,United Kingdom,0.35491806775295315,27.492774566473987,Low,71.3150289017341,Nurture / Monitor,28.454166666666666,4,963.8800000000001,71.03055555555555,481.94000000000005,171.04921357285826,Low-cost digital nurture,0.5,5.1314764071857475,4.6314764071857475,Low-cost nurture communication and continued monitoring,0,1,562.0
13216,2011-09-01,United Kingdom,0.8182473112029458,94.79768786127167,Critical,37.2471098265896,Reactivate Efficiently,167.4875,1,333.74,0.0,166.87,136.54092882043557,Automated targeted campaign,5.0,20.481139323065335,15.481139323065335,Automated re-engagement with targeted product recommendations,1,1,176.0
13217,2011-09-01,United Kingdom,0.7219483695385629,81.21387283236994,High,52.96242774566474,Reactivate Efficiently,22.352777777777778,3,533.98,34.141666666666666,266.99,192.75299518310092,Automated targeted campaign,5.0,28.912949277465138,23.912949277465138,Automated re-engagement with targeted product recommendations,1,1,123.0
13218,2011-09-01,United Kingdom,0.7098316881676469,79.58815028901735,Medium,2.203757225433526,Nurture / Monitor,27.292361111111113,1,62.63999999999999,0.0,31.319999999999997,22.231928473410697,Low-cost digital nurture,0.5,0.6669578542023209,0.1669578542023209,Low-cost nurture communication and continued monitoring,1,0,
13220,2011-09-01,United Kingdom,0.7618325843820675,86.95809248554913,High,62.391618497109825,Reactivate Efficiently,85.53472222222223,3,726.49,51.00763888888889,363.245,276.7318771138641,Automated targeted campaign,5.0,41.50978156707961,36.50978156707961,Automated re-engagement with targeted product recommendations,0,1,81.0
13221,2011-09-01,United Kingdom,0.6581744803790603,70.84537572254335,Medium,38.80057803468208,Nurture / Monitor,140.29305555555555,1,346.7,0.0,173.35,114.09454617371011,Low-cost digital nurture,0.5,3.4228363852113035,2.9228363852113035,Low-cost nurture communication and continued monitoring,1,1,942.0
13223,2011-09-01,United Kingdom,0.5881191141463278,59.17630057803468,Medium,14.595375722543352,Nurture / Monitor,100.45625,2,163.20000000000002,31.90763888888889,81.60000000000001,47.99051971434035,Low-cost digital nurture,0.5,1.4397155914302104,0.9397155914302104,Low-cost nurture communication and continued monitoring,1,0,
13224,2011-09-01,United Kingdom,0.6523035034374863,70.3034682080925,Medium,77.20375722543352,Nurture / Monitor,51.40972222222222,1,1212.26,0.0,606.13,395.3807225385636,Low-cost digital nurture,0.5,11.861421676156906,11.361421676156906,Low-cost nurture communication and continued monitoring,0,1,253.0
13225,2011-09-01,United Kingdom,0.1693413161092019,12.825144508670519,Low,86.59682080924856,Protect High Value,43.30833333333333,3,1829.1200000000001,127.23541666666667,914.5600000000001,154.8727940608317,VIP or loyalty service,12.0,12.389823524866536,0.3898235248665358,Proactive loyalty or VIP service without aggressive discounting,0,0,
13226,2011-09-01,United Kingdom,0.7066392519029959,79.04624277456648,Medium,5.671965317919075,Nurture / Monitor,173.39236111111111,1,108.21000000000001,0.0,54.105000000000004,38.2327167242116,Low-cost digital nurture,0.5,1.1469815017263478,0.6469815017263478,Low-cost nurture communication and continued monitoring,1,0,
13227,2011-09-01,United Kingdom,0.7667222633838015,87.64450867052022,High,26.192196531791907,Reactivate Efficiently,101.50902777777777,1,257.7,0.0,128.85,98.79216363700282,Automated targeted campaign,5.0,14.818824545550422,9.818824545550422,Automated re-engagement with targeted product recommendations,1,0,
13229,2011-09-01,United Kingdom,0.7805119660932219,89.70375722543352,High,14.234104046242773,Reactivate Efficiently,125.49513888888889,1,160.95,0.0,80.475,62.81170047135203,Automated targeted campaign,5.0,9.421755070702805,4.421755070702805,Automated re-engagement with targeted product recommendations,1,0,
13230,2011-09-01,United Kingdom,0.13217906828978057,10.332369942196532,Low,80.5635838150289,Protect High Value,38.32083333333333,7,1409.18,107.86875,704.59,93.1320497262965,VIP or loyalty service,12.0,7.4505639781037205,-4.5494360218962795,Proactive loyalty or VIP service without aggressive discounting,0,0,
13232,2011-09-01,United Kingdom,0.41321825096193066,33.09248554913295,Low,67.63005780346822,Nurture / Monitor,80.52986111111112,4,860.85,62.89513888888889,430.425,177.859465670289,Low-cost digital nurture,0.5,5.33578397010867,4.83578397010867,Low-cost nurture communication and continued monitoring,0,1,532.0
13235,2011-09-01,United Kingdom,0.7114020341470104,79.6965317919075,Medium,73.19364161849711,Nurture / Monitor,112.28263888888888,1,1031.07,0.0,515.535,366.75264767397897,Low-cost digital nurture,0.5,11.002579430219368,10.502579430219368,Low-cost nurture communication and continued monitoring,1,1,257.0
13236,2011-09-01,United Kingdom,0.654954562719014,70.55635838150289,Medium,46.92919075144509,Nurture / Monitor,6.626388888888889,1,439.23,0.0,219.615,143.83784629153627,Low-cost digital nurture,0.5,4.3151353887460875,3.8151353887460875,Low-cost nurture communication and continued monitoring,0,1,716.0
13238,2011-09-01,United Kingdom,0.6069463848032416,62.42774566473989,Medium,22.976878612716764,Nurture / Monitor,63.49166666666667,1,227.70000000000002,0.0,113.85000000000001,69.10084590984906,Low-cost digital nurture,0.5,2.0730253772954716,1.5730253772954716,Low-cost nurture communication and continued monitoring,0,0,
13239,2011-09-01,United Kingdom,0.6674800054751839,72.57947976878613,Medium,36.5606936416185,Nurture / Monitor,161.56597222222223,1,329.56,0.0,164.78,109.98735530220081,Low-cost digital nurture,0.5,3.2996206590660244,2.7996206590660244,Low-cost nurture communication and continued monitoring,1,1,997.0
13240,2011-09-01,United Kingdom,0.4942955093260998,44.328034682080926,Low,34.39306358381503,Nurture / Monitor,73.35208333333334,2,314.59000000000003,84.0,157.29500000000002,77.75021213944888,Low-cost digital nurture,0.5,2.332506364183466,1.832506364183466,Low-cost nurture communication and continued monitoring,0,0,
13242,2011-09-01,United Kingdom,0.5792957003979726,57.58670520231214,Medium,27.601156069364162,Nurture / Monitor,12.463194444444444,3,270.4,101.01875,135.2,78.32077869380589,Low-cost digital nurture,0.5,2.3496233608141766,1.8496233608141766,Low-cost nurture communication and continued monitoring,1,0,
13243,2011-09-01,United Kingdom,0.6077120636011654,62.71676300578035,Medium,55.41907514450867,Nurture / Monitor,103.4486111111111,1,585.12,0.0,292.56,177.79224132715694,Low-cost digital nurture,0.5,5.3337672398147085,4.8337672398147085,Low-cost nurture communication and continued monitoring,1,1,533.0
13246,2011-09-01,United Kingdom,0.47485762626145234,41.61849710982659,Low,64.73988439306359,Nurture / Monitor,76.46458333333334,2,775.35,30.009027777777778,387.675,184.09043026090853,Low-cost digital nurture,0.5,5.522712907827255,5.022712907827255,Low-cost nurture communication and continued monitoring,0,1,505.0
13248,2011-09-01,United Kingdom,0.5633637791544733,55.27456647398844,Medium,48.952312138728324,Nurture / Monitor,24.47222222222222,2,465.67999999999995,64.98263888888889,232.83999999999997,131.17362233832756,Low-cost digital nurture,0.5,3.9352086701498266,3.4352086701498266,Low-cost nurture communication and continued monitoring,1,1,811.0
13249,2011-09-01,United Kingdom,0.6607824649964238,71.42341040462428,Medium,29.696531791907514,Nurture / Monitor,161.35694444444445,1,291.84000000000003,0.0,145.92000000000002,96.42137729227817,Low-cost digital nurture,0.5,2.892641318768345,2.392641318768345,Low-cost nurture communication and continued monitoring,0,1,1137.0
13253,2011-09-01,United Kingdom,0.6453888038444192,69.14739884393065,Medium,54.11849710982659,Nurture / Monitor,56.577083333333334,1,553.92,0.0,276.96,178.74688311275034,Low-cost digital nurture,0.5,5.36240649338251,4.86240649338251,Low-cost nurture communication and continued monitoring,1,1,525.0
13258,2011-09-01,United Kingdom,0.6582519072360462,70.88150289017341,Medium,19.21965317919075,Nurture / Monitor,105.45069444444445,1,198.87,0.0,99.435,65.45327839601626,Low-cost digital nurture,0.5,1.9635983518804876,1.4635983518804876,Low-cost nurture communication and continued monitoring,0,0,
13261,2011-09-01,United Kingdom,0.7333143472274787,82.73121387283237,High,4.515895953757226,Reactivate Efficiently,168.48472222222222,1,99.0,0.0,49.5,36.2990601877602,Automated targeted campaign,5.0,5.4448590281640294,0.44485902816402945,Automated re-engagement with targeted product recommendations,1,0,
13262,2011-09-01,United Kingdom,0.7045019327005307,78.72109826589595,Medium,19.436416184971097,Nurture / Monitor,163.37083333333334,1,200.29,0.0,100.145,70.55234605029464,Low-cost digital nurture,0.5,2.1165703815088395,1.6165703815088395,Low-cost nurture communication and continued monitoring,1,0,
13263,2011-09-01,United Kingdom,0.04202593587148472,3.6127167630057806,Low,96.64017341040463,Protect High Value,8.270138888888889,22,4702.91,170.19791666666666,2351.455,98.82209703468209,VIP or loyalty service,12.0,7.905767762774567,-4.094232237225433,Proactive loyalty or VIP service without aggressive discounting,0,0,
13265,2011-09-01,United Kingdom,0.4023832059662465,32.00867052023121,Low,81.4306358381503,Protect High Value,83.60555555555555,3,1450.66,89.98194444444445,725.33,291.8606107834976,VIP or loyalty service,12.0,23.348848862679805,11.348848862679805,Proactive loyalty or VIP service without aggressive discounting,0,0,
13266,2011-09-01,United Kingdom,0.08961157690429852,7.622832369942197,Low,92.01589595375722,Protect High Value,12.600694444444445,8,2535.58,143.97291666666666,1267.79,113.60866108350062,VIP or loyalty service,12.0,9.08869288668005,-2.9113071133199497,Proactive loyalty or VIP service without aggressive discounting,0,0,
13267,2011-09-01,United Kingdom,0.04365266214253154,3.8294797687861273,Low,86.9942196531792,Protect High Value,10.511805555555556,11,1866.97,165.10555555555555,933.485,40.74910532012105,VIP or loyalty service,12.0,3.2599284256096843,-8.740071574390315,Proactive loyalty or VIP service without aggressive discounting,0,0,
13268,2011-09-01,United Kingdom,0.23700468443650832,17.991329479768787,Low,89.45086705202311,Protect High Value,69.51527777777778,6,2117.81,97.92916666666666,1058.905,250.96544537324084,VIP or loyalty service,12.0,20.077235629859267,8.077235629859267,Proactive loyalty or VIP service without aggressive discounting,0,0,
13269,2011-09-01,United Kingdom,0.09510211914695349,8.05635838150289,Low,90.96820809248555,Protect High Value,9.493055555555555,6,2316.33,140.97847222222222,1158.165,110.14394582183138,VIP or loyalty service,12.0,8.81151566574651,-3.1884843342534896,Proactive loyalty or VIP service without aggressive discounting,0,0,
13273,2011-09-01,United Kingdom,0.6757708989456443,73.88005780346822,Medium,10.69364161849711,Nurture / Monitor,13.415277777777778,1,138.98,0.0,69.49,46.95931976773282,Low-cost digital nurture,0.5,1.4087795930319846,0.9087795930319846,Low-cost nurture communication and continued monitoring,1,0,
13277,2011-09-01,United Kingdom,0.5710015903423483,56.43063583815029,Medium,8.70664739884393,Nurture / Monitor,16.381944444444443,2,125.9,17.197222222222223,62.95,35.94455011205083,Low-cost digital nurture,0.5,1.0783365033615249,0.5783365033615249,Low-cost nurture communication and continued monitoring,0,0,
13280,2011-09-01,United Kingdom,0.4818918414088139,42.8106936416185,Low,7.351878612716763,Nurture / Monitor,22.448611111111113,1,115.5,0.0,57.75,27.829253841359005,Low-cost digital nurture,0.5,0.8348776152407701,0.3348776152407701,Low-cost nurture communication and continued monitoring,1,0,
13282,2011-09-01,United Kingdom,0.6053619915368484,62.03034682080924,Medium,64.63150289017341,Nurture / Monitor,62.446527777777774,2,773.1000000000001,58.05138888888889,386.55000000000007,234.0026778285688,Low-cost digital nurture,0.5,7.020080334857064,6.520080334857064,Low-cost nurture communication and continued monitoring,0,1,362.0
13283,2011-09-01,United Kingdom,0.8629793665236558,97.25433526011561,Critical,0.6141618497109826,Reactivate Efficiently,85.47291666666666,1,25.5,0.0,12.75,11.002986923176612,Automated targeted campaign,5.0,1.650448038476492,-3.349551961523508,Automated re-engagement with targeted product recommendations,0,0,
13285,2011-09-01,United Kingdom,0.5613088022506976,55.02167630057804,Medium,78.82947976878613,Nurture / Monitor,61.37986111111111,2,1303.21,65.07638888888889,651.605,365.7516220905658,Low-cost digital nurture,0.5,10.972548662716973,10.472548662716973,Low-cost nurture communication and continued monitoring,0,1,258.0
13291,2011-09-01,United Kingdom,0.42638299886533887,34.71820809248555,Low,40.39017341040462,Nurture / Monitor,55.55833333333333,1,361.11,0.0,180.555,76.98558236013126,Low-cost digital nurture,0.5,2.3095674708039375,1.8095674708039375,Low-cost nurture communication and continued monitoring,1,0,
13294,2011-09-01,United Kingdom,0.8256382664713808,95.23121387283237,Critical,68.2442196531792,Reactivate Efficiently,89.62916666666666,2,873.74,59.84513888888889,436.87,360.69658947335216,Automated targeted campaign,5.0,54.10448842100282,49.10448842100282,Automated re-engagement with targeted product recommendations,1,1,41.0
13296,2011-09-01,United Kingdom,0.6049655411744429,61.92196531791907,Medium,3.6127167630057806,Nurture / Monitor,37.42638888888889,1,87.4,0.0,43.7,26.436994149323155,Low-cost digital nurture,0.5,0.7931098244796946,0.2931098244796946,Low-cost nurture communication and continued monitoring,1,0,
13299,2011-09-01,United Kingdom,0.6452581027654568,69.07514450867052,Medium,11.416184971098266,Nurture / Monitor,168.46180555555554,1,142.5,0.0,71.25,45.974639822038796,Low-cost digital nurture,0.5,1.3792391946611637,0.8792391946611637,Low-cost nurture communication and continued monitoring,1,0,
13300,2011-09-01,United Kingdom,0.5793439332082347,57.6228323699422,Medium,41.437861271676304,Nurture / Monitor,69.45208333333333,1,371.89,0.0,185.945,107.7261076604052,Low-cost digital nurture,0.5,3.231783229812156,2.731783229812156,Low-cost nurture communication and continued monitoring,1,1,1025.0
13301,2011-09-01,United Kingdom,0.25184937742912006,18.858381502890172,Low,46.24277456647399,Nurture / Monitor,3.5243055555555554,3,426.28,118.97916666666667,213.14,53.67917630524265,Low-cost digital nurture,0.5,1.6103752891572793,1.1103752891572793,Low-cost nurture communication and continued monitoring,1,0,
13302,2011-09-01,United Kingdom,0.915155699289381,99.42196531791907,Critical,2.312138728323699,Reactivate Efficiently,55.25277777777778,1,63.75,0.0,31.875,29.17058791484902,Automated targeted campaign,5.0,4.375588187227352,-0.6244118127726477,Automated re-engagement with targeted product recommendations,1,0,
13305,2011-09-01,United Kingdom,0.2157319434402138,16.473988439306357,Low,65.20953757225433,Nurture / Monitor,15.388194444444444,4,796.85,157.97152777777777,398.425,85.95299956516718,Low-cost digital nurture,0.5,2.578589986955015,2.078589986955015,Low-cost nurture communication and continued monitoring,0,0,
13307,2011-09-01,United Kingdom,0.8320787385667292,95.55635838150289,Critical,0.3070809248554913,Reactivate Efficiently,20.281944444444445,1,15.0,0.0,7.5,6.240590539250469,Automated targeted campaign,5.0,0.9360885808875703,-4.063911419112429,Automated re-engagement with targeted product recommendations,1,0,
13308,2011-09-01,United Kingdom,0.8769941613282147,97.83236994219652,Critical,66.00433526011561,Reactivate Efficiently,103.44930555555555,1,814.95,0.0,407.475,357.3531958872143,Automated targeted campaign,5.0,53.60297938308215,48.60297938308215,Automated re-engagement with targeted product recommendations,0,1,43.0
13309,2011-09-01,United Kingdom,0.49792518123142826,45.122832369942195,Low,13.33092485549133,Nurture / Monitor,106.46944444444445,1,155.93,0.0,77.965,38.82073675470831,Low-cost digital nurture,0.5,1.164622102641249,0.6646221026412491,Low-cost nurture communication and continued monitoring,0,0,
13310,2011-09-01,United Kingdom,0.4797316333095175,42.48554913294797,Low,44.36416184971098,Nurture / Monitor,106.44027777777778,1,407.47,0.0,203.735,97.73812431231455,Low-cost digital nurture,0.5,2.9321437293694363,2.4321437293694363,Low-cost nurture communication and continued monitoring,0,1,1124.0
13311,2011-09-01,United Kingdom,0.7068184063558743,79.15462427745665,Medium,50.39739884393064,Nurture / Monitor,50.39861111111111,1,490.11,0.0,245.055,173.2093845695388,Low-cost digital nurture,0.5,5.196281537086164,4.696281537086164,Low-cost nurture communication and continued monitoring,1,1,550.0
13313,2011-09-01,United Kingdom,0.41724669737382425,33.52601156069364,Low,57.04479768786127,Nurture / Monitor,41.236805555555556,2,611.04,74.2076388888889,305.52,127.47721098165077,Low-cost digital nurture,0.5,3.824316329449523,3.324316329449523,Low-cost nurture communication and continued monitoring,0,1,837.0
13316,2011-09-01,United Kingdom,0.37804813059296916,29.949421965317917,Low,95.1228323699422,Protect High Value,31.508333333333333,2,3535.1800000000003,122.94930555555555,1767.5900000000001,668.2340951548264,VIP or loyalty service,12.0,53.45872761238611,41.45872761238611,Proactive loyalty or VIP service without aggressive discounting,0,1,59.0
13317,2011-09-01,United Kingdom,0.42391218627663135,34.32080924855491,Low,74.20520231213872,Nurture / Monitor,98.55902777777777,3,1075.93,40.91180555555555,537.965,228.049919290308,Low-cost digital nurture,0.5,6.84149757870924,6.34149757870924,Low-cost nurture communication and continued monitoring,0,1,375.0
13319,2011-09-01,United Kingdom,0.011872763085951242,1.7702312138728324,Low,95.91763005780348,Protect High Value,13.303472222222222,11,4128.03,157.16805555555555,2064.015,24.50556110084965,VIP or loyalty service,12.0,1.9604448880679721,-10.039555111932028,Proactive loyalty or VIP service without aggressive discounting,0,0,
13320,2011-09-01,United Kingdom,0.5682473003411596,55.888728323699425,Medium,71.71242774566474,Nurture / Monitor,6.493055555555555,3,981.1500000000001,107.07013888888889,490.57500000000005,278.7679193648644,Low-cost digital nurture,0.5,8.363037580945932,7.863037580945932,Low-cost nurture communication and continued monitoring,0,1,299.0
13324,2011-09-01,United Kingdom,0.4720516490843598,41.25722543352601,Low,92.63005780346822,Protect High Value,103.4125,5,2688.39,39.16458333333333,1344.195,634.529466440951,VIP or loyalty service,12.0,50.76235731527608,38.76235731527608,Proactive loyalty or VIP service without aggressive discounting,0,1,72.0
13327,2011-09-01,United Kingdom,0.10627593446445492,8.923410404624278,Low,86.23554913294798,Protect High Value,12.503472222222221,4,1790.8500000000001,146.93055555555554,895.4250000000001,95.16212861783455,VIP or loyalty service,12.0,7.612970289426764,-4.387029710573236,Proactive loyalty or VIP service without aggressive discounting,0,0,
13330,2011-09-01,United Kingdom,0.49559356009532035,44.653179190751445,Low,43.171965317919074,Nurture / Monitor,85.4875,1,392.4,0.0,196.2,97.23545649070185,Low-cost digital nurture,0.5,2.9170636947210555,2.4170636947210555,Low-cost nurture communication and continued monitoring,0,1,1127.0
13334,2011-09-01,United Kingdom,0.4388697097365035,36.41618497109826,Low,74.13294797687861,Nurture / Monitor,90.51875,1,1071.4,0.0,535.7,235.10250350584496,Low-cost digital nurture,0.5,7.053075105175349,6.553075105175349,Low-cost nurture communication and continued monitoring,0,1,359.0
13338,2011-09-01,United Kingdom,0.7020452000495888,78.21531791907515,Medium,46.85693641618497,Nurture / Monitor,57.62083333333333,1,437.02,0.0,218.51,153.40389666283565,Low-cost digital nurture,0.5,4.602116899885069,4.102116899885069,Low-cost nurture communication and continued monitoring,1,1,656.0
13339,2011-09-01,United Kingdom,0.6976713353969892,77.34826589595376,Medium,67.59393063583815,Nurture / Monitor,100.6451388888889,1,860.12,0.0,430.06,300.0405345008292,Low-cost digital nurture,0.5,9.001216035024877,8.501216035024877,Low-cost nurture communication and continued monitoring,1,1,283.0
13340,2011-09-01,United Kingdom,0.0879894002668699,7.478323699421965,Low,98.51878612716763,Protect High Value,5.586805555555555,5,9229.54,170.92777777777778,4614.77,406.0508446695432,VIP or loyalty service,12.0,32.48406757356346,20.484067573563458,Proactive loyalty or VIP service without aggressive discounting,0,0,
13341,2011-09-01,United Kingdom,0.7670470361489418,87.82514450867052,High,64.77601156069365,Reactivate Efficiently,160.59027777777777,1,775.85,0.0,387.925,297.5567214980782,Automated targeted campaign,5.0,44.63350822471173,39.63350822471173,Automated re-engagement with targeted product recommendations,1,1,67.0
13343,2011-09-01,United Kingdom,0.7114856093684526,79.73265895953757,Medium,31.647398843930635,Nurture / Monitor,77.48333333333333,1,303.43,0.0,151.715,107.94303922533479,Low-cost digital nurture,0.5,3.2382911767600433,2.7382911767600433,Low-cost nurture communication and continued monitoring,1,1,1023.0
13344,2011-09-01,United Kingdom,0.7397748735792365,83.63439306358381,High,84.6820809248555,Rescue Now,177.5638888888889,1,1656.15,0.0,828.075,612.5890784391263,Personal outreach,50.0,153.14726960978157,103.14726960978157,"Priority personal outreach, tailored incentive, and rapid follow-up",0,1,10.0
13355,2011-09-01,United Kingdom,0.6510052587107213,70.05057803468208,Medium,60.29624277456648,Nurture / Monitor,22.383333333333333,1,674.7,0.0,337.35,219.61662402606186,Low-cost digital nurture,0.5,6.588498720781855,6.088498720781855,Low-cost nurture communication and continued monitoring,1,1,396.0
13357,2011-09-01,United Kingdom,0.5993743427149663,60.94653179190751,Medium,56.900289017341045,Nurture / Monitor,157.41944444444445,1,609.4,0.0,304.7,182.62936222525022,Low-cost digital nurture,0.5,5.478880866757506,4.978880866757506,Low-cost nurture communication and continued monitoring,1,1,510.0
13358,2011-09-01,United Kingdom,0.7888933221890723,90.82369942196532,Critical,42.88294797687861,Reactivate Efficiently,168.50555555555556,1,389.03,0.0,194.515,153.4515845656074,Automated targeted campaign,5.0,23.01773768484111,18.01773768484111,Automated re-engagement with targeted product recommendations,1,1,156.0
13362,2011-09-01,United Kingdom,0.5157235415645658,47.50722543352601,Low,64.41473988439307,Nurture / Monitor,145.65208333333334,1,768.83,0.0,384.415,198.25186523054256,Low-cost digital nurture,0.5,5.947555956916276,5.447555956916276,Low-cost nurture communication and continued monitoring,0,1,458.0
13365,2011-09-01,United Kingdom,0.7328739107678953,82.69508670520231,High,61.41618497109826,Reactivate Efficiently,117.5,1,700.6,0.0,350.3,256.72573094199373,Automated targeted campaign,5.0,38.50885964129906,33.50885964129906,Automated re-engagement with targeted product recommendations,0,1,87.0
13368,2011-09-01,United Kingdom,0.6295473509648125,66.6907514450867,Medium,53.28757225433526,Nurture / Monitor,156.58402777777778,1,538.0,0.0,269.0,169.34823740953456,Low-cost digital nurture,0.5,5.080447122286037,4.580447122286037,Low-cost nurture communication and continued monitoring,1,1,567.0
13373,2011-09-01,United Kingdom,0.4248257819966215,34.39306358381503,Low,88.72832369942196,Protect High Value,58.486805555555556,2,2055.58,117.90555555555555,1027.79,436.63169047830763,VIP or loyalty service,12.0,34.93053523826461,22.93053523826461,Proactive loyalty or VIP service without aggressive discounting,0,0,
13376,2011-09-01,United Kingdom,0.6295706509830794,66.72687861271676,Medium,60.187861271676304,Nurture / Monitor,103.61944444444444,2,670.0,30.836805555555557,335.0,210.9061680793316,Low-cost digital nurture,0.5,6.327185042379948,5.827185042379948,Low-cost nurture communication and continued monitoring,0,1,421.0
13379,2011-09-01,United Kingdom,0.720594702483875,80.96098265895954,High,10.151734104046243,Reactivate Efficiently,36.481944444444444,1,136.29,0.0,68.145,49.10492600076366,Automated targeted campaign,5.0,7.365738900114549,2.3657389001145486,Automated re-engagement with targeted product recommendations,0,0,
13381,2011-09-01,United Kingdom,0.25781884931259713,19.21965317919075,Low,88.61994219653178,Protect High Value,13.425694444444444,3,2045.22,93.89236111111111,1022.61,263.64813349555493,VIP or loyalty service,12.0,21.091850679644395,9.091850679644395,Proactive loyalty or VIP service without aggressive discounting,0,0,
13384,2011-09-01,United Kingdom,0.418861295230081,33.778901734104046,Low,85.83815028901735,Protect High Value,28.59722222222222,2,1755.84,49.87013888888889,877.92,367.7267083083927,VIP or loyalty service,12.0,29.418136664671415,17.418136664671415,Proactive loyalty or VIP service without aggressive discounting,0,0,
13388,2011-09-01,United Kingdom,0.8716477494241442,97.65173410404624,Critical,60.513005780346816,Reactivate Efficiently,31.46388888888889,2,677.0999999999999,0.0,338.54999999999995,295.096345567544,Automated targeted campaign,5.0,44.2644518351316,39.2644518351316,Automated re-engagement with targeted product recommendations,1,1,68.0
13389,2011-09-01,United Kingdom,0.7748327540198964,88.72832369942196,High,26.264450867052027,Reactivate Efficiently,132.49166666666667,1,257.89,0.0,128.945,99.91080946709553,Automated targeted campaign,5.0,14.98662142006433,9.98662142006433,Automated re-engagement with targeted product recommendations,0,0,
13391,2011-09-01,United Kingdom,0.8321014725361884,95.59248554913295,Critical,2.0592485549132946,Reactivate Efficiently,103.54861111111111,1,59.8,0.0,29.9,24.879834028832033,Automated targeted campaign,5.0,3.7319751043248046,-1.2680248956751954,Automated re-engagement with targeted product recommendations,1,0,
13394,2011-09-01,United Kingdom,0.13012094631498938,10.115606936416185,Low,77.63728323699422,Nurture / Monitor,15.60763888888889,4,1229.69,151.6298611111111,614.845,80.00421323703965,Low-cost digital nurture,0.5,2.4001263971111895,1.9001263971111895,Low-cost nurture communication and continued monitoring,0,0,
13395,2011-09-01,United Kingdom,0.6599075149221809,71.3150289017341,Medium,32.767341040462426,Nurture / Monitor,85.37222222222222,1,307.72,0.0,153.86,101.53337024592676,Low-cost digital nurture,0.5,3.0460011073778026,2.5460011073778026,Low-cost nurture communication and continued monitoring,1,1,1082.0
13397,2011-09-01,United Kingdom,0.3923973515829198,31.213872832369944,Low,58.02023121387283,Nurture / Monitor,10.521527777777777,2,626.42,72.82916666666667,313.21,122.9027744892863,Low-cost digital nurture,0.5,3.687083234678589,3.187083234678589,Low-cost nurture communication and continued monitoring,0,1,870.0
13398,2011-09-01,United Kingdom,0.7794092519450261,89.41473988439307,High,48.26589595375722,Reactivate Efficiently,92.44652777777777,1,457.34,0.0,228.67,178.22751364226912,Automated targeted campaign,5.0,26.734127046340365,21.734127046340365,Automated re-engagement with targeted product recommendations,1,1,131.0
13402,2011-09-01,United Kingdom,0.5731138071259375,56.71965317919076,Medium,33.99566473988439,Nurture / Monitor,27.339583333333334,1,312.95,0.0,156.475,89.67798297003107,Low-cost digital nurture,0.5,2.690339489100932,2.190339489100932,Low-cost nurture communication and continued monitoring,1,1,1205.0
13404,2011-09-01,United Kingdom,0.7783575217580033,89.19797687861272,High,22.0014450867052,Reactivate Efficiently,112.50208333333333,1,217.81,0.0,108.905,84.76702590705536,Automated targeted campaign,5.0,12.715053886058303,7.715053886058303,Automated re-engagement with targeted product recommendations,1,0,
13405,2011-09-01,United Kingdom,0.5615406265033646,55.057803468208085,Medium,43.75,Nurture / Monitor,104.31180555555555,1,397.40000000000003,0.0,198.70000000000002,111.57812248621855,Low-cost digital nurture,0.5,3.3473436745865564,2.8473436745865564,Low-cost nurture communication and continued monitoring,1,1,978.0
13408,2011-09-01,United Kingdom,0.0005458029315716445,0.6864161849710982,Low,98.98843930635837,Protect High Value,6.360416666666667,31,11743.16,171.13958333333332,5871.58,3.2047255769574368,VIP or loyalty service,12.0,0.25637804615659493,-11.743621953843405,Proactive loyalty or VIP service without aggressive discounting,0,0,
13410,2011-09-01,United Kingdom,0.54755358449429,52.23988439306358,Medium,30.021676300578036,Nurture / Monitor,87.33888888888889,2,294.8,76.03472222222223,147.4,80.70939835445836,Low-cost digital nurture,0.5,2.421281950633751,1.9212819506337508,Low-cost nurture communication and continued monitoring,0,0,
13411,2011-09-01,United Kingdom,0.6718824658291246,73.48265895953757,Medium,21.20664739884393,Nurture / Monitor,7.41875,1,213.55,0.0,106.775,71.74025028890478,Low-cost digital nurture,0.5,2.1522075086671433,1.6522075086671433,Low-cost nurture communication and continued monitoring,1,0,
13414,2011-09-01,United Kingdom,0.4616741670339853,39.59537572254335,Low,72.39884393063583,Nurture / Monitor,33.510416666666664,2,1000.5,23.95347222222222,500.25,230.95250205875115,Low-cost digital nurture,0.5,6.928575061762534,6.428575061762534,Low-cost nurture communication and continued monitoring,1,1,370.0
13417,2011-09-01,United Kingdom,0.6816817565270232,75.0,Medium,23.807803468208093,Nurture / Monitor,105.31527777777778,1,236.0,0.0,118.0,80.43844727018875,Low-cost digital nurture,0.5,2.4131534181056624,1.9131534181056624,Low-cost nurture communication and continued monitoring,1,0,
13418,2011-09-01,United Kingdom,0.06458310336032198,5.635838150289017,Low,92.91907514450867,Protect High Value,24.34513888888889,9,2762.51,128.05833333333334,1381.255,89.20573443196155,VIP or loyalty service,12.0,7.136458754556924,-4.863541245443076,Proactive loyalty or VIP service without aggressive discounting,0,0,
13420,2011-09-01,United Kingdom,0.558860331948627,54.263005780346816,Medium,14.017341040462428,Nurture / Monitor,49.63333333333333,2,159.85,20.884027777777778,79.925,44.66691203099401,Low-cost digital nurture,0.5,1.3400073609298204,0.8400073609298204,Low-cost nurture communication and continued monitoring,1,0,
13425,2011-09-01,United Kingdom,0.486134838316429,43.20809248554913,Low,77.34826589595376,Nurture / Monitor,8.282638888888888,2,1222.64,60.15625,611.32,297.1839493595994,Low-cost digital nurture,0.5,8.915518480787982,8.415518480787982,Low-cost nurture communication and continued monitoring,1,1,285.0
13426,2011-09-01,United Kingdom,0.3627486524361938,28.2514450867052,Low,70.01445086705202,Nurture / Monitor,82.60902777777778,3,919.25,71.79166666666667,459.625,166.72834937598557,Low-cost digital nurture,0.5,5.001850481279567,4.501850481279567,Low-cost nurture communication and continued monitoring,0,1,582.0
13427,2011-09-01,United Kingdom,0.6293990408953982,66.58236994219652,Medium,48.84393063583815,Nurture / Monitor,20.463194444444444,2,464.86,94.87152777777777,232.43,146.2912190753174,Low-cost digital nurture,0.5,4.388736572259522,3.888736572259522,Low-cost nurture communication and continued monitoring,0,1,700.0
13435,2011-09-01,United Kingdom,0.45747105538843885,38.65606936416185,Low,74.53034682080924,Nurture / Monitor,10.428472222222222,3,1088.12,78.85833333333333,544.06,248.89170239463402,Low-cost digital nurture,0.5,7.46675107183902,6.96675107183902,Low-cost nurture communication and continued monitoring,0,1,334.0
13437,2011-09-01,United Kingdom,0.34492499632133156,26.372832369942195,Low,88.25867052023122,Protect High Value,29.416666666666668,3,2024.25,60.979166666666664,1012.125,349.1072119017277,VIP or loyalty service,12.0,27.928576952138215,15.928576952138215,Proactive loyalty or VIP service without aggressive discounting,0,0,
13439,2011-09-01,United Kingdom,0.5206578488342288,48.482658959537574,Low,28.66690751445087,Nurture / Monitor,155.40277777777777,1,283.71,0.0,141.855,73.85791914637953,Low-cost digital nurture,0.5,2.215737574391386,1.7157375743913859,Low-cost nurture communication and continued monitoring,1,0,
13448,2011-09-01,United Kingdom,0.46190783169116734,39.63150289017341,Low,55.96098265895954,Nurture / Monitor,118.50486111111111,1,593.72,0.0,296.86,137.12195891583994,Low-cost digital nurture,0.5,4.113658767475198,3.613658767475198,Low-cost nurture communication and continued monitoring,0,1,770.0
13450,2011-09-01,United Kingdom,0.3221137941990791,24.53034682080925,Low,80.81647398843931,Protect High Value,24.566666666666666,4,1421.46,93.60833333333333,710.73,228.9359369511115,VIP or loyalty service,12.0,18.31487495608892,6.3148749560889215,Proactive loyalty or VIP service without aggressive discounting,0,0,
13451,2011-09-01,United Kingdom,0.1931340588395032,14.595375722543352,Low,88.33092485549133,Protect High Value,26.303472222222222,3,2026.31,143.04583333333332,1013.155,195.67473738353684,VIP or loyalty service,12.0,15.653978990682948,3.6539789906829476,Proactive loyalty or VIP service without aggressive discounting,0,0,
13452,2011-09-01,United Kingdom,0.9740169880965337,100.0,Critical,55.70809248554913,Reactivate Efficiently,159.40347222222223,2,590.0,11.111805555555556,295.0,287.33501148847745,Automated targeted campaign,5.0,43.10025172327162,38.10025172327162,Automated re-engagement with targeted product recommendations,1,1,74.0
13453,2011-09-01,United Kingdom,0.5070722962667272,46.42341040462428,Low,15.751445086705202,Nurture / Monitor,65.60138888888889,1,171.98,0.0,85.99,43.60314675597587,Low-cost digital nurture,0.5,1.308094402679276,0.808094402679276,Low-cost nurture communication and continued monitoring,1,0,
13456,2011-09-01,United Kingdom,0.42265857532095386,34.17630057803468,Low,67.41329479768787,Nurture / Monitor,55.422222222222224,3,855.0600000000001,51.92916666666667,427.53000000000003,180.69922070696742,Low-cost digital nurture,0.5,5.4209766212090225,4.9209766212090225,Low-cost nurture communication and continued monitoring,0,1,518.0
13458,2011-09-01,United Kingdom,0.09184820828674048,7.767341040462428,Low,94.11127167630057,Protect High Value,35.55555555555556,5,3184.62,105.88958333333333,1592.31,146.25082053705972,VIP or loyalty service,12.0,11.700065642964779,-0.2999343570352213,Proactive loyalty or VIP service without aggressive discounting,0,0,
13461,2011-09-01,United Kingdom,0.525241321004443,49.13294797687861,Low,68.78612716763006,Nurture / Monitor,38.519444444444446,2,884.2,25.047916666666666,442.1,232.20918801606425,Low-cost digital nurture,0.5,6.9662756404819275,6.4662756404819275,Low-cost nurture communication and continued monitoring,0,1,367.0
13462,2011-09-01,United Kingdom,0.6328201660581405,67.1965317919075,Medium,12.644508670520233,Nurture / Monitor,152.52777777777777,1,151.5,0.0,75.75,47.93612757890414,Low-cost digital nurture,0.5,1.4380838273671241,0.9380838273671241,Low-cost nurture communication and continued monitoring,1,0,
13466,2011-09-01,United Kingdom,0.5803734566461002,57.91184971098266,Medium,32.83959537572254,Nurture / Monitor,84.30625,1,307.9,0.0,153.95,89.34849365066712,Low-cost digital nurture,0.5,2.680454809520014,2.180454809520014,Low-cost nurture communication and continued monitoring,1,1,1212.0
13468,2011-09-01,United Kingdom,0.0033843018514076984,1.119942196531792,Low,92.52167630057804,Protect High Value,7.5680555555555555,18,2646.03,169.0625,1323.015,4.477482113940156,VIP or loyalty service,12.0,0.3581985691152125,-11.641801430884788,Proactive loyalty or VIP service without aggressive discounting,0,0,
13470,2011-09-01,United Kingdom,0.6853531264168299,75.57803468208093,Medium,7.351878612716763,Nurture / Monitor,15.2875,1,115.5,0.0,57.75,39.57914305057193,Low-cost digital nurture,0.5,1.187374291517158,0.6873742915171579,Low-cost nurture communication and continued monitoring,0,0,
13474,2011-09-01,United Kingdom,0.6375273291981246,68.02745664739885,Medium,22.796242774566476,Nurture / Monitor,136.42152777777778,1,226.84,0.0,113.42,72.3083496776513,Low-cost digital nurture,0.5,2.1692504903295386,1.6692504903295386,Low-cost nurture communication and continued monitoring,1,0,
13475,2011-09-01,United Kingdom,0.44143061777160614,36.70520231213873,Low,75.39739884393065,Nurture / Monitor,91.42222222222222,3,1114.6599999999999,70.17291666666667,557.3299999999999,246.0225262026492,Low-cost digital nurture,0.5,7.380675786079475,6.880675786079475,Low-cost nurture communication and continued monitoring,1,1,342.0
13476,2011-09-01,United Kingdom,0.4472059105660479,37.31936416184971,Low,51.58959537572254,Nurture / Monitor,78.5,1,510.87,0.0,255.435,114.23204176543845,Low-cost digital nurture,0.5,3.4269612529631535,2.9269612529631535,Low-cost nurture communication and continued monitoring,1,1,940.0
13477,2011-09-01,United Kingdom,0.343406660573728,26.228323699421964,Low,61.92196531791907,Nurture / Monitor,38.446527777777774,3,714.15,73.00486111111111,357.075,122.62193332436392,Low-cost digital nurture,0.5,3.6786579997309174,3.1786579997309174,Low-cost nurture communication and continued monitoring,0,1,873.0
13479,2011-09-01,United Kingdom,0.6706852655134323,73.37427745664739,Medium,31.141618497109825,Nurture / Monitor,100.55208333333333,2,300.95,33.97083333333333,150.475,100.92136532813373,Low-cost digital nurture,0.5,3.0276409598440117,2.5276409598440117,Low-cost nurture communication and continued monitoring,1,1,1087.0
13481,2011-09-01,United Kingdom,0.28896812086999635,21.965317919075144,Low,79.91329479768787,Nurture / Monitor,8.438888888888888,4,1361.33,148.18125,680.665,196.69048599197606,Low-cost digital nurture,0.5,5.900714579759281,5.400714579759281,Low-cost nurture communication and continued monitoring,0,1,463.0
13482,2011-09-01,United Kingdom,0.8996369435893478,98.80780346820809,Critical,17.521676300578033,Reactivate Efficiently,132.28958333333333,1,184.64,0.0,92.32,83.05448263216859,Automated targeted campaign,5.0,12.458172394825288,7.458172394825288,Automated re-engagement with targeted product recommendations,1,0,
13484,2011-09-01,United Kingdom,0.7452128796888116,84.5014450867052,High,34.14017341040462,Reactivate Efficiently,141.3125,1,313.8,0.0,156.9,116.92390082317453,Automated targeted campaign,5.0,17.538585123476178,12.538585123476178,Automated re-engagement with targeted product recommendations,1,1,240.0
13485,2011-09-01,United Kingdom,0.5595372250526696,54.407514450867055,Medium,48.04913294797688,Nurture / Monitor,133.41805555555555,1,454.24,0.0,227.12,127.0820945539623,Low-cost digital nurture,0.5,3.812462836618869,3.312462836618869,Low-cost nurture communication and continued monitoring,1,1,841.0
13486,2011-09-01,United Kingdom,0.41810023878413305,33.706647398843934,Low,66.11271676300578,Nurture / Monitor,28.45138888888889,2,819.6099999999999,26.827083333333334,409.80499999999995,171.33956835493163,Low-cost digital nurture,0.5,5.140187050647949,4.640187050647949,Low-cost nurture communication and continued monitoring,0,1,560.0
13487,2011-09-01,United Kingdom,0.6415206807063577,68.5693641618497,Medium,21.71242774566474,Nurture / Monitor,113.32013888888889,1,215.65,0.0,107.825,69.17196739716302,Low-cost digital nurture,0.5,2.0751590219148905,1.5751590219148905,Low-cost nurture communication and continued monitoring,0,0,
13488,2011-09-01,United Kingdom,0.0774082401803839,6.791907514450866,Low,94.18352601156069,Protect High Value,20.563194444444445,6,3200.62,139.98680555555555,1600.31,123.87718084307016,VIP or loyalty service,12.0,9.910174467445612,-2.0898255325543875,Proactive loyalty or VIP service without aggressive discounting,0,0,
13489,2011-09-01,United Kingdom,0.47378732699583825,41.51011560693642,Low,21.351156069364162,Nurture / Monitor,5.447222222222222,2,213.83999999999997,52.07361111111111,106.91999999999999,50.65734100239502,Low-cost digital nurture,0.5,1.5197202300718506,1.0197202300718506,Low-cost nurture communication and continued monitoring,1,0,
13491,2011-09-01,United Kingdom,0.30424295229389015,23.265895953757227,Low,28.829479768786126,Nurture / Monitor,47.625,3,284.54,115.79305555555555,142.27,43.28464482285175,Low-cost digital nurture,0.5,1.2985393446855527,0.7985393446855527,Low-cost nurture communication and continued monitoring,0,0,
13492,2011-09-01,Switzerland,0.35021795492789565,26.986994219653177,Low,78.39595375722543,Nurture / Monitor,36.39930555555556,3,1269.8400000000001,78.17986111111111,634.9200000000001,222.36038394281954,Low-cost digital nurture,0.5,6.6708115182845855,6.1708115182845855,Low-cost nurture communication and continued monitoring,1,1,389.0
13493,2011-09-01,Switzerland,0.7312931494651606,82.47832369942196,High,40.28179190751445,Reactivate Efficiently,175.35069444444446,1,359.28,0.0,179.64,131.36950136992144,Automated targeted campaign,5.0,19.705425205488215,14.705425205488215,Automated re-engagement with targeted product recommendations,1,1,193.0
13495,2011-09-01,United Kingdom,0.6166687248994683,64.16184971098265,Medium,20.19508670520231,Nurture / Monitor,132.36458333333334,1,207.0,0.0,103.5,63.825213027094975,Low-cost digital nurture,0.5,1.914756390812849,1.414756390812849,Low-cost nurture communication and continued monitoring,0,0,
13499,2011-09-01,United Kingdom,0.6517489620338952,70.1228323699422,Medium,48.59104046242775,Nurture / Monitor,125.37569444444445,2,463.79,44.25486111111111,231.895,151.13732555085014,Low-cost digital nurture,0.5,4.534119766525504,4.034119766525504,Low-cost nurture communication and continued monitoring,0,1,665.0
13500,2011-09-01,United Kingdom,0.7626528878854736,87.13872832369943,High,35.91040462427746,Reactivate Efficiently,22.48611111111111,1,326.4,0.0,163.2,124.46495130290928,Automated targeted campaign,5.0,18.66974269543639,13.66974269543639,Automated re-engagement with targeted product recommendations,0,1,210.0
13502,2011-09-01,United Kingdom,0.6125296896177084,63.692196531791915,Medium,2.8179190751445087,Nurture / Monitor,174.63888888888889,1,74.56,0.0,37.28,22.83510682894817,Low-cost digital nurture,0.5,0.6850532048684451,0.18505320486844512,Low-cost nurture communication and continued monitoring,0,0,
13505,2011-09-01,Switzerland,0.367267841885562,28.757225433526013,Low,89.77601156069365,Protect High Value,66.475,3,2143.12,66.0201388888889,1071.56,393.5495286508928,VIP or loyalty service,12.0,31.483962292071425,19.483962292071425,Proactive loyalty or VIP service without aggressive discounting,0,0,
13507,2011-09-01,United Kingdom,0.40099093211680903,31.86416184971098,Low,84.46531791907515,Protect High Value,7.366666666666666,2,1636.4699999999998,38.140277777777776,818.2349999999999,328.1048153405972,VIP or loyalty service,12.0,26.248385227247777,14.248385227247777,Proactive loyalty or VIP service without aggressive discounting,0,0,
13508,2011-09-01,United Kingdom,0.9063280820409932,99.0606936416185,Critical,6.141618497109826,Reactivate Efficiently,143.5013888888889,1,110.97,0.0,55.485,50.28761363204451,Automated targeted campaign,5.0,7.543142044806676,2.543142044806676,Automated re-engagement with targeted product recommendations,1,0,
13509,2011-09-01,United Kingdom,0.745491841287986,84.60982658959537,High,47.03757225433526,Reactivate Efficiently,154.45763888888888,2,440.7,18.888194444444444,220.35,164.2691272278077,Automated targeted campaign,5.0,24.640369084171155,19.640369084171155,Automated re-engagement with targeted product recommendations,0,1,139.0
13510,2011-09-01,United Kingdom,0.42811268541075076,35.07947976878613,Low,55.45520231213873,Nurture / Monitor,83.60277777777777,1,585.3199999999999,0.0,292.65999999999997,125.2914585123103,Low-cost digital nurture,0.5,3.758743755369309,3.258743755369309,Low-cost nurture communication and continued monitoring,0,1,855.0
13512,2011-09-01,United Kingdom,0.5677253642013362,55.744219653179194,Medium,25.46965317919075,Nurture / Monitor,160.58125,1,251.21,0.0,125.605,71.30914437050885,Low-cost digital nurture,0.5,2.1392743311152653,1.6392743311152653,Low-cost nurture communication and continued monitoring,1,0,
13513,2011-09-01,United Kingdom,0.7217523046257884,81.17774566473989,High,19.906069364161848,Reactivate Efficiently,26.506944444444443,1,205.1,0.0,102.55,74.01569883937461,Automated targeted campaign,5.0,11.102354825906191,6.1023548259061915,Automated re-engagement with targeted product recommendations,1,0,
13515,2011-09-01,United Kingdom,0.5004935273980969,45.52023121387283,Low,52.20375722543352,Nurture / Monitor,17.44375,3,523.96,130.11666666666667,261.98,131.11929430775345,Low-cost digital nurture,0.5,3.9335788292326033,3.4335788292326033,Low-cost nurture communication and continued monitoring,0,1,812.0
13516,2011-09-01,United Kingdom,0.7563223974097165,86.23554913294798,High,11.958092485549134,Reactivate Efficiently,138.5375,1,146.0,0.0,73.0,55.21153501090931,Automated targeted campaign,5.0,8.281730251636397,3.2817302516363966,Automated re-engagement with targeted product recommendations,0,0,
13517,2011-09-01,United Kingdom,0.4438493038096219,37.066473988439306,Low,84.10404624277457,Protect High Value,6.513888888888889,2,1612.1799999999998,73.12222222222222,806.0899999999999,357.78248530789807,VIP or loyalty service,12.0,28.622598824631847,16.622598824631847,Proactive loyalty or VIP service without aggressive discounting,0,0,
13520,2011-09-01,Switzerland,0.2609316769297131,19.508670520231213,Low,83.88728323699422,Protect High Value,37.484722222222224,3,1599.46,121.91875,799.73,208.67488999099945,VIP or loyalty service,12.0,16.693991199279957,4.693991199279957,Proactive loyalty or VIP service without aggressive discounting,0,0,
13523,2011-09-01,United Kingdom,0.6040497856902538,61.66907514450867,Medium,86.34393063583815,Protect High Value,99.63125,2,1802.29,0.001388888888888889,901.145,544.3364441258437,VIP or loyalty service,12.0,43.5469155300675,31.5469155300675,Proactive loyalty or VIP service without aggressive discounting,0,1,96.0
13524,2011-09-01,United Kingdom,0.33710452073341224,25.650289017341038,Low,44.50867052023121,Nurture / Monitor,1.46875,3,408.86000000000007,118.01319444444445,204.43000000000004,68.91427717353147,Low-cost digital nurture,0.5,2.067428315205944,1.567428315205944,Low-cost nurture communication and continued monitoring,0,0,
13525,2011-09-01,United Kingdom,0.8343693743785174,95.77312138728324,Critical,28.50433526011561,Reactivate Efficiently,148.35,1,282.88,0.0,141.44,118.0132043120975,Automated targeted campaign,5.0,17.701980646814626,12.701980646814626,Automated re-engagement with targeted product recommendations,0,1,234.0
13527,2011-09-01,United Kingdom,0.3604221239674966,27.9985549132948,Low,78.07080924855492,Nurture / Monitor,5.4430555555555555,3,1252.07,96.04583333333333,626.035,225.63686437799174,Low-cost digital nurture,0.5,6.769105931339752,6.269105931339752,Low-cost nurture communication and continued monitoring,0,1,380.0
13529,2011-09-01,United Kingdom,0.7793941138862261,89.378612716763,High,17.160404624277454,Reactivate Efficiently,104.50694444444444,1,181.1,0.0,90.55,70.57413701239777,Automated targeted campaign,5.0,10.586120551859665,5.586120551859665,Automated re-engagement with targeted product recommendations,0,0,
13531,2011-09-01,United Kingdom,0.5823811823562006,58.20086705202312,Medium,16.546242774566476,Nurture / Monitor,105.29444444444445,1,178.35,0.0,89.175,51.933841936614186,Low-cost digital nurture,0.5,1.5580152580984254,1.0580152580984254,Low-cost nurture communication and continued monitoring,1,0,
13533,2011-09-01,United Kingdom,0.5609175274448159,54.91329479768786,Medium,27.45664739884393,Nurture / Monitor,82.50416666666666,3,269.09,84.96319444444444,134.545,75.46864873006275,Low-cost digital nurture,0.5,2.2640594619018826,1.7640594619018826,Low-cost nurture communication and continued monitoring,1,0,
13534,2011-09-01,United Kingdom,0.01409890478186157,1.9147398843930636,Low,94.76156069364163,Protect High Value,7.558333333333334,13,3341.78,153.80555555555554,1670.89,23.55771901096468,VIP or loyalty service,12.0,1.8846175208771743,-10.115382479122825,Proactive loyalty or VIP service without aggressive discounting,0,0,
13538,2011-09-01,United Kingdom,0.2597734728793283,19.36416184971098,Low,62.28323699421965,Nurture / Monitor,20.631944444444443,4,724.95,154.04722222222222,362.475,94.16138958193453,Low-cost digital nurture,0.5,2.8248416874580355,2.3248416874580355,Low-cost nurture communication and continued monitoring,0,1,1173.0
13539,2011-09-01,United Kingdom,0.6021729591771883,61.307803468208085,Medium,12.68063583815029,Nurture / Monitor,140.42708333333334,1,151.55,0.0,75.775,45.629655981651446,Low-cost digital nurture,0.5,1.3688896794495433,0.8688896794495433,Low-cost nurture communication and continued monitoring,0,0,
13544,2011-09-01,United Kingdom,0.5855864822634385,58.8150289017341,Medium,6.75578034682081,Nurture / Monitor,140.49375,1,113.01,0.0,56.505,33.08856418029559,Low-cost digital nurture,0.5,0.9926569254088677,0.49265692540886774,Low-cost nurture communication and continued monitoring,0,0,
13546,2011-09-01,United Kingdom,0.6187262439783784,64.5592485549133,Medium,17.232658959537574,Nurture / Monitor,100.49027777777778,1,182.26,0.0,91.13,56.38452261374962,Low-cost digital nurture,0.5,1.6915356784124884,1.1915356784124884,Low-cost nurture communication and continued monitoring,0,0,
13548,2011-09-01,United Kingdom,0.7504267844687043,85.26011560693641,High,28.32369942196532,Reactivate Efficiently,143.51736111111111,1,281.01,0.0,140.505,105.43871535177529,Automated targeted campaign,5.0,15.815807302766292,10.815807302766292,Automated re-engagement with targeted product recommendations,0,0,
13549,2011-09-01,United Kingdom,0.2790558157064289,21.0621387283237,Low,64.0534682080925,Nurture / Monitor,42.44375,5,762.05,99.98541666666667,381.025,106.32724217954207,Low-cost digital nurture,0.5,3.189817265386262,2.689817265386262,Low-cost nurture communication and continued monitoring,0,1,1039.0
13552,2011-09-01,United Kingdom,0.11640307804058543,9.501445086705203,Low,91.58236994219652,Protect High Value,23.522222222222222,8,2449.21,133.04375,1224.605,142.54779138389114,VIP or loyalty service,12.0,11.40382331071129,-0.5961766892887095,Proactive loyalty or VIP service without aggressive discounting,0,0,
13555,2011-09-01,United Kingdom,0.522030938348676,48.73554913294797,Low,83.63439306358381,Protect High Value,101.525,2,1590.05,0.0125,795.025,415.0276467606561,VIP or loyalty service,12.0,33.20221174085249,21.20221174085249,Proactive loyalty or VIP service without aggressive discounting,0,0,
13561,2011-09-01,United Kingdom,0.5923103149523249,59.862716763005785,Medium,11.163294797687861,Nurture / Monitor,115.47291666666666,1,141.85999999999999,0.0,70.92999999999999,42.0125706395684,Low-cost digital nurture,0.5,1.260377119187052,0.7603771191870521,Low-cost nurture communication and continued monitoring,1,0,
13562,2011-09-01,United Kingdom,0.47079065450997426,40.96820809248555,Low,77.13150289017341,Nurture / Monitor,41.36666666666667,2,1209.73,104.10416666666667,604.865,284.76478924017556,Low-cost digital nurture,0.5,8.542943677205267,8.042943677205267,Low-cost nurture communication and continued monitoring,0,1,292.0
13563,2011-09-01,United Kingdom,0.6898186192081731,76.11994219653178,Medium,33.59826589595375,Nurture / Monitor,40.27708333333333,1,310.88,0.0,155.44,107.22540616971843,Low-cost digital nurture,0.5,3.2167621850915524,2.7167621850915524,Low-cost nurture communication and continued monitoring,0,1,1028.0
13568,2011-09-01,United Kingdom,0.7066230716748504,79.01011560693641,Medium,17.88294797687861,Nurture / Monitor,73.3875,1,187.05,0.0,93.525,66.08692277839039,Low-cost digital nurture,0.5,1.9826076833517117,1.4826076833517117,Low-cost nurture communication and continued monitoring,1,0,
13570,2011-09-01,United Kingdom,0.7775181506615516,89.0534682080925,High,24.241329479768787,Reactivate Efficiently,143.43333333333334,1,239.49,0.0,119.745,93.1039109509675,Automated targeted campaign,5.0,13.965586642645125,8.965586642645125,Automated re-engagement with targeted product recommendations,1,0,
13571,2011-09-01,United Kingdom,0.12744718540972913,10.007225433526012,Low,65.46242774566474,Nurture / Monitor,27.500694444444445,6,801.15,125.96944444444445,400.575,51.05215629550224,Low-cost digital nurture,0.5,1.5315646888650671,1.0315646888650671,Low-cost nurture communication and continued monitoring,0,0,
13572,2011-09-01,United Kingdom,0.7224727972317819,81.39450867052022,High,80.27456647398844,Rescue Now,105.50069444444445,1,1384.25,0.0,692.125,500.04148478404704,Personal outreach,50.0,125.01037119601176,75.01037119601176,"Priority personal outreach, tailored incentive, and rapid follow-up",1,1,18.0
13573,2011-09-01,United Kingdom,0.6810568143912706,74.92774566473989,Medium,0.7947976878612716,Nurture / Monitor,153.3840277777778,1,31.770000000000003,0.0,15.885000000000002,10.818587496605335,Low-cost digital nurture,0.5,0.32455762489816004,-0.17544237510183996,Low-cost nurture communication and continued monitoring,0,0,
13575,2011-09-01,United Kingdom,0.5050142337102216,46.09826589595375,Low,22.145953757225435,Nurture / Monitor,33.522222222222226,2,218.75,42.87777777777778,109.375,55.23593181205548,Low-cost digital nurture,0.5,1.6570779543616645,1.1570779543616645,Low-cost nurture communication and continued monitoring,0,0,
13576,2011-09-01,United Kingdom,0.055321289559098485,4.985549132947977,Low,93.20809248554913,Protect High Value,13.32013888888889,8,2830.17,148.20902777777778,1415.085,78.28432703573688,VIP or loyalty service,12.0,6.26274616285895,-5.73725383714105,Proactive loyalty or VIP service without aggressive discounting,0,0,
13577,2011-09-01,United Kingdom,0.438687965320386,36.30780346820809,Low,66.1849710982659,Nurture / Monitor,48.575694444444444,2,822.1,92.98472222222222,411.05,180.32268814494466,Low-cost digital nurture,0.5,5.40968064434834,4.90968064434834,Low-cost nurture communication and continued monitoring,0,1,519.0
13583,2011-09-01,United Kingdom,0.9122494252984896,99.3135838150289,Critical,64.84826589595376,Reactivate Efficiently,55.55555555555556,1,781.03,0.0,390.515,356.2470843204397,Automated targeted campaign,5.0,53.437062648065954,48.437062648065954,Automated re-engagement with targeted product recommendations,1,1,44.0
13588,2011-09-01,United Kingdom,0.4191011868671259,33.851156069364166,Low,74.16907514450867,Nurture / Monitor,20.35763888888889,3,1075.62,134.98055555555555,537.81,225.39680930900894,Low-cost digital nurture,0.5,6.761904279270268,6.261904279270268,Low-cost nurture communication and continued monitoring,0,1,382.0
13589,2011-09-01,United Kingdom,0.6424671872087435,68.75,Medium,12.030346820809248,Nurture / Monitor,79.46944444444445,1,147.0,0.0,73.5,47.221338259842646,Low-cost digital nurture,0.5,1.4166401477952792,0.9166401477952792,Low-cost nurture communication and continued monitoring,0,0,
13590,2011-09-01,United Kingdom,0.24047741100259873,18.171965317919074,Low,65.64306358381504,Nurture / Monitor,50.55138888888889,3,807.32,88.76041666666667,403.66,97.07111172530901,Low-cost digital nurture,0.5,2.91213335175927,2.41213335175927,Low-cost nurture communication and continued monitoring,0,1,1129.0
13591,2011-09-01,United Kingdom,0.5602305748990566,54.69653179190751,Medium,64.8121387283237,Nurture / Monitor,104.41805555555555,2,776.23,62.06944444444444,388.115,217.43388957694737,Low-cost digital nurture,0.5,6.523016687308421,6.023016687308421,Low-cost nurture communication and continued monitoring,0,1,401.0
13592,2011-09-01,United Kingdom,0.5855315112399003,58.77890173410405,Medium,19.942196531791907,Nurture / Monitor,105.61597222222223,3,205.51,58.8,102.755,60.166290437455956,Low-cost digital nurture,0.5,1.8049887131236786,1.3049887131236786,Low-cost nurture communication and continued monitoring,0,0,
13593,2011-09-01,United Kingdom,0.18234612655009022,13.547687861271676,Low,81.46676300578035,Protect High Value,8.434027777777779,4,1452.0300000000002,156.14027777777778,726.0150000000001,132.38602306726378,VIP or loyalty service,12.0,10.590881845381103,-1.4091181546188967,Proactive loyalty or VIP service without aggressive discounting,1,0,
13599,2011-09-01,United Kingdom,0.16142029773893374,12.536127167630056,Low,72.6878612716763,Nurture / Monitor,56.4875,4,1011.29,85.1361111111111,505.645,81.62136645020314,Low-cost digital nurture,0.5,2.448640993506094,1.948640993506094,Low-cost nurture communication and continued monitoring,0,0,
13601,2011-09-01,United Kingdom,0.5698012891997255,56.25,Medium,41.54624277456647,Nurture / Monitor,111.29722222222222,1,373.2,0.0,186.6,106.32492056466877,Low-cost digital nurture,0.5,3.189747616940063,2.689747616940063,Low-cost nurture communication and continued monitoring,0,1,1040.0
13606,2011-09-01,United Kingdom,0.6915249796150673,76.3728323699422,Medium,16.383670520231213,Nurture / Monitor,143.4638888888889,1,176.60999999999999,0.0,88.30499999999999,61.065113324908516,Low-cost digital nurture,0.5,1.8319533997472555,1.3319533997472555,Low-cost nurture communication and continued monitoring,0,0,
13610,2011-09-01,United Kingdom,0.1528885351478538,11.958092485549134,Low,52.74566473988439,Nurture / Monitor,10.3875,4,530.64,133.01041666666666,265.32,40.56438614542857,Low-cost digital nurture,0.5,1.2169315843628572,0.7169315843628572,Low-cost nurture communication and continued monitoring,0,0,
13611,2011-09-01,United Kingdom,0.44278379445420196,36.921965317919074,Low,37.17485549132948,Nurture / Monitor,70.48263888888889,1,333.57,0.0,166.785,73.84969515804407,Low-cost digital nurture,0.5,2.215490854741322,1.7154908547413221,Low-cost nurture communication and continued monitoring,0,0,
13614,2011-09-01,United Kingdom,0.4930214765795651,44.183526011560694,Low,55.02167630057804,Nurture / Monitor,64.37638888888888,1,573.13,0.0,286.565,141.28269943602305,Low-cost digital nurture,0.5,4.2384809830806915,3.7384809830806915,Low-cost nurture communication and continued monitoring,0,1,741.0
13617,2011-09-01,United Kingdom,0.4757803235829831,41.72687861271676,Low,40.76950867052023,Nurture / Monitor,13.446527777777778,2,365.7,67.01527777777778,182.85,86.99643216714846,Low-cost digital nurture,0.5,2.6098929650144536,2.1098929650144536,Low-cost nurture communication and continued monitoring,0,1,1243.0
13618,2011-09-01,United Kingdom,0.7376878461055343,83.38150289017341,High,16.473988439306357,Reactivate Efficiently,73.53541666666666,1,177.34,0.0,88.67,65.41078131417773,Automated targeted campaign,5.0,9.811617197126658,4.811617197126658,Automated re-engagement with targeted product recommendations,1,0,
13621,2011-09-01,United Kingdom,0.6694757382231427,73.121387283237,Medium,21.38728323699422,Nurture / Monitor,16.648611111111112,1,213.85,0.0,106.925,71.58369330950953,Low-cost digital nurture,0.5,2.1475107992852855,1.6475107992852855,Low-cost nurture communication and continued monitoring,1,0,
13623,2011-09-01,United Kingdom,0.5194067751860306,48.26589595375722,Low,42.304913294797686,Nurture / Monitor,110.325,3,383.1700000000001,57.12430555555556,191.58500000000004,99.5105470240157,Low-cost digital nurture,0.5,2.9853164107204706,2.4853164107204706,Low-cost nurture communication and continued monitoring,0,1,1104.0
13626,2011-09-01,United Kingdom,0.6850643729716098,75.39739884393065,Medium,26.156069364161848,Nurture / Monitor,152.57986111111111,1,257.23,0.0,128.615,88.1095543297436,Low-cost digital nurture,0.5,2.643286629892308,2.143286629892308,Low-cost nurture communication and continued monitoring,1,1,1226.0
13627,2011-09-01,United Kingdom,0.523643039422833,48.91618497109826,Low,61.95809248554913,Nurture / Monitor,76.42361111111111,2,715.81,28.16875,357.905,187.41446202462902,Low-cost digital nurture,0.5,5.62243386073887,5.12243386073887,Low-cost nurture communication and continued monitoring,0,1,490.0
13629,2011-09-01,United Kingdom,0.13685650947741754,10.69364161849711,Low,94.97832369942196,Protect High Value,36.58680555555556,5,3472.36,102.93263888888889,1736.18,237.6075346245028,VIP or loyalty service,12.0,19.008602769960223,7.008602769960223,Proactive loyalty or VIP service without aggressive discounting,0,0,
13630,2011-09-01,United Kingdom,0.21394679658373186,16.329479768786126,Low,73.95231213872833,Nurture / Monitor,5.561111111111111,4,1062.32,139.7798611111111,531.16,113.63998047341501,Low-cost digital nurture,0.5,3.40919941420245,2.90919941420245,Low-cost nurture communication and continued monitoring,0,1,946.0
13631,2011-09-01,United Kingdom,0.21004395267128723,15.96820809248555,Low,93.64161849710982,Protect High Value,43.34097222222222,10,3017.92,123.94166666666666,1508.96,316.94792282286556,VIP or loyalty service,12.0,25.355833825829247,13.355833825829247,Proactive loyalty or VIP service without aggressive discounting,0,0,
13632,2011-09-01,United Kingdom,0.4719521587661752,41.221098265895954,Low,65.89595375722543,Nurture / Monitor,73.48402777777778,3,812.26,69.8861111111111,406.13,191.67393023970672,Low-cost digital nurture,0.5,5.750217907191201,5.250217907191201,Low-cost nurture communication and continued monitoring,0,1,475.0
13634,2011-09-01,United Kingdom,0.3507106498792703,27.059248554913296,Low,46.02601156069364,Nurture / Monitor,6.426388888888889,2,421.77000000000004,135.89513888888888,210.88500000000002,73.95961539978993,Low-cost digital nurture,0.5,2.2187884619936975,1.7187884619936975,Low-cost nurture communication and continued monitoring,0,0,
13636,2011-09-01,United Kingdom,0.5076792144202853,46.49566473988439,Low,50.505780346820806,Nurture / Monitor,22.377777777777776,3,492.05,138.2125,246.025,124.9017787277507,Low-cost digital nurture,0.5,3.7470533618325206,3.2470533618325206,Low-cost nurture communication and continued monitoring,0,1,857.0
13637,2011-09-01,United Kingdom,0.6069822581941232,62.46387283236994,Medium,60.54913294797688,Nurture / Monitor,87.44166666666666,2,677.4,39.0125,338.7,205.58489085034952,Low-cost digital nurture,0.5,6.167546725510485,5.667546725510485,Low-cost nurture communication and continued monitoring,0,1,440.0
13642,2011-09-01,United Kingdom,0.8047560814563117,92.66618497109826,Critical,33.88728323699422,Reactivate Efficiently,115.47638888888889,1,312.28,0.0,156.14,125.6546145585885,Automated targeted campaign,5.0,18.848192183788274,13.848192183788274,Automated re-engagement with targeted product recommendations,1,1,208.0
13643,2011-09-01,United Kingdom,0.5149384996516287,47.36271676300578,Low,3.7210982658959537,Nurture / Monitor,85.51388888888889,1,87.9,0.0,43.95,22.631547059689083,Low-cost digital nurture,0.5,0.6789464117906725,0.1789464117906725,Low-cost nurture communication and continued monitoring,0,0,
13644,2011-09-01,United Kingdom,0.6008635197933335,61.1271676300578,Medium,67.23265895953757,Nurture / Monitor,5.504861111111111,1,851.09,0.0,425.545,255.69446653045412,Low-cost digital nurture,0.5,7.670833995913624,7.170833995913624,Low-cost nurture communication and continued monitoring,0,1,326.0
13645,2011-09-01,United Kingdom,0.7083010614097518,79.33526011560693,Medium,25.704479768786126,Nurture / Monitor,20.325694444444444,1,252.1,0.0,126.05,89.28134879069921,Low-cost digital nurture,0.5,2.6784404637209764,2.1784404637209764,Low-cost nurture communication and continued monitoring,1,1,1213.0
13647,2011-09-01,United Kingdom,0.5621550902061696,55.13005780346821,Medium,65.53468208092485,Nurture / Monitor,75.44652777777777,2,803.86,59.144444444444446,401.93,225.94699540656575,Low-cost digital nurture,0.5,6.778409862196972,6.278409862196972,Low-cost nurture communication and continued monitoring,0,1,378.0
13649,2011-09-01,United Kingdom,0.6058892284348356,62.21098265895954,Medium,12.17485549132948,Nurture / Monitor,156.50625,1,148.8,0.0,74.4,45.07815859555177,Low-cost digital nurture,0.5,1.352344757866553,0.8523447578665531,Low-cost nurture communication and continued monitoring,1,0,
13650,2011-09-01,United Kingdom,0.49442823887872156,44.40028901734104,Low,63.22254335260116,Nurture / Monitor,107.40347222222222,2,745.52,60.07083333333333,372.76,184.30307032443224,Low-cost digital nurture,0.5,5.529092109732967,5.029092109732967,Low-cost nurture communication and continued monitoring,0,1,502.0
13652,2011-09-01,United Kingdom,0.6307019501217287,66.94364161849711,Medium,36.52456647398844,Nurture / Monitor,156.61041666666668,1,329.44,0.0,164.72,103.88922522405115,Low-cost digital nurture,0.5,3.1166767567215343,2.6166767567215343,Low-cost nurture communication and continued monitoring,0,1,1066.0
13654,2011-09-01,United Kingdom,0.2327917554315746,17.557803468208093,Low,85.36849710982659,Protect High Value,45.43819444444444,4,1714.27,128.02430555555554,857.135,199.5339612918427,VIP or loyalty service,12.0,15.962716903347417,3.9627169033474168,Proactive loyalty or VIP service without aggressive discounting,0,0,
13655,2011-09-01,United Kingdom,0.5029118976447509,45.73699421965318,Low,70.48410404624278,Nurture / Monitor,14.399305555555555,2,932.97,127.18888888888888,466.485,234.6008565728116,Low-cost digital nurture,0.5,7.038025697184348,6.538025697184348,Low-cost nurture communication and continued monitoring,1,1,360.0
13656,2011-09-01,United Kingdom,0.5611749712676869,54.949421965317924,Medium,21.856936416184972,Nurture / Monitor,64.56180555555555,1,216.95,0.0,108.475,60.87345500826233,Low-cost digital nurture,0.5,1.82620365024787,1.32620365024787,Low-cost nurture communication and continued monitoring,1,0,
13657,2011-09-01,United Kingdom,0.7679963406309535,88.07803468208093,High,12.825144508670519,Reactivate Efficiently,101.47569444444444,1,152.34,0.0,76.17,58.498281265859724,Automated targeted campaign,5.0,8.774742189878959,3.7747421898789586,Automated re-engagement with targeted product recommendations,0,0,
13658,2011-09-01,United Kingdom,0.468787429417519,40.53468208092485,Low,70.55635838150289,Nurture / Monitor,104.28125,1,933.3,0.0,466.65,218.75965393768524,Low-cost digital nurture,0.5,6.562789618130557,6.062789618130557,Low-cost nurture communication and continued monitoring,0,1,399.0
13659,2011-09-01,United Kingdom,0.42284279737906755,34.2485549132948,Low,52.42052023121387,Nurture / Monitor,105.47430555555556,1,527.8,0.0,263.9,111.58821422833591,Low-cost digital nurture,0.5,3.347646426850077,2.847646426850077,Low-cost nurture communication and continued monitoring,1,1,977.0
13662,2011-09-01,United Kingdom,0.47018822955888884,40.7514450867052,Low,51.80635838150289,Nurture / Monitor,112.44236111111111,2,516.44,47.0,258.22,121.4120046366963,Low-cost digital nurture,0.5,3.6423601391008886,3.1423601391008886,Low-cost nurture communication and continued monitoring,0,1,880.0
13663,2011-09-01,United Kingdom,0.6105700904958392,63.33092485549133,Medium,18.13583815028902,Nurture / Monitor,79.34444444444445,1,189.47,0.0,94.735,57.842357523123326,Low-cost digital nurture,0.5,1.7352707256936997,1.2352707256936997,Low-cost nurture communication and continued monitoring,1,0,
13667,2011-09-01,United Kingdom,0.6392911880200899,68.17196531791907,Medium,30.63583815028902,Nurture / Monitor,49.34583333333333,1,299.05,0.0,149.525,95.59001488870395,Low-cost digital nurture,0.5,2.8677004466611185,2.3677004466611185,Low-cost nurture communication and continued monitoring,1,1,1155.0
13668,2011-09-01,United Kingdom,0.016994645076560434,2.203757225433526,Low,94.0028901734104,Protect High Value,13.463194444444444,12,3151.8900000000003,155.00555555555556,1575.9450000000002,26.782625935180036,VIP or loyalty service,12.0,2.142610074814403,-9.857389925185597,Proactive loyalty or VIP service without aggressive discounting,0,0,
13669,2011-09-01,United Kingdom,0.8154482851990102,94.32803468208093,Critical,1.300578034682081,Reactivate Efficiently,49.51111111111111,1,48.150000000000006,0.0,24.075000000000003,19.631917466166176,Automated targeted campaign,5.0,2.9447876199249263,-2.0552123800750737,Automated re-engagement with targeted product recommendations,0,0,
13675,2011-09-01,United Kingdom,0.6609056913924486,71.45953757225433,Medium,16.582369942196532,Nurture / Monitor,51.46041666666667,1,178.38000000000002,0.0,89.19000000000001,58.946178615292496,Low-cost digital nurture,0.5,1.7683853584587748,1.2683853584587748,Low-cost nurture communication and continued monitoring,1,0,
13678,2011-09-01,United Kingdom,0.7268466831219861,81.9364161849711,High,23.5007225433526,Reactivate Efficiently,51.57361111111111,1,232.6,0.0,116.3,84.53226924708697,Automated targeted campaign,5.0,12.679840387063045,7.679840387063045,Automated re-engagement with targeted product recommendations,1,0,
13681,2011-09-01,United Kingdom,0.7358790645883885,83.05635838150289,High,19.653179190751445,Reactivate Efficiently,55.360416666666666,1,203.46,0.0,101.73,74.86097724057676,Automated targeted campaign,5.0,11.229146586086513,6.229146586086513,Automated re-engagement with targeted product recommendations,0,0,
13682,2011-09-01,United Kingdom,0.7837536425372419,89.99277456647398,High,1.9869942196531793,Reactivate Efficiently,87.4125,1,59.5,0.0,29.75,23.316670865482948,Automated targeted campaign,5.0,3.4975006298224423,-1.5024993701775577,Automated re-engagement with targeted product recommendations,1,0,
13686,2011-09-01,United Kingdom,0.6641726612773842,72.21820809248555,Medium,2.6734104046242777,Nurture / Monitor,82.61805555555556,1,72.0,0.0,36.0,23.91021580598583,Low-cost digital nurture,0.5,0.7173064741795748,0.21730647417957483,Low-cost nurture communication and continued monitoring,1,0,
13692,2011-09-01,United Kingdom,0.6100961105658712,63.29479768786127,Medium,68.13583815028902,Nurture / Monitor,113.57569444444445,2,871.58,22.884722222222223,435.79,265.873784023501,Low-cost digital nurture,0.5,7.97621352070503,7.47621352070503,Low-cost nurture communication and continued monitoring,0,1,315.0
13694,2011-09-01,United Kingdom,6.297697057374388e-06,0.32514450867052025,Low,99.63872832369943,Protect High Value,7.439583333333333,28,31594.14,155.0375,15797.07,0.09948516125413723,VIP or loyalty service,12.0,0.007958812900330979,-11.99204118709967,Proactive loyalty or VIP service without aggressive discounting,0,0,
13695,2011-09-01,United Kingdom,0.10933579273231307,9.104046242774565,Low,80.3106936416185,Protect High Value,19.513194444444444,11,1385.53,140.00694444444446,692.765,75.74401045220087,VIP or loyalty service,12.0,6.05952083617607,-5.94047916382393,Proactive loyalty or VIP service without aggressive discounting,0,0,
13699,2011-09-01,United Kingdom,0.8788724562903867,97.90462427745665,Critical,32.947976878612714,Reactivate Efficiently,55.297916666666666,1,308.58000000000004,0.0,154.29000000000002,135.60123128104377,Automated targeted campaign,5.0,20.340184692156566,15.340184692156566,Automated re-engagement with targeted product recommendations,1,1,179.0
13700,2011-09-01,United Kingdom,0.42491496524284217,34.46531791907515,Low,74.60260115606935,Nurture / Monitor,76.525,4,1089.79,95.00208333333333,544.895,231.53403998599848,Low-cost digital nurture,0.5,6.946021199579954,6.446021199579954,Low-cost nurture communication and continued monitoring,0,1,368.0
13705,2011-09-01,United Kingdom,0.5358128613215956,50.83092485549133,Medium,19.833815028901732,Nurture / Monitor,44.614583333333336,1,204.54,0.0,102.27,54.79758132735957,Low-cost digital nurture,0.5,1.643927439820787,1.143927439820787,Low-cost nurture communication and continued monitoring,1,0,
13707,2011-09-01,United Kingdom,0.6170591056204818,64.30635838150289,Medium,22.434971098265898,Nurture / Monitor,167.24791666666667,1,223.0,0.0,111.5,68.80209027668373,Low-cost digital nurture,0.5,2.064062708300512,1.5640627083005119,Low-cost nurture communication and continued monitoring,1,0,
13708,2011-09-01,United Kingdom,0.7739127309465876,88.58381502890174,High,28.61271676300578,Reactivate Efficiently,171.42638888888888,1,283.33,0.0,141.665,109.63634702954833,Automated targeted campaign,5.0,16.44545205443225,11.445452054432248,Automated re-engagement with targeted product recommendations,1,0,
13709,2011-09-01,United Kingdom,0.2800166895873829,21.20664739884393,Low,91.65462427745665,Protect High Value,1.5694444444444444,4,2464.51,67.04027777777777,1232.255,345.05196582750057,VIP or loyalty service,12.0,27.604157266200048,15.604157266200048,Proactive loyalty or VIP service without aggressive discounting,0,0,
13711,2011-09-01,United Kingdom,0.6468565198258187,69.29190751445087,Medium,25.650289017341038,Nurture / Monitor,118.56180555555555,2,252.06,0.001388888888888889,126.03,81.52332719364793,Low-cost digital nurture,0.5,2.4456998158094376,1.9456998158094376,Low-cost nurture communication and continued monitoring,1,0,
13712,2011-09-01,United Kingdom,0.885433261833317,98.30202312138728,Critical,23.085260115606935,Reactivate Efficiently,146.47708333333333,1,228.84,0.0,114.42,101.31127381896813,Automated targeted campaign,5.0,15.19669107284522,10.19669107284522,Automated re-engagement with targeted product recommendations,1,0,
13716,2011-09-01,United Kingdom,0.8018659542122931,92.52167630057804,Critical,10.54913294797688,Reactivate Efficiently,169.42430555555555,1,138.28,0.0,69.14,55.441012074237946,Automated targeted campaign,5.0,8.316151811135692,3.3161518111356916,Automated re-engagement with targeted product recommendations,1,0,
13717,2011-09-01,United Kingdom,0.3565210892026574,27.565028901734106,Low,59.71820809248555,Nurture / Monitor,28.652083333333334,3,657.94,111.94583333333334,328.97,117.28474271499822,Low-cost digital nurture,0.5,3.5185422814499465,3.0185422814499465,Low-cost nurture communication and continued monitoring,0,1,918.0
13718,2011-09-01,United Kingdom,0.7370277338525086,83.27312138728324,High,18.497109826589593,Reactivate Efficiently,146.44166666666666,1,192.5,0.0,96.25,70.93891938330395,Automated targeted campaign,5.0,10.640837907495593,5.640837907495593,Automated re-engagement with targeted product recommendations,1,0,
13719,2011-09-01,United Kingdom,0.5638449878347961,55.346820809248555,Medium,37.82514450867052,Nurture / Monitor,105.46388888888889,2,338.74,28.955555555555556,169.37,95.49842558957941,Low-cost digital nurture,0.5,2.8649527676873823,2.3649527676873823,Low-cost nurture communication and continued monitoring,0,1,1158.0
13720,2011-09-01,United Kingdom,0.26785168054973707,20.303468208092486,Low,65.3179190751445,Nurture / Monitor,16.468055555555555,4,799.9,138.14513888888888,399.95,107.12727963586734,Low-cost digital nurture,0.5,3.21381838907602,2.71381838907602,Low-cost nurture communication and continued monitoring,1,1,1029.0
13722,2011-09-01,United Kingdom,0.3768380384175879,29.84104046242775,Low,69.72543352601156,Nurture / Monitor,31.469444444444445,2,911.94,0.0006944444444444445,455.97,171.82684037726756,Low-cost digital nurture,0.5,5.154805211318027,4.654805211318027,Low-cost nurture communication and continued monitoring,1,1,555.0
13723,2011-09-01,United Kingdom,0.6650242696401193,72.36271676300578,Medium,19.36416184971098,Nurture / Monitor,117.28888888888889,1,199.85000000000002,0.0,99.92500000000001,66.45255014378893,Low-cost digital nurture,0.5,1.9935765043136677,1.4935765043136677,Low-cost nurture communication and continued monitoring,1,0,
13725,2011-09-01,United Kingdom,0.36198757275704596,28.14306358381503,Low,45.08670520231214,Nurture / Monitor,69.33194444444445,3,413.77,95.17986111111111,206.885,74.88979898984145,Low-cost digital nurture,0.5,2.2466939696952433,1.7466939696952433,Low-cost nurture communication and continued monitoring,0,0,
13726,2011-09-01,United Kingdom,0.6450657881854394,68.96676300578035,Medium,29.76878612716763,Nurture / Monitor,0.5375,1,292.68,0.0,146.34,94.3989274430572,Low-cost digital nurture,0.5,2.831967823291716,2.331967823291716,Low-cost nurture communication and continued monitoring,0,1,1169.0
13728,2011-09-01,United Kingdom,0.16207167817651658,12.608381502890174,Low,58.67052023121387,Nurture / Monitor,7.4625,4,638.44,147.03402777777777,319.22,51.73652110750763,Low-cost digital nurture,0.5,1.5520956332252287,1.0520956332252287,Low-cost nurture communication and continued monitoring,0,0,
13730,2011-09-01,United Kingdom,0.4648252564106277,40.028901734104046,Low,63.547687861271676,Nurture / Monitor,35.642361111111114,2,752.5999999999999,25.825,376.29999999999995,174.91374398731918,Low-cost digital nurture,0.5,5.247412319619575,4.747412319619575,Low-cost nurture communication and continued monitoring,1,1,545.0
13731,2011-09-01,United Kingdom,0.637414398211319,67.99132947976878,Medium,57.00867052023122,Nurture / Monitor,119.39375,2,610.59,27.18263888888889,305.295,194.59942870192464,Low-cost digital nurture,0.5,5.837982861057739,5.337982861057739,Low-cost nurture communication and continued monitoring,1,1,466.0
13735,2011-09-01,United Kingdom,0.2947812343522379,22.65173410404624,Low,80.63583815028902,Protect High Value,75.53680555555556,2,1409.69,58.8875,704.845,207.77507912700312,VIP or loyalty service,12.0,16.62200633016025,4.62200633016025,Proactive loyalty or VIP service without aggressive discounting,0,0,
13736,2011-09-01,United Kingdom,0.50574349910202,46.206647398843934,Low,39.77601156069364,Nurture / Monitor,160.45555555555555,1,357.53,0.0,178.765,90.40923661697259,Low-cost digital nurture,0.5,2.7122770985091775,2.2122770985091775,Low-cost nurture communication and continued monitoring,1,1,1202.0
13737,2011-09-01,United Kingdom,0.7455337892095996,84.64595375722543,High,38.078034682080926,Reactivate Efficiently,100.31111111111112,1,339.59999999999997,0.0,169.79999999999998,126.59163740778999,Automated targeted campaign,5.0,18.988745611168497,13.988745611168497,Automated re-engagement with targeted product recommendations,1,1,204.0
13740,2011-09-01,United Kingdom,0.5867928594344991,58.99566473988439,Medium,39.197976878612714,Nurture / Monitor,140.5611111111111,1,350.75,0.0,175.375,102.90879772332528,Low-cost digital nurture,0.5,3.0872639316997583,2.5872639316997583,Low-cost nurture communication and continued monitoring,1,1,1071.0
13741,2011-09-01,United Kingdom,0.6052352701267495,61.95809248554913,Medium,40.53468208092485,Nurture / Monitor,83.67152777777778,2,363.13,33.75694444444444,181.565,109.88954182056327,Low-cost digital nurture,0.5,3.296686254616898,2.796686254616898,Low-cost nurture communication and continued monitoring,0,1,999.0
13742,2011-09-01,United Kingdom,0.2183213964968226,16.654624277456648,Low,81.79190751445087,Protect High Value,62.44097222222222,7,1477.39,75.89652777777778,738.695,161.2729239852204,VIP or loyalty service,12.0,12.901833918817632,0.9018339188176316,Proactive loyalty or VIP service without aggressive discounting,0,0,
13743,2011-09-01,United Kingdom,0.1708504205140254,12.969653179190752,Low,69.76156069364163,Nurture / Monitor,7.569444444444445,5,912.1199999999999,151.81527777777777,456.05999999999995,77.91804277962642,Low-cost digital nurture,0.5,2.3375412833887923,1.8375412833887923,Low-cost nurture communication and continued monitoring,0,0,
13745,2011-09-01,United Kingdom,0.847326202666937,96.24277456647398,Critical,30.74421965317919,Reactivate Efficiently,62.303472222222226,1,300.04,0.0,150.02,127.1158769240939,Automated targeted campaign,5.0,19.067381538614082,14.067381538614082,Automated re-engagement with targeted product recommendations,1,1,200.0
13748,2011-09-01,United Kingdom,0.738868890924272,83.48988439306359,High,41.87138728323699,Reactivate Efficiently,132.39583333333334,2,376.84999999999997,14.178472222222222,188.42499999999998,139.22137077240595,Automated targeted campaign,5.0,20.88320561586089,15.883205615860891,Automated re-engagement with targeted product recommendations,0,1,168.0
13750,2011-09-01,United Kingdom,0.4387364898113254,36.34393063583815,Low,58.092485549132945,Nurture / Monitor,40.389583333333334,2,627.8299999999999,30.976388888888888,313.91499999999996,137.7259651991222,Low-cost digital nurture,0.5,4.131778955973665,3.6317789559736653,Low-cost nurture communication and continued monitoring,0,1,766.0
13752,2011-09-01,United Kingdom,0.2728696639783927,20.664739884393065,Low,76.73410404624278,Nurture / Monitor,24.405555555555555,6,1175.38,122.09166666666667,587.69,160.36277282346163,Low-cost digital nurture,0.5,4.810883184703848,4.310883184703848,Low-cost nurture communication and continued monitoring,1,1,619.0
13754,2011-09-01,United Kingdom,0.6063422537136669,62.28323699421965,Medium,8.778901734104046,Nurture / Monitor,51.50625,1,126.6,0.0,63.3,38.38146466007511,Low-cost digital nurture,0.5,1.1514439398022533,0.6514439398022533,Low-cost nurture communication and continued monitoring,1,0,
13756,2011-09-01,United Kingdom,0.22783836658725556,17.232658959537574,Low,83.09248554913295,Protect High Value,29.288888888888888,4,1553.94,76.32013888888889,776.97,177.02357568729997,VIP or loyalty service,12.0,14.161886054983997,2.161886054983997,Proactive loyalty or VIP service without aggressive discounting,0,0,
13758,2011-09-01,United Kingdom,0.4387462459882682,36.380057803468205,Low,77.16763005780348,Nurture / Monitor,101.36666666666666,2,1210.27,51.24375,605.135,265.5007095661107,Low-cost digital nurture,0.5,7.96502128698332,7.46502128698332,Low-cost nurture communication and continued monitoring,0,1,316.0
13760,2011-09-01,United Kingdom,0.5857732199207384,58.851156069364166,Medium,9.934971098265896,Nurture / Monitor,156.4638888888889,1,135.09,0.0,67.545,39.56605213954627,Low-cost digital nurture,0.5,1.1869815641863881,0.6869815641863881,Low-cost nurture communication and continued monitoring,0,0,
13761,2011-09-01,United Kingdom,0.6279100351996649,66.25722543352602,Medium,50.46965317919076,Nurture / Monitor,79.63680555555555,1,491.71000000000004,0.0,245.85500000000002,154.37482170401364,Low-cost digital nurture,0.5,4.631244651120409,4.131244651120409,Low-cost nurture communication and continued monitoring,0,1,652.0
13762,2011-09-01,United Kingdom,0.7514268310449054,85.40462427745665,High,32.58670520231214,Reactivate Efficiently,118.61458333333333,1,306.72,0.0,153.36,115.2388188090467,Automated targeted campaign,5.0,17.285822821357005,12.285822821357005,Automated re-engagement with targeted product recommendations,1,1,247.0
13764,2011-09-01,United Kingdom,0.5341050681765636,50.46965317919076,Medium,47.21820809248555,Nurture / Monitor,44.28125,1,443.40000000000003,0.0,221.70000000000002,118.41109361474415,Low-cost digital nurture,0.5,3.5523328084423245,3.0523328084423245,Low-cost nurture communication and continued monitoring,0,1,902.0
13767,2011-09-01,United Kingdom,0.003540187619633558,1.1560693641618496,Low,97.50722543352602,Protect High Value,8.566666666666666,17,5532.55,143.75416666666666,2766.275,9.793132507501822,VIP or loyalty service,12.0,0.7834506006001458,-11.216549399399854,Proactive loyalty or VIP service without aggressive discounting,0,0,
13769,2011-09-01,United Kingdom,0.19001197285890745,14.234104046242773,Low,74.89161849710982,Nurture / Monitor,22.550694444444446,4,1103.92,132.99722222222223,551.96,104.87900853920256,Low-cost digital nurture,0.5,3.1463702561760765,2.6463702561760765,Low-cost nurture communication and continued monitoring,0,1,1054.0
13771,2011-09-01,United Kingdom,0.5908787175309348,59.645953757225435,Medium,81.53901734104046,Protect High Value,99.46041666666666,2,1464.85,47.88194444444444,732.425,432.77434468759486,VIP or loyalty service,12.0,34.62194757500759,22.62194757500759,Proactive loyalty or VIP service without aggressive discounting,0,0,
13772,2011-09-01,United Kingdom,0.5296079036549052,49.783236994219656,Low,23.01300578034682,Nurture / Monitor,139.47847222222222,1,228.42,0.0,114.21,60.48651867642672,Low-cost digital nurture,0.5,1.8145955602928014,1.3145955602928014,Low-cost nurture communication and continued monitoring,0,0,
13777,2011-09-01,United Kingdom,0.008428537657730948,1.4812138728323698,Low,96.02601156069365,Protect High Value,29.459027777777777,10,4297.08,146.98333333333332,2148.54,18.10905029914125,VIP or loyalty service,12.0,1.4487240239313,-10.5512759760687,Proactive loyalty or VIP service without aggressive discounting,0,0,
13778,2011-09-01,United Kingdom,0.6700255830615621,73.26589595375722,Medium,16.726878612716764,Nurture / Monitor,3.357638888888889,1,178.7,0.0,89.35,59.86678584655057,Low-cost digital nurture,0.5,1.7960035753965171,1.2960035753965171,Low-cost nurture communication and continued monitoring,1,0,
13780,2011-09-01,United Kingdom,0.7983456347296518,92.08815028901735,Critical,7.55057803468208,Reactivate Efficiently,70.51180555555555,1,116.28000000000002,0.0,58.14000000000001,46.415815203181964,Automated targeted campaign,5.0,6.962372280477294,1.962372280477294,Automated re-engagement with targeted product recommendations,1,0,
13781,2011-09-01,United Kingdom,0.81668789741501,94.47254335260115,Critical,9.031791907514451,Reactivate Efficiently,150.49444444444444,1,127.84,0.0,63.92,52.202690402767445,Automated targeted campaign,5.0,7.8304035604151165,2.8304035604151165,Automated re-engagement with targeted product recommendations,1,0,
13782,2011-09-01,United Kingdom,0.42622693060066746,34.645953757225435,Low,29.804913294797686,Nurture / Monitor,24.485416666666666,2,292.84999999999997,109.89791666666666,146.42499999999998,62.410278313202724,Low-cost digital nurture,0.5,1.8723083493960817,1.3723083493960817,Low-cost nurture communication and continued monitoring,0,0,
13784,2011-09-01,United Kingdom,0.2768767642511577,20.917630057803468,Low,82.87572254335261,Protect High Value,13.235416666666667,4,1542.24,105.38194444444444,771.12,213.50521044935272,VIP or loyalty service,12.0,17.080416835948217,5.080416835948217,Proactive loyalty or VIP service without aggressive discounting,0,0,
13791,2011-09-01,United Kingdom,0.5526456689822985,53.14306358381503,Medium,82.33381502890174,Protect High Value,27.511111111111113,2,1516.0,40.795833333333334,758.0,418.9054170885823,VIP or loyalty service,12.0,33.51243336708659,21.512433367086587,Proactive loyalty or VIP service without aggressive discounting,1,0,
13798,2011-09-01,United Kingdom,0.00021462912307757852,0.541907514450867,Low,99.27745664739885,Protect High Value,7.557638888888889,30,17064.84,169.76597222222222,8532.42,1.8313058223295926,VIP or loyalty service,12.0,0.14650446578636742,-11.853495534213632,Proactive loyalty or VIP service without aggressive discounting,0,0,
13799,2011-09-01,United Kingdom,0.387545459298184,30.74421965317919,Low,38.872832369942195,Nurture / Monitor,16.49513888888889,1,347.15999999999997,0.0,173.57999999999998,67.27014082497878,Low-cost digital nurture,0.5,2.0181042247493632,1.5181042247493632,Low-cost nurture communication and continued monitoring,1,0,
13802,2011-09-01,United Kingdom,0.13537896014607564,10.54913294797688,Low,95.3034682080925,Protect High Value,38.545833333333334,2,3629.6800000000003,116.0,1814.8400000000001,245.69115203150395,VIP or loyalty service,12.0,19.655292162520315,7.655292162520315,Proactive loyalty or VIP service without aggressive discounting,1,0,
13803,2011-09-01,United Kingdom,0.6190364424160909,64.66763005780348,Medium,28.215317919075144,Nurture / Monitor,155.46041666666667,1,277.07,0.0,138.535,85.75821355011315,Low-cost digital nurture,0.5,2.5727464065033945,2.0727464065033945,Low-cost nurture communication and continued monitoring,1,0,
13804,2011-09-01,United Kingdom,0.4609651801721641,39.34248554913295,Low,58.309248554913296,Nurture / Monitor,41.28611111111111,2,631.48,15.081944444444444,315.74,145.5451459875591,Low-cost digital nurture,0.5,4.366354379626773,3.866354379626773,Low-cost nurture communication and continued monitoring,0,1,701.0
13805,2011-09-01,United Kingdom,0.7090051048290247,79.44364161849711,Medium,50.9393063583815,Nurture / Monitor,29.354861111111113,1,500.24,0.0,250.12,177.33635681983566,Low-cost digital nurture,0.5,5.32009070459507,4.82009070459507,Low-cost nurture communication and continued monitoring,0,1,534.0
13811,2011-09-01,Germany,0.5639213776307854,55.38294797687862,Medium,51.91473988439307,Nurture / Monitor,83.5875,2,519.75,55.63472222222222,259.875,146.54906801180036,Low-cost digital nurture,0.5,4.396472040354011,3.896472040354011,Low-cost nurture communication and continued monitoring,1,1,696.0
13812,2011-09-01,Germany,0.6013106640797298,61.16329479768786,Medium,26.66184971098266,Nurture / Monitor,5.4625,1,260.74,0.0,130.37,78.39287127607437,Low-cost digital nurture,0.5,2.351786138282231,1.8517861382822312,Low-cost nurture communication and continued monitoring,0,0,
13813,2011-09-01,Germany,0.5838799020873188,58.48988439306358,Medium,36.8135838150289,Nurture / Monitor,34.56041666666667,1,331.14,0.0,165.57,96.67299538859737,Low-cost digital nurture,0.5,2.900189861657921,2.400189861657921,Low-cost nurture communication and continued monitoring,0,1,1134.0
13814,2011-09-01,Germany,0.8159068651111115,94.4364161849711,Critical,57.6228323699422,Reactivate Efficiently,37.420833333333334,1,617.54,0.0,308.77,251.9275627403579,Automated targeted campaign,5.0,37.78913441105368,32.78913441105368,Automated re-engagement with targeted product recommendations,0,1,91.0
13815,2011-09-01,Germany,0.2956383583939971,22.796242774566476,Low,85.98265895953757,Protect High Value,72.45277777777778,1,1767.74,0.0,883.87,261.3058758337022,VIP or loyalty service,12.0,20.904470066696177,8.904470066696177,Proactive loyalty or VIP service without aggressive discounting,0,0,
13821,2011-09-01,United Kingdom,0.5947025889353118,60.29624277456648,Medium,42.59393063583815,Nurture / Monitor,44.59097222222222,2,385.64,116.92986111111111,192.82,114.67055319850682,Low-cost digital nurture,0.5,3.4401165959552045,2.9401165959552045,Low-cost nurture communication and continued monitoring,1,1,937.0
13824,2011-09-01,United Kingdom,0.2832453441114574,21.495664739884393,Low,71.96531791907515,Nurture / Monitor,35.609722222222224,3,986.96,106.02777777777777,493.48,139.775912412122,Low-cost digital nurture,0.5,4.19327737236366,3.69327737236366,Low-cost nurture communication and continued monitoring,0,1,752.0
13826,2011-09-01,United Kingdom,0.7301111292278882,82.29768786127167,High,18.171965317919074,Reactivate Efficiently,76.425,1,189.5,0.0,94.75,69.17802949434241,Automated targeted campaign,5.0,10.376704424151361,5.376704424151361,Automated re-engagement with targeted product recommendations,1,0,
13827,2011-09-01,United Kingdom,0.5251915452175667,49.096820809248555,Low,31.10549132947977,Nurture / Monitor,33.510416666666664,2,300.76,9.838194444444444,150.38,78.97830456981768,Low-cost digital nurture,0.5,2.3693491370945305,1.8693491370945305,Low-cost nurture communication and continued monitoring,0,0,
13831,2011-09-01,United Kingdom,0.3069978904216798,23.446531791907514,Low,73.6271676300578,Nurture / Monitor,38.481944444444444,3,1042.85,80.16180555555556,521.425,160.07637501312436,Low-cost digital nurture,0.5,4.802291250393731,4.302291250393731,Low-cost nurture communication and continued monitoring,0,1,622.0
13833,2011-09-01,United Kingdom,0.7564698752319411,86.27167630057804,High,42.41329479768786,Reactivate Efficiently,59.43958333333333,1,383.85,0.0,191.925,145.1854808038903,Automated targeted campaign,5.0,21.777822120583544,16.777822120583544,Automated re-engagement with targeted product recommendations,1,1,160.0
13835,2011-09-01,United Kingdom,0.6382326595759023,68.09971098265896,Medium,53.2514450867052,Nurture / Monitor,55.36388888888889,2,537.3399999999999,59.99583333333333,268.66999999999996,171.47396864825762,Low-cost digital nurture,0.5,5.144219059447728,4.644219059447728,Low-cost nurture communication and continued monitoring,0,1,559.0
13837,2011-09-01,United Kingdom,0.6645835884161173,72.29046242774567,Medium,13.65606936416185,Nurture / Monitor,111.49305555555556,1,157.54000000000002,0.0,78.77000000000001,52.349249259537565,Low-cost digital nurture,0.5,1.5704774777861268,1.0704774777861268,Low-cost nurture communication and continued monitoring,1,0,
13838,2011-09-01,United Kingdom,0.5445592469914768,51.77023121387283,Medium,23.88005780346821,Nurture / Monitor,17.54722222222222,2,236.88,0.0020833333333333333,118.44,64.49759721367052,Low-cost digital nurture,0.5,1.9349279164101154,1.4349279164101154,Low-cost nurture communication and continued monitoring,1,0,
13841,2011-09-01,United Kingdom,0.847421429703428,96.27890173410405,Critical,3.4501445086705202,Reactivate Efficiently,152.49305555555554,1,85.0,0.0,42.5,36.01541076239569,Automated targeted campaign,5.0,5.402311614359353,0.4023116143593528,Automated re-engagement with targeted product recommendations,1,0,
13842,2011-09-01,United Kingdom,0.18855915939114742,14.053468208092484,Low,78.10693641618496,Nurture / Monitor,55.47152777777778,4,1257.74,118.02083333333333,628.87,118.57919856631088,Low-cost digital nurture,0.5,3.5573759569893264,3.0573759569893264,Low-cost nurture communication and continued monitoring,0,1,901.0
13846,2011-09-01,United Kingdom,0.5485726009117372,52.384393063583815,Medium,25.83092485549133,Nurture / Monitor,142.37291666666667,1,252.53,0.0,126.265,69.2655194541205,Low-cost digital nurture,0.5,2.0779655836236146,1.5779655836236146,Low-cost nurture communication and continued monitoring,0,0,
13849,2011-09-01,United Kingdom,0.6072346222969931,62.53612716763006,Medium,55.92485549132948,Nurture / Monitor,70.57569444444445,1,593.5799999999999,0.0,296.78999999999996,180.22116355152457,Low-cost digital nurture,0.5,5.406634906545737,4.906634906545737,Low-cost nurture communication and continued monitoring,0,1,520.0
13850,2011-09-01,United Kingdom,0.5376311239639403,51.11994219653179,Medium,83.8150289017341,Protect High Value,29.413888888888888,1,1595.48,0.0,797.74,428.88985283099373,VIP or loyalty service,12.0,34.3111882264795,22.3111882264795,Proactive loyalty or VIP service without aggressive discounting,1,0,
13851,2011-09-01,United Kingdom,0.4589798960207074,39.05346820809248,Low,75.0,Nurture / Monitor,28.411805555555556,1,1106.96,0.0,553.48,254.03619284954112,Low-cost digital nurture,0.5,7.621085785486233,7.121085785486233,Low-cost nurture communication and continued monitoring,0,1,328.0
13854,2011-09-01,United Kingdom,0.023751602844827812,2.709537572254335,Low,95.66473988439307,Protect High Value,6.459027777777778,12,3875.96,169.9138888888889,1937.98,46.030131281219404,VIP or loyalty service,12.0,3.6824105024975524,-8.317589497502448,Proactive loyalty or VIP service without aggressive discounting,0,0,
13856,2011-09-01,United Kingdom,0.5051071169463076,46.134393063583815,Low,42.846820809248555,Nurture / Monitor,68.58125,3,388.5,34.86805555555556,194.25,98.11705746682026,Low-cost digital nurture,0.5,2.9435117240046074,2.4435117240046074,Low-cost nurture communication and continued monitoring,1,1,1118.0
13862,2011-09-01,United Kingdom,0.16004007578203436,12.427745664739884,Low,74.8193641618497,Nurture / Monitor,8.379861111111111,4,1102.45,123.90486111111112,551.225,88.2180907729519,Low-cost digital nurture,0.5,2.6465427231885568,2.1465427231885568,Low-cost nurture communication and continued monitoring,0,1,1224.0
13863,2011-09-01,United Kingdom,0.6066681103146612,62.391618497109825,Medium,32.33381502890174,Nurture / Monitor,147.56944444444446,1,305.78,0.0,152.89,92.75348738600854,Low-cost digital nurture,0.5,2.7826046215802562,2.2826046215802562,Low-cost nurture communication and continued monitoring,1,1,1181.0
13865,2011-09-01,United Kingdom,0.4611689125430966,39.414739884393065,Low,26.48121387283237,Nurture / Monitor,36.525,2,260.03999999999996,50.138888888888886,130.01999999999998,59.96118200885341,Low-cost digital nurture,0.5,1.7988354602656023,1.2988354602656023,Low-cost nurture communication and continued monitoring,0,0,
13867,2011-09-01,United Kingdom,0.7835758970967602,89.95664739884393,High,10.657514450867051,Reactivate Efficiently,118.27222222222223,1,138.85,0.0,69.425,54.399756655942575,Automated targeted campaign,5.0,8.159963498391386,3.1599634983913862,Automated re-engagement with targeted product recommendations,0,0,
13869,2011-09-01,United Kingdom,0.2537550679575868,19.039017341040463,Low,90.24566473988439,Protect High Value,23.42152777777778,2,2197.64,139.13125,1098.82,278.8311437731555,VIP or loyalty service,12.0,22.306491501852438,10.306491501852438,Proactive loyalty or VIP service without aggressive discounting,1,0,
13870,2011-09-01,United Kingdom,0.2165803069078663,16.546242774566476,Low,84.42919075144508,Protect High Value,1.5194444444444444,4,1635.44,66.92083333333333,817.72,177.10204856470045,VIP or loyalty service,12.0,14.168163885176037,2.168163885176037,Proactive loyalty or VIP service without aggressive discounting,0,0,
13871,2011-09-01,United Kingdom,0.12074463414616163,9.68208092485549,Low,95.26734104046243,Protect High Value,12.420833333333333,7,3618.19,162.0611111111111,1809.095,218.43851391065027,VIP or loyalty service,12.0,17.47508111285202,5.4750811128520205,Proactive loyalty or VIP service without aggressive discounting,0,0,
13873,2011-09-01,United Kingdom,0.44934044903361897,37.68063583815029,Low,27.276011560693643,Nurture / Monitor,19.57777777777778,2,268.15000000000003,99.03819444444444,134.07500000000002,60.24532070418247,Low-cost digital nurture,0.5,1.8073596211254739,1.3073596211254739,Low-cost nurture communication and continued monitoring,1,0,
13875,2011-09-01,United Kingdom,0.21690986734859255,16.61849710982659,Low,74.38583815028902,Nurture / Monitor,33.61736111111111,3,1084.15,123.91458333333334,542.075,117.58141634298832,Low-cost digital nurture,0.5,3.5274424902896495,3.0274424902896495,Low-cost nurture communication and continued monitoring,0,1,914.0
13880,2011-09-01,United Kingdom,0.22333837496931477,16.871387283236995,Low,76.66184971098265,Nurture / Monitor,45.41180555555555,5,1172.66,92.98263888888889,586.33,130.94998939575834,Low-cost digital nurture,0.5,3.92849968187275,3.42849968187275,Low-cost nurture communication and continued monitoring,0,1,813.0
13881,2011-09-01,United Kingdom,0.019132643975525734,2.312138728323699,Low,97.6878612716763,Protect High Value,7.375694444444444,8,5943.8,170.225,2971.9,56.86030463086493,VIP or loyalty service,12.0,4.548824370469195,-7.451175629530805,Proactive loyalty or VIP service without aggressive discounting,0,0,
13883,2011-09-01,United Kingdom,0.4648317342092662,40.06502890173411,Low,85.72976878612717,Protect High Value,118.47291666666666,4,1742.78,34.80694444444445,871.39,405.0497248726125,VIP or loyalty service,12.0,32.403977989809,20.403977989809,Proactive loyalty or VIP service without aggressive discounting,0,0,
13884,2011-09-01,United Kingdom,0.652509731767466,70.33959537572254,Medium,1.9147398843930636,Nurture / Monitor,177.46319444444444,2,58.1,0.004861111111111111,29.05,18.955407707844888,Low-cost digital nurture,0.5,0.5686622312353466,0.06866223123534665,Low-cost nurture communication and continued monitoring,0,0,
13885,2011-09-01,United Kingdom,0.6090945732381775,63.005780346820806,Medium,51.33670520231214,Nurture / Monitor,89.37013888888889,2,506.79999999999995,11.260416666666666,253.39999999999998,154.34456485855418,Low-cost digital nurture,0.5,4.630336945756625,4.130336945756625,Low-cost nurture communication and continued monitoring,1,1,653.0
13887,2011-09-01,United Kingdom,0.749155507823364,85.11560693641619,High,39.16184971098266,Reactivate Efficiently,104.27638888888889,1,349.55,0.0,174.775,130.93365387982846,Automated targeted campaign,5.0,19.640048081974268,14.640048081974268,Automated re-engagement with targeted product recommendations,1,1,194.0
13888,2011-09-01,United Kingdom,0.480577589390896,42.59393063583815,Low,56.141618497109825,Nurture / Monitor,19.574305555555554,2,595.6700000000001,98.81388888888888,297.83500000000004,143.13282633623754,Low-cost digital nurture,0.5,4.293984790087126,3.7939847900871264,Low-cost nurture communication and continued monitoring,1,1,724.0
13890,2011-09-01,United Kingdom,0.5273387999356375,49.49421965317919,Low,33.562138728323696,Nurture / Monitor,7.45,1,310.76,0.0,155.38,81.93790273399935,Low-cost digital nurture,0.5,2.4581370820199804,1.9581370820199804,Low-cost nurture communication and continued monitoring,0,0,
13892,2011-09-01,United Kingdom,0.7493377289355987,85.15173410404624,High,1.7341040462427744,Reactivate Efficiently,146.49722222222223,1,54.519999999999996,0.0,27.259999999999998,20.42694649078442,Automated targeted campaign,5.0,3.064041973617663,-1.935958026382337,Automated re-engagement with targeted product recommendations,0,0,
13895,2011-09-01,United Kingdom,0.7117325447798721,79.76878612716763,Medium,70.77312138728324,Nurture / Monitor,43.41458333333333,2,937.3000000000001,21.156944444444445,468.65000000000003,333.5534571110871,Low-cost digital nurture,0.5,10.006603713332613,9.506603713332613,Low-cost nurture communication and continued monitoring,0,1,266.0
13899,2011-09-01,United Kingdom,0.8104227177336141,93.53323699421965,Critical,30.599710982658962,Reactivate Efficiently,174.60416666666666,1,298.5,0.0,149.25,120.9555906217419,Automated targeted campaign,5.0,18.143338593261284,13.143338593261284,Automated re-engagement with targeted product recommendations,0,1,220.0
13900,2011-09-01,United Kingdom,0.5115261164335522,46.89306358381503,Low,63.04190751445087,Nurture / Monitor,83.19027777777778,3,740.95,79.38402777777777,370.475,189.50763798572027,Low-cost digital nurture,0.5,5.685229139571608,5.185229139571608,Low-cost nurture communication and continued monitoring,1,1,483.0
13901,2011-09-01,United Kingdom,0.19431607551750132,14.667630057803468,Low,91.51011560693641,Protect High Value,7.475,3,2437.88,148.91875,1218.94,236.85963709130309,VIP or loyalty service,12.0,18.94877096730425,6.948770967304249,Proactive loyalty or VIP service without aggressive discounting,0,0,
13908,2011-09-01,United Kingdom,0.3048087203683476,23.302023121387283,Low,80.67196531791907,Protect High Value,26.509722222222223,3,1411.6100000000001,149.9875,705.8050000000001,215.1355188795816,VIP or loyalty service,12.0,17.210841510366528,5.210841510366528,Proactive loyalty or VIP service without aggressive discounting,0,0,
13911,2011-09-01,United Kingdom,0.13733225911031094,10.910404624277456,Low,87.17485549132948,Protect High Value,44.4375,6,1878.36,120.12291666666667,939.18,128.97971111122183,VIP or loyalty service,12.0,10.318376888897747,-1.6816231111022528,Proactive loyalty or VIP service without aggressive discounting,0,0,
13917,2011-09-01,United Kingdom,0.7690948990253333,88.22254335260115,High,2.348265895953757,Reactivate Efficiently,91.46805555555555,1,65.38,0.0,32.69,25.141712249138145,Automated targeted campaign,5.0,3.7712568373707214,-1.2287431626292786,Automated re-engagement with targeted product recommendations,0,0,
13918,2011-09-01,United Kingdom,0.8029146074193688,92.55780346820809,Critical,19.147398843930635,Reactivate Efficiently,153.24652777777777,1,198.2,0.0,99.1,79.56883759525944,Automated targeted campaign,5.0,11.935325639288916,6.935325639288916,Automated re-engagement with targeted product recommendations,0,0,
13919,2011-09-01,Denmark,0.5944249905010391,60.26011560693642,Medium,18.713872832369944,Nurture / Monitor,21.572916666666668,1,195.15,0.0,97.575,58.00101844813889,Low-cost digital nurture,0.5,1.7400305534441667,1.2400305534441667,Low-cost nurture communication and continued monitoring,0,0,
13925,2011-09-01,United Kingdom,0.46039746817351784,39.16184971098266,Low,50.72254335260116,Nurture / Monitor,21.471527777777776,2,496.05,13.022222222222222,248.025,114.19008204373677,Low-cost digital nurture,0.5,3.425702461312103,2.925702461312103,Low-cost nurture communication and continued monitoring,0,1,941.0
13928,2011-09-01,United Kingdom,0.4605408675687354,39.23410404624278,Low,22.6878612716763,Nurture / Monitor,6.490972222222222,2,225.45,26.843055555555555,112.725,51.914469296685695,Low-cost digital nurture,0.5,1.5574340789005707,1.0574340789005707,Low-cost nurture communication and continued monitoring,0,0,
13929,2011-09-01,United Kingdom,0.4456733438610061,37.2471098265896,Low,46.604046242774565,Nurture / Monitor,69.35694444444445,1,429.79999999999995,0.0,214.89999999999998,95.7752015957302,Low-cost digital nurture,0.5,2.8732560478719056,2.3732560478719056,Low-cost nurture communication and continued monitoring,1,1,1147.0
13930,2011-09-01,United Kingdom,0.7221185846027961,81.32225433526011,High,20.73699421965318,Reactivate Efficiently,36.541666666666664,1,210.0,0.0,105.0,75.8224513832936,Automated targeted campaign,5.0,11.373367707494038,6.3733677074940385,Automated re-engagement with targeted product recommendations,0,0,
13933,2011-09-01,United Kingdom,0.4583752353629745,38.90895953757225,Low,56.86416184971098,Nurture / Monitor,9.414583333333333,2,608.79,39.019444444444446,304.395,139.52712976831262,Low-cost digital nurture,0.5,4.185813893049378,3.685813893049378,Low-cost nurture communication and continued monitoring,1,1,753.0
13934,2011-09-01,United Kingdom,0.7755568770956761,88.80057803468208,High,70.15895953757226,Reactivate Efficiently,163.63958333333332,1,922.1,0.0,461.05,357.5704981849615,Automated targeted campaign,5.0,53.63557472774422,48.63557472774422,Automated re-engagement with targeted product recommendations,1,1,42.0
13936,2011-09-01,United Kingdom,0.6142869426899467,63.8728323699422,Medium,41.835260115606935,Nurture / Monitor,79.63402777777777,1,376.58,0.0,188.29,115.66408843909005,Low-cost digital nurture,0.5,3.469922653172701,2.969922653172701,Low-cost nurture communication and continued monitoring,1,1,932.0
13937,2011-09-01,United Kingdom,0.7517878665477726,85.58526011560693,High,13.836705202312139,Reactivate Efficiently,69.30902777777777,1,158.85,0.0,79.425,59.710751300556836,Automated targeted campaign,5.0,8.956612695083525,3.9566126950835248,Automated re-engagement with targeted product recommendations,1,0,
13939,2011-09-01,United Kingdom,0.47074801381034237,40.93208092485549,Low,20.014450867052023,Nurture / Monitor,8.504861111111111,1,205.71,0.0,102.855,48.41878696046277,Low-cost digital nurture,0.5,1.452563608813883,0.9525636088138829,Low-cost nurture communication and continued monitoring,0,0,
13940,2011-09-01,United Kingdom,0.4661681778575751,40.17341040462428,Low,43.09971098265896,Nurture / Monitor,16.46736111111111,2,391.06,27.8625,195.53,91.14986381649166,Low-cost digital nurture,0.5,2.7344959144947496,2.2344959144947496,Low-cost nurture communication and continued monitoring,0,1,1191.0
13941,2011-09-01,United Kingdom,0.4199910324100837,33.92341040462428,Low,61.849710982658955,Nurture / Monitor,71.59444444444445,1,712.3,0.0,356.15,149.5798061928513,Low-cost digital nurture,0.5,4.487394185785539,3.987394185785539,Low-cost nurture communication and continued monitoring,0,1,676.0
13946,2011-09-01,United Kingdom,0.6060096796917721,62.2471098265896,Medium,50.18063583815029,Nurture / Monitor,101.49791666666667,2,485.97,66.08402777777778,242.985,147.25126201990525,Low-cost digital nurture,0.5,4.417537860597157,3.9175378605971574,Low-cost nurture communication and continued monitoring,0,1,690.0
13950,2011-09-01,United Kingdom,0.8088400889926648,93.35260115606935,Critical,16.94364161849711,Reactivate Efficiently,146.52152777777778,1,179.30999999999997,0.0,89.65499999999999,72.51655817863735,Automated targeted campaign,5.0,10.877483726795603,5.877483726795603,Automated re-engagement with targeted product recommendations,0,0,
13951,2011-09-01,United Kingdom,0.4140298929981135,33.23699421965318,Low,48.44653179190752,Nurture / Monitor,76.30347222222223,2,461.89,60.140972222222224,230.945,95.61813363844932,Low-cost digital nurture,0.5,2.8685440091534797,2.3685440091534797,Low-cost nurture communication and continued monitoring,1,1,1152.0
13952,2011-09-01,United Kingdom,0.3907421041423206,31.10549132947977,Low,94.50867052023122,Protect High Value,117.625,2,3251.0699999999997,20.98125,1625.5349999999999,635.164966256987,VIP or loyalty service,12.0,50.81319730055896,38.81319730055896,Proactive loyalty or VIP service without aggressive discounting,1,1,71.0
13953,2011-09-01,United Kingdom,0.23630734958575467,17.95520231213873,Low,89.27023121387283,Protect High Value,15.58125,4,2104.36,159.09722222222223,1052.18,248.63786708713937,VIP or loyalty service,12.0,19.89102936697115,7.89102936697115,Proactive loyalty or VIP service without aggressive discounting,0,0,
13955,2011-09-01,United Kingdom,0.5560196447172902,53.648843930635834,Medium,7.695086705202312,Nurture / Monitor,54.27847222222222,1,117.86,0.0,58.93,32.766237663189905,Low-cost digital nurture,0.5,0.9829871298956971,0.48298712989569714,Low-cost nurture communication and continued monitoring,1,0,
13956,2011-09-01,United Kingdom,0.42664546755098987,34.75433526011561,Low,60.40462427745664,Nurture / Monitor,38.325,3,676.0699999999999,133.13958333333332,338.03499999999997,144.22110062359886,Low-cost digital nurture,0.5,4.326633018707965,3.826633018707965,Low-cost nurture communication and continued monitoring,0,1,712.0
13962,2011-09-01,United Kingdom,0.7766830450479851,88.90895953757226,High,7.622832369942197,Reactivate Efficiently,145.52708333333334,1,117.6,0.0,58.8,45.668963048821524,Automated targeted campaign,5.0,6.850344457323229,1.8503444573232288,Automated re-engagement with targeted product recommendations,0,0,
13967,2011-09-01,United Kingdom,0.8167319970387453,94.50867052023122,Critical,3.1791907514450863,Reactivate Efficiently,45.49861111111111,1,80.7,0.0,40.35,32.95513608051338,Automated targeted campaign,5.0,4.943270412077006,-0.05672958792299365,Automated re-engagement with targeted product recommendations,1,0,
13969,2011-09-01,United Kingdom,0.04046502244540953,3.540462427745665,Low,94.36416184971098,Protect High Value,7.342361111111111,9,3220.4,159.83402777777778,1610.2,65.15677914159843,VIP or loyalty service,12.0,5.2125423313278745,-6.7874576686721255,Proactive loyalty or VIP service without aggressive discounting,0,0,
13971,2011-09-01,United Kingdom,0.12297771029587691,9.86271676300578,Low,84.60982658959537,Protect High Value,6.4006944444444445,5,1652.42,163.06180555555557,826.21,101.60541402355646,VIP or loyalty service,12.0,8.128433121884518,-3.871566878115482,Proactive loyalty or VIP service without aggressive discounting,0,0,
13972,2011-09-01,United Kingdom,0.7643706919915283,87.3193641618497,High,11.867774566473988,Reactivate Efficiently,101.51805555555555,1,145.9,0.0,72.95,55.76084198078199,Automated targeted campaign,5.0,8.364126297117298,3.3641262971172985,Automated re-engagement with targeted product recommendations,0,0,
13975,2011-09-01,United Kingdom,0.21894622487118848,16.690751445086704,Low,81.61127167630057,Protect High Value,28.43125,4,1466.67,148.05555555555554,733.335,160.560929815913,VIP or loyalty service,12.0,12.844874385273041,0.8448743852730409,Proactive loyalty or VIP service without aggressive discounting,0,0,
13976,2011-09-01,United Kingdom,0.6864814936083078,75.75867052023122,Medium,39.84826589595375,Nurture / Monitor,106.61597222222223,1,357.98,0.0,178.99,122.87332254095102,Low-cost digital nurture,0.5,3.6861996762285307,3.1861996762285307,Low-cost nurture communication and continued monitoring,1,1,871.0
13982,2011-09-01,United Kingdom,0.40883685000839337,32.44219653179191,Low,35.83815028901734,Nurture / Monitor,63.36736111111111,1,326.34,0.0,163.17,66.70990881586954,Low-cost digital nurture,0.5,2.001297264476086,1.501297264476086,Low-cost nurture communication and continued monitoring,0,0,
13983,2011-09-01,United Kingdom,0.3365596220919684,25.578034682080926,Low,62.57225433526011,Nurture / Monitor,87.32986111111111,4,731.12,81.20555555555555,365.56,123.03273545193996,Low-cost digital nurture,0.5,3.6909820635581987,3.1909820635581987,Low-cost nurture communication and continued monitoring,0,1,869.0
13984,2011-09-01,United Kingdom,0.4993509554521097,45.30346820809248,Low,53.10693641618497,Nurture / Monitor,26.395833333333332,2,534.58,123.1451388888889,267.29,133.47151688279442,Low-cost digital nurture,0.5,4.004145506483832,3.504145506483832,Low-cost nurture communication and continued monitoring,0,1,793.0
13985,2011-09-01,United Kingdom,0.07489733989968343,6.6112716763005785,Low,92.95520231213872,Protect High Value,7.450694444444444,7,2773.04,156.97430555555556,1386.52,103.84665971770907,VIP or loyalty service,12.0,8.307732777416726,-3.692267222583274,Proactive loyalty or VIP service without aggressive discounting,0,0,
13988,2011-09-01,United Kingdom,0.45226301654560097,38.15028901734104,Low,87.60838150289018,Protect High Value,62.50416666666667,3,1923.5,92.00416666666666,961.75,434.96395616273173,VIP or loyalty service,12.0,34.79711649301854,22.797116493018542,Proactive loyalty or VIP service without aggressive discounting,0,0,
13989,2011-09-01,United Kingdom,0.6602282882598479,71.35115606936417,Medium,69.14739884393065,Nurture / Monitor,139.34791666666666,1,896.6700000000001,0.0,448.33500000000004,296.0034496169789,Low-cost digital nurture,0.5,8.880103488509366,8.380103488509366,Low-cost nurture communication and continued monitoring,0,1,287.0
13990,2011-09-01,United Kingdom,0.7605624292133748,86.77745664739885,High,33.74277456647399,Reactivate Efficiently,113.36180555555555,1,311.3,0.0,155.65,118.38154210706179,Automated targeted campaign,5.0,17.75723131605927,12.757231316059269,Automated re-engagement with targeted product recommendations,1,1,233.0
13991,2011-09-01,United Kingdom,0.7392055572126562,83.5621387283237,High,8.742774566473988,Reactivate Efficiently,43.459722222222226,1,126.35,0.0,63.175,46.69931107690955,Automated targeted campaign,5.0,7.004896661536432,2.0048966615364323,Automated re-engagement with targeted product recommendations,0,0,
13993,2011-09-01,United Kingdom,0.13640249324811063,10.585260115606937,Low,80.92485549132948,Protect High Value,0.47847222222222224,4,1424.56,137.99722222222223,712.28,97.15676789076423,VIP or loyalty service,12.0,7.772541431261138,-4.227458568738862,Proactive loyalty or VIP service without aggressive discounting,0,0,
13994,2011-09-01,United Kingdom,0.49606882908045746,44.72543352601156,Low,45.809248554913296,Nurture / Monitor,5.517361111111111,2,419.56,42.71319444444445,209.78,104.06531896449837,Low-cost digital nurture,0.5,3.121959568934951,2.621959568934951,Low-cost nurture communication and continued monitoring,0,1,1061.0
13995,2011-09-01,United Kingdom,0.29237667427595365,22.21820809248555,Low,68.17196531791907,Nurture / Monitor,15.625,3,871.9,130.02777777777777,435.95,127.461611150602,Low-cost digital nurture,0.5,3.82384833451806,3.32384833451806,Low-cost nurture communication and continued monitoring,0,1,838.0
13999,2011-09-01,United Kingdom,0.053016773401078694,4.76878612716763,Low,87.86127167630057,Protect High Value,15.508333333333333,6,1952.24,139.09166666666667,976.12,51.75073285226094,VIP or loyalty service,12.0,4.140058628180875,-7.859941371819125,Proactive loyalty or VIP service without aggressive discounting,0,0,
14000,2011-09-01,United Kingdom,0.565373971245921,55.52745664739884,Medium,58.59826589595376,Nurture / Monitor,111.29861111111111,1,635.66,0.0,317.83,179.6928092810911,Low-cost digital nurture,0.5,5.390784278432732,4.890784278432732,Low-cost nurture communication and continued monitoring,1,1,522.0
14001,2011-09-01,United Kingdom,0.5889585688719977,59.28468208092485,Medium,72.54335260115607,Nurture / Monitor,132.60694444444445,1,1007.9,0.0,503.95,296.80567078304324,Low-cost digital nurture,0.5,8.904170123491296,8.404170123491296,Low-cost nurture communication and continued monitoring,0,1,286.0
14002,2011-09-01,United Kingdom,0.44583202065167454,37.283236994219656,Low,52.5650289017341,Nurture / Monitor,34.33680555555556,2,529.73,22.038888888888888,264.865,118.08529814990578,Low-cost digital nurture,0.5,3.5425589444971735,3.0425589444971735,Low-cost nurture communication and continued monitoring,1,1,908.0
14004,2011-09-01,United Kingdom,0.3088070247192946,23.591040462427745,Low,88.83670520231213,Protect High Value,8.485416666666667,3,2062.24,65.02569444444444,1031.12,318.417099328559,VIP or loyalty service,12.0,25.47336794628472,13.473367946284721,Proactive loyalty or VIP service without aggressive discounting,0,0,
14005,2011-09-01,United Kingdom,0.28457413144935406,21.604046242774565,Low,61.09104046242775,Nurture / Monitor,33.583333333333336,3,696.5600000000001,81.97708333333334,348.28000000000003,99.11147850118104,Low-cost digital nurture,0.5,2.9733443550354313,2.4733443550354313,Low-cost nurture communication and continued monitoring,0,1,1107.0
14006,2011-09-01,United Kingdom,0.5107746806781065,46.82080924855491,Low,59.645953757225435,Nurture / Monitor,15.597916666666666,2,657.75,125.72361111111111,328.875,167.98102310801227,Low-cost digital nurture,0.5,5.039430693240368,4.539430693240368,Low-cost nurture communication and continued monitoring,1,1,574.0
14009,2011-09-01,United Kingdom,0.7033263512765532,78.54046242774567,Medium,61.054913294797686,Nurture / Monitor,98.34236111111112,2,695.61,7.115972222222222,347.805,244.6204216057416,Low-cost digital nurture,0.5,7.338612648172248,6.838612648172248,Low-cost nurture communication and continued monitoring,1,1,343.0
14012,2011-09-01,United Kingdom,0.812826784078415,93.89450867052022,Critical,36.48843930635838,Reactivate Efficiently,177.48194444444445,1,328.8,0.0,164.4,133.62872330249144,Automated targeted campaign,5.0,20.044308495373716,15.044308495373716,Automated re-engagement with targeted product recommendations,1,1,185.0
14013,2011-09-01,United Kingdom,0.460964777712057,39.30635838150289,Low,49.3135838150289,Nurture / Monitor,10.374305555555555,3,473.02,165.2513888888889,236.51,109.0227795766786,Low-cost digital nurture,0.5,3.270683387300358,2.770683387300358,Low-cost nurture communication and continued monitoring,1,1,1008.0
14016,2011-09-01,EIRE,0.13261657852693995,10.36849710982659,Low,95.19508670520231,Protect High Value,61.52152777777778,3,3587.47,108.025,1793.735,237.87899848402063,VIP or loyalty service,12.0,19.030319878721652,7.030319878721652,Proactive loyalty or VIP service without aggressive discounting,1,0,
14019,2011-09-01,United Kingdom,0.6904249728441566,76.19219653179191,Medium,42.48554913294797,Nurture / Monitor,38.34791666666667,1,384.29,0.0,192.145,132.66170640714049,Low-cost digital nurture,0.5,3.9798511922142144,3.4798511922142144,Low-cost nurture communication and continued monitoring,0,1,798.0
14021,2011-09-01,United Kingdom,0.3509720089254429,27.095375722543352,Low,58.34537572254336,Nurture / Monitor,55.34305555555556,3,631.9,101.025,315.95,110.88960621999368,Low-cost digital nurture,0.5,3.32668818659981,2.82668818659981,Low-cost nurture communication and continued monitoring,1,1,986.0
14022,2011-09-01,United Kingdom,0.7949579460141205,91.61849710982659,Critical,47.0014450867052,Reactivate Efficiently,125.38958333333333,1,440.0,0.0,220.0,174.8907481231065,Automated targeted campaign,5.0,26.233612218465975,21.233612218465975,Automated re-engagement with targeted product recommendations,1,1,133.0
14023,2011-09-01,United Kingdom,0.7897715119786409,91.11271676300578,Critical,27.854046242774565,Reactivate Efficiently,150.34027777777777,1,273.14,0.0,136.57,107.85909539092299,Automated targeted campaign,5.0,16.17886430863845,11.178864308638449,Automated re-engagement with targeted product recommendations,1,0,
14024,2011-09-01,United Kingdom,0.6684603812942187,72.83236994219652,Medium,36.16329479768786,Nurture / Monitor,21.520833333333332,2,327.7,2.9159722222222224,163.85,109.52723347505773,Low-cost digital nurture,0.5,3.2858170042517316,2.7858170042517316,Low-cost nurture communication and continued monitoring,1,1,1003.0
14029,2011-09-01,United Kingdom,0.7507897000254673,85.29624277456648,High,15.10115606936416,Reactivate Efficiently,44.29375,1,165.20000000000002,0.0,82.60000000000001,62.015229222103606,Automated targeted campaign,5.0,9.302284383315541,4.302284383315541,Automated re-engagement with targeted product recommendations,0,0,
14030,2011-09-01,United Kingdom,0.3284592390524973,24.963872832369944,Low,60.22398843930635,Nurture / Monitor,21.320138888888888,3,673.77,124.18402777777777,336.885,110.65299074820055,Low-cost digital nurture,0.5,3.3195897224460165,2.8195897224460165,Low-cost nurture communication and continued monitoring,0,1,988.0
14031,2011-09-01,United Kingdom,0.03610183164002034,3.395953757225433,Low,97.10982658959537,Protect High Value,26.382638888888888,7,5100.44,126.90069444444444,2550.22,92.06761308501267,VIP or loyalty service,12.0,7.365409046801013,-4.634590953198987,Proactive loyalty or VIP service without aggressive discounting,0,0,
14032,2011-09-01,United Kingdom,0.24277343766035397,18.28034682080925,Low,77.49277456647398,Nurture / Monitor,68.53611111111111,4,1225.95,107.05833333333334,612.975,148.81404794985548,Low-cost digital nurture,0.5,4.464421438495664,3.9644214384956644,Low-cost nurture communication and continued monitoring,0,1,681.0
14034,2011-09-01,United Kingdom,0.663474438435747,72.10982658959537,Medium,49.34971098265896,Nurture / Monitor,57.447916666666664,2,473.90999999999997,0.00625,236.95499999999998,157.21358555954242,Low-cost digital nurture,0.5,4.716407566786272,4.216407566786272,Low-cost nurture communication and continued monitoring,0,1,632.0
14035,2011-09-01,United Kingdom,0.4911586652836969,43.966763005780344,Low,53.179190751445084,Nurture / Monitor,7.447916666666667,2,535.66,160.13472222222222,267.83,131.54702532293254,Low-cost digital nurture,0.5,3.9464107596879763,3.4464107596879763,Low-cost nurture communication and continued monitoring,0,1,807.0
14037,2011-09-01,United Kingdom,0.6018648569775138,61.27167630057804,Medium,0.9031791907514451,Nurture / Monitor,76.41875,1,35.400000000000006,0.0,17.700000000000003,10.653007968501996,Low-cost digital nurture,0.5,0.31959023905505984,-0.18040976094494016,Low-cost nurture communication and continued monitoring,1,0,
14038,2011-09-01,United Kingdom,0.6209300671037443,64.99277456647398,Medium,74.45809248554913,Nurture / Monitor,44.364583333333336,2,1086.42,63.048611111111114,543.21,337.29542175142495,Low-cost digital nurture,0.5,10.118862652542749,9.618862652542749,Low-cost nurture communication and continued monitoring,0,1,263.0
14040,2011-09-01,United Kingdom,0.06536967005037801,5.671965317919075,Low,83.23699421965318,Protect High Value,17.491666666666667,6,1558.01,122.00833333333334,779.005,50.923299817594724,VIP or loyalty service,12.0,4.073863985407578,-7.926136014592422,Proactive loyalty or VIP service without aggressive discounting,0,0,
14041,2011-09-01,United Kingdom,0.8070013176260087,93.0635838150289,Critical,11.091040462427745,Reactivate Efficiently,166.44097222222223,1,141.41,0.0,70.705,57.05902816274694,Automated targeted campaign,5.0,8.558854224412041,3.558854224412041,Automated re-engagement with targeted product recommendations,1,0,
14044,2011-09-01,United Kingdom,0.3217958219223492,24.45809248554913,Low,40.67919075144509,Nurture / Monitor,3.3895833333333334,2,365.27,42.046527777777776,182.635,58.771179936788236,Low-cost digital nurture,0.5,1.763135398103647,1.263135398103647,Low-cost nurture communication and continued monitoring,0,0,
14045,2011-09-01,United Kingdom,0.35178144223768254,27.203757225433527,Low,44.40028901734104,Nurture / Monitor,9.35625,1,408.0,0.0,204.0,71.76341421648723,Low-cost digital nurture,0.5,2.152902426494617,1.652902426494617,Low-cost nurture communication and continued monitoring,1,0,
14047,2011-09-01,United Kingdom,0.5271471569734957,49.45809248554913,Low,38.15028901734104,Nurture / Monitor,99.51736111111111,1,339.7,0.0,169.85,89.53594461194824,Low-cost digital nurture,0.5,2.6860783383584472,2.1860783383584472,Low-cost nurture communication and continued monitoring,0,1,1211.0
14049,2011-09-01,United Kingdom,0.2768383900501932,20.88150289017341,Low,90.42630057803468,Protect High Value,58.509027777777774,2,2216.66,42.02777777777778,1108.33,306.8282928443306,VIP or loyalty service,12.0,24.546263427546446,12.546263427546446,Proactive loyalty or VIP service without aggressive discounting,0,0,
14050,2011-09-01,United Kingdom,0.628213255345594,66.36560693641619,Medium,50.21676300578035,Nurture / Monitor,6.426388888888889,1,485.98,0.0,242.99,152.6495389164259,Low-cost digital nurture,0.5,4.579486167492777,4.079486167492777,Low-cost nurture communication and continued monitoring,0,1,658.0
14051,2011-09-01,United Kingdom,0.0337942447810229,3.2153179190751446,Low,97.54335260115607,Protect High Value,13.264583333333333,9,5561.08,149.11319444444445,2780.54,93.96624938342542,VIP or loyalty service,12.0,7.517299950674034,-4.482700049325966,Proactive loyalty or VIP service without aggressive discounting,0,0,
14053,2011-09-01,United Kingdom,0.6679079969161965,72.72398843930635,Medium,26.517341040462426,Nurture / Monitor,24.397916666666667,2,260.25,35.0875,130.125,86.91152809872007,Low-cost digital nurture,0.5,2.607345842961602,2.107345842961602,Low-cost nurture communication and continued monitoring,1,1,1247.0
14055,2011-09-01,United Kingdom,0.8712849768533101,97.61560693641619,Critical,62.355491329479776,Reactivate Efficiently,6.372222222222222,1,725.6400000000001,0.0,362.82000000000005,316.11961530191803,Automated targeted campaign,5.0,47.4179422952877,42.4179422952877,Automated re-engagement with targeted product recommendations,1,1,56.0
14056,2011-09-01,United Kingdom,0.022792661033608396,2.5289017341040463,Low,96.7485549132948,Protect High Value,7.331944444444445,16,4751.6,166.99027777777778,2375.8,54.15080408364683,VIP or loyalty service,12.0,4.3320643266917465,-7.6679356733082535,Proactive loyalty or VIP service without aggressive discounting,0,0,
14057,2011-09-01,United Kingdom,0.0672831341130194,5.997109826589595,Low,93.35260115606935,Protect High Value,0.5868055555555556,8,2868.95,139.06180555555557,1434.475,96.51597380677349,VIP or loyalty service,12.0,7.721277904541879,-4.278722095458121,Proactive loyalty or VIP service without aggressive discounting,0,0,
14059,2011-09-01,United Kingdom,0.8174183534622695,94.65317919075144,Critical,17.41329479768786,Reactivate Efficiently,166.57916666666668,1,183.6,0.0,91.8,75.03900484783634,Automated targeted campaign,5.0,11.255850727175451,6.255850727175451,Automated re-engagement with targeted product recommendations,1,0,
14060,2011-09-01,United Kingdom,0.044988875701433624,4.082369942196531,Low,89.95664739884393,Protect High Value,8.299305555555556,8,2171.32,162.1340277777778,1085.66,48.84262279401843,VIP or loyalty service,12.0,3.9074098235214745,-8.092590176478526,Proactive loyalty or VIP service without aggressive discounting,0,0,
14062,2011-09-01,United Kingdom,0.06723834339494095,5.960982658959538,Low,96.67630057803468,Protect High Value,12.502777777777778,5,4705.4,127.84722222222223,2352.7,158.19165050527755,VIP or loyalty service,12.0,12.655332040422204,0.6553320404222038,Proactive loyalty or VIP service without aggressive discounting,0,0,
14064,2011-09-01,United Kingdom,0.24146759412010319,18.24421965317919,Low,74.78323699421965,Nurture / Monitor,13.24236111111111,4,1097.03,161.21666666666667,548.515,132.4485973887884,Low-cost digital nurture,0.5,3.9734579216636514,3.4734579216636514,Low-cost nurture communication and continued monitoring,0,1,800.0
14066,2011-09-01,United Kingdom,0.8187509128338494,94.83381502890174,Critical,12.861271676300579,Reactivate Efficiently,166.48541666666668,1,152.55,0.0,76.275,62.450225876401866,Automated targeted campaign,5.0,9.367533881460279,4.367533881460279,Automated re-engagement with targeted product recommendations,1,0,
14071,2011-09-01,United Kingdom,0.6905153936605977,76.26445086705202,Medium,39.63150289017341,Nurture / Monitor,160.4388888888889,2,356.81,4.079861111111111,178.405,123.19139880601892,Low-cost digital nurture,0.5,3.6957419641805678,3.1957419641805678,Low-cost nurture communication and continued monitoring,0,1,868.0
14075,2011-09-01,United Kingdom,0.6064569414443183,62.355491329479776,Medium,32.8757225433526,Nurture / Monitor,161.30902777777777,1,307.92,0.0,153.96,93.37011070476724,Low-cost digital nurture,0.5,2.801103321143017,2.301103321143017,Low-cost nurture communication and continued monitoring,0,1,1175.0
14076,2011-09-01,United Kingdom,0.6587190533975812,71.02601156069365,Medium,7.767341040462428,Nurture / Monitor,29.361805555555556,1,118.67,0.0,59.335,39.08509503334548,Low-cost digital nurture,0.5,1.1725528510003644,0.6725528510003644,Low-cost nurture communication and continued monitoring,1,0,
14077,2011-09-01,United Kingdom,0.4072607527380997,32.369942196531795,Low,33.48988439306358,Nurture / Monitor,82.3951388888889,3,310.4,91.94375,155.2,63.20686882495307,Low-cost digital nurture,0.5,1.896206064748592,1.396206064748592,Low-cost nurture communication and continued monitoring,0,0,
14078,2011-09-01,United Kingdom,0.3180232058379181,24.16907514450867,Low,63.11416184971098,Nurture / Monitor,1.488888888888889,4,743.0799999999999,125.03472222222223,371.53999999999996,118.15834189702008,Low-cost digital nurture,0.5,3.544750256910602,3.044750256910602,Low-cost nurture communication and continued monitoring,1,1,907.0
14079,2011-09-01,United Kingdom,0.7077947886754618,79.26300578034682,Medium,41.72687861271676,Nurture / Monitor,24.493055555555557,1,375.1,0.0,187.55,132.74691261608285,Low-cost digital nurture,0.5,3.9824073784824856,3.4824073784824856,Low-cost nurture communication and continued monitoring,1,1,797.0
14083,2011-09-01,United Kingdom,0.31682754654440737,24.060693641618496,Low,3.8656069364161847,Nurture / Monitor,26.395138888888887,4,89.03,147.01944444444445,44.515,14.103578234424294,Low-cost digital nurture,0.5,0.4231073470327288,-0.07689265296727121,Low-cost nurture communication and continued monitoring,1,0,
14085,2011-09-01,United Kingdom,0.12093458289428236,9.718208092485549,Low,78.21531791907515,Nurture / Monitor,41.425,6,1260.28,133.97083333333333,630.14,76.20571806500308,Low-cost digital nurture,0.5,2.2861715419500923,1.7861715419500923,Low-cost nurture communication and continued monitoring,0,0,
14088,2011-09-01,United Kingdom,0.04481969486558974,4.046242774566474,Low,99.3135838150289,Protect High Value,28.527083333333334,6,17962.98,61.72986111111111,8981.49,402.5476412383456,VIP or loyalty service,12.0,32.203811299067645,20.203811299067645,Proactive loyalty or VIP service without aggressive discounting,0,0,
14092,2011-09-01,United Kingdom,0.11173974484651651,9.21242774566474,Low,82.40606936416185,Protect High Value,31.433333333333334,6,1517.5700000000002,138.02777777777777,758.7850000000001,84.78644229336405,VIP or loyalty service,12.0,6.782915383469124,-5.217084616530876,Proactive loyalty or VIP service without aggressive discounting,0,0,
14096,2011-09-01,United Kingdom,0.6614012343996816,71.60404624277457,Medium,0.18063583815028902,Nurture / Monitor,1.5493055555555555,1,10.67,0.0,5.335,3.5285755855223013,Low-cost digital nurture,0.5,0.10585726756566903,-0.39414273243433096,Low-cost nurture communication and continued monitoring,0,0,
14099,2011-09-01,United Kingdom,0.11067091465025766,9.176300578034683,Low,82.04479768786128,Protect High Value,20.351388888888888,5,1491.19,134.18194444444444,745.595,82.51568060865887,VIP or loyalty service,12.0,6.60125444869271,-5.39874555130729,Proactive loyalty or VIP service without aggressive discounting,0,0,
14100,2011-09-01,United Kingdom,0.7090356758314801,79.47976878612717,Medium,18.42485549132948,Nurture / Monitor,37.54097222222222,1,191.95000000000002,0.0,95.97500000000001,68.0496989879263,Low-cost digital nurture,0.5,2.041490969637789,1.5414909696377892,Low-cost nurture communication and continued monitoring,1,0,
14101,2011-09-01,United Kingdom,0.2634603273453795,19.906069364161848,Low,93.82225433526011,Protect High Value,42.49444444444445,3,3100.3599999999997,122.06319444444445,1550.1799999999998,408.4109302442603,VIP or loyalty service,12.0,32.672874419540825,20.672874419540825,Proactive loyalty or VIP service without aggressive discounting,0,0,
14104,2011-09-01,United Kingdom,0.6045679629740397,61.77745664739884,Medium,21.784682080924856,Nurture / Monitor,54.46527777777778,2,216.20999999999998,11.000694444444445,108.10499999999999,65.35681963730856,Low-cost digital nurture,0.5,1.9607045891192567,1.4607045891192567,Low-cost nurture communication and continued monitoring,1,0,
14105,2011-09-01,United Kingdom,0.4887791884499555,43.60549132947977,Low,78.32369942196532,Nurture / Monitor,139.2513888888889,1,1266.23,0.0,633.115,309.45343589549356,Low-cost digital nurture,0.5,9.283603076864805,8.783603076864805,Low-cost nurture communication and continued monitoring,1,1,277.0
14107,2011-09-01,United Kingdom,0.3379724660066364,25.722543352601157,Low,77.23988439306359,Nurture / Monitor,76.30069444444445,3,1215.75,83.15972222222223,607.875,205.4450127737841,Low-cost digital nurture,0.5,6.163350383213523,5.663350383213523,Low-cost nurture communication and continued monitoring,0,1,441.0
14108,2011-09-01,United Kingdom,0.9394795471079124,99.78323699421965,Critical,29.58815028901734,Reactivate Efficiently,1.5194444444444444,1,291.33,0.0,145.665,136.84928822947404,Automated targeted campaign,5.0,20.527393234421105,15.527393234421105,Automated re-engagement with targeted product recommendations,0,1,174.0
14110,2011-09-01,United Kingdom,0.09206648038723893,7.803468208092486,Low,94.54479768786128,Protect High Value,19.384027777777778,5,3259.62,147.2,1629.81,150.05087039992588,VIP or loyalty service,12.0,12.00406963199407,0.004069631994070733,Proactive loyalty or VIP service without aggressive discounting,0,0,
14111,2011-09-01,United Kingdom,0.6691542333138889,73.04913294797689,Medium,25.14450867052023,Nurture / Monitor,6.38125,2,247.2,135.13541666666666,123.6,82.70746323759667,Low-cost digital nurture,0.5,2.4812238971279,1.9812238971279,Low-cost nurture communication and continued monitoring,0,0,
14112,2011-09-01,United Kingdom,0.21248738773123624,16.184971098265898,Low,87.46387283236994,Protect High Value,30.488888888888887,4,1900.8200000000002,145.03333333333333,950.4100000000001,201.95013817364426,VIP or loyalty service,12.0,16.15601105389154,4.15601105389154,Proactive loyalty or VIP service without aggressive discounting,0,0,
14114,2011-09-01,United Kingdom,0.6625186643150643,72.0014450867052,Medium,18.316473988439306,Nurture / Monitor,173.59583333333333,1,191.39999999999998,0.0,95.69999999999999,63.40303617495165,Low-cost digital nurture,0.5,1.9020910852485495,1.4020910852485495,Low-cost nurture communication and continued monitoring,1,0,
14116,2011-09-01,United Kingdom,0.6765753093503929,74.16907514450867,Medium,35.00722543352601,Nurture / Monitor,21.469444444444445,1,319.97,0.0,159.985,108.24190086642261,Low-cost digital nurture,0.5,3.247257025992678,2.747257025992678,Low-cost nurture communication and continued monitoring,0,1,1020.0
14117,2011-09-01,United Kingdom,0.7514932051760965,85.4407514450867,High,3.901734104046243,Reactivate Efficiently,43.59097222222222,1,90.0,0.0,45.0,33.817194232924344,Automated targeted campaign,5.0,5.0725791349386515,0.07257913493865153,Automated re-engagement with targeted product recommendations,1,0,
14127,2011-09-01,United Kingdom,0.4346095635536329,36.01878612716763,Low,43.56936416184971,Nurture / Monitor,22.549305555555556,2,395.08000000000004,133.93333333333334,197.54000000000002,85.85277318438465,Low-cost digital nurture,0.5,2.5755831955315394,2.0755831955315394,Low-cost nurture communication and continued monitoring,1,0,
14128,2011-09-01,United Kingdom,0.8413740042173853,96.09826589595376,Critical,32.22543352601156,Reactivate Efficiently,155.54930555555555,1,305.54,0.0,152.77,128.53670662428996,Automated targeted campaign,5.0,19.280505993643494,14.280505993643494,Automated re-engagement with targeted product recommendations,0,1,199.0
14129,2011-09-01,United Kingdom,0.6321415216358683,67.08815028901735,Medium,40.17341040462428,Nurture / Monitor,160.63611111111112,1,358.90000000000003,0.0,179.45000000000002,113.43779605755658,Low-cost digital nurture,0.5,3.4031338817266974,2.9031338817266974,Low-cost nurture communication and continued monitoring,0,1,950.0
14132,2011-09-01,United Kingdom,0.16776403841546964,12.789017341040463,Low,83.02023121387283,Protect High Value,13.500694444444445,5,1552.46,69.99652777777777,776.23,130.22347953924,VIP or loyalty service,12.0,10.4178783631392,-1.5821216368607995,Proactive loyalty or VIP service without aggressive discounting,0,0,
14133,2011-09-01,United Kingdom,0.7765046763338505,88.8728323699422,High,29.22687861271676,Reactivate Efficiently,29.518055555555556,2,287.64,0.0006944444444444445,143.82,111.67690255033436,Automated targeted campaign,5.0,16.751535382550152,11.751535382550152,Automated re-engagement with targeted product recommendations,1,0,
14135,2011-09-01,United Kingdom,0.20802084768876028,15.787572254335261,Low,80.09393063583815,Protect High Value,5.386111111111111,3,1378.41,115.05694444444444,689.205,143.36900833133203,VIP or loyalty service,12.0,11.469520666506563,-0.530479333493437,Proactive loyalty or VIP service without aggressive discounting,0,0,
14141,2011-09-01,United Kingdom,0.6619072175833559,71.78468208092485,Medium,28.9378612716763,Nurture / Monitor,5.388888888888889,1,285.16,0.0,142.58,94.37473108303489,Low-cost digital nurture,0.5,2.8312419324910465,2.3312419324910465,Low-cost nurture communication and continued monitoring,0,1,1170.0
14143,2011-09-01,United Kingdom,0.7321315556880196,82.58670520231213,High,7.442196531791907,Reactivate Efficiently,33.59166666666667,1,115.8,0.0,57.9,42.390417074336334,Automated targeted campaign,5.0,6.35856256115045,1.3585625611504497,Automated re-engagement with targeted product recommendations,1,0,
14145,2011-09-01,United Kingdom,0.4778226535999279,42.052023121387286,Low,93.28034682080924,Protect High Value,56.50555555555555,3,2851.2,60.952083333333334,1425.6,681.1839749720572,VIP or loyalty service,12.0,54.494717997764575,42.494717997764575,Proactive loyalty or VIP service without aggressive discounting,0,1,55.0
14146,2011-09-01,United Kingdom,0.5391648888438106,51.15606936416185,Medium,59.97109826589595,Nurture / Monitor,154.5388888888889,1,662.3,0.0,331.15,178.54445294062788,Low-cost digital nurture,0.5,5.3563335882188365,4.8563335882188365,Low-cost nurture communication and continued monitoring,0,1,527.0
14148,2011-09-01,United Kingdom,0.7966783257571365,91.79913294797689,Critical,13.619942196531792,Reactivate Efficiently,133.4986111111111,1,157.2,0.0,78.6,62.61891640451093,Automated targeted campaign,5.0,9.392837460676638,4.392837460676638,Automated re-engagement with targeted product recommendations,1,0,
14149,2011-09-01,United Kingdom,0.714582648412979,80.13005780346822,High,47.50722543352601,Reactivate Efficiently,120.59444444444445,1,446.62,0.0,223.31,159.57345121710236,Automated targeted campaign,5.0,23.936017682565353,18.936017682565353,Automated re-engagement with targeted product recommendations,1,1,145.0
14152,2011-09-01,United Kingdom,0.6047013640931322,61.813583815028906,Medium,34.35693641618497,Nurture / Monitor,134.34305555555557,1,314.51,0.0,157.255,95.0923130104655,Low-cost digital nurture,0.5,2.852769390313965,2.352769390313965,Low-cost nurture communication and continued monitoring,0,1,1162.0
14154,2011-09-01,United Kingdom,0.5821152679608437,58.092485549132945,Medium,79.58815028901735,Nurture / Monitor,139.31527777777777,2,1345.62,0.019444444444444445,672.81,391.6529734367352,Low-cost digital nurture,0.5,11.749589203102055,11.249589203102055,Low-cost nurture communication and continued monitoring,1,1,254.0
14155,2011-09-01,United Kingdom,0.8213130412709765,95.01445086705202,Critical,7.803468208092486,Reactivate Efficiently,166.4076388888889,1,118.75,0.0,59.375,48.76546182546423,Automated targeted campaign,5.0,7.314819273819634,2.3148192738196336,Automated re-engagement with targeted product recommendations,1,0,
14156,2011-09-01,EIRE,1.112354148219693e-07,0.1083815028901734,Low,99.85549132947978,Protect High Value,14.427083333333334,27,56348.95,160.1340277777778,28174.475,0.0031339994140162034,VIP or loyalty service,12.0,0.0002507199531212963,-11.99974928004688,Proactive loyalty or VIP service without aggressive discounting,0,0,
14159,2011-09-01,United Kingdom,0.14076108822767372,11.163294797687861,Low,88.0057803468208,Protect High Value,44.509027777777774,5,1970.42,111.975,985.21,138.67923173278643,VIP or loyalty service,12.0,11.094338538622916,-0.9056614613770844,Proactive loyalty or VIP service without aggressive discounting,0,0,
14161,2011-09-01,United Kingdom,0.4477474583129474,37.463872832369944,Low,65.96820809248555,Nurture / Monitor,115.51319444444445,2,814.47,62.950694444444444,407.235,182.33843618607312,Low-cost digital nurture,0.5,5.470153085582194,4.970153085582194,Low-cost nurture communication and continued monitoring,1,1,513.0
14162,2011-09-01,United Kingdom,0.650383182665823,69.86994219653178,Medium,6.322254335260117,Nurture / Monitor,73.51666666666667,1,111.68,0.0,55.84,36.31739692005956,Low-cost digital nurture,0.5,1.0895219076017868,0.5895219076017868,Low-cost nurture communication and continued monitoring,1,0,
14163,2011-09-01,United Kingdom,0.4889812784551744,43.641618497109825,Low,84.75433526011561,Protect High Value,52.38263888888889,3,1659.39,86.8861111111111,829.695,405.705321827866,VIP or loyalty service,12.0,32.45642574622928,20.45642574622928,Proactive loyalty or VIP service without aggressive discounting,0,0,
14165,2011-09-01,United Kingdom,0.8076893736981534,93.17196531791907,Critical,8.128612716763007,Reactivate Efficiently,175.47291666666666,1,120.44,0.0,60.22,48.639054084102796,Automated targeted campaign,5.0,7.295858112615419,2.295858112615419,Automated re-engagement with targeted product recommendations,1,0,
14167,2011-09-01,United Kingdom,0.4682757128851427,40.4985549132948,Low,24.53034682080925,Nurture / Monitor,65.3013888888889,2,241.5,98.05069444444445,120.75,56.54429233088098,Low-cost digital nurture,0.5,1.6963287699264293,1.1963287699264293,Low-cost nurture communication and continued monitoring,0,0,
14173,2011-09-01,United Kingdom,0.8820846609642876,98.01300578034682,Critical,7.08092485549133,Reactivate Efficiently,119.41458333333334,1,114.04,0.0,57.02,50.296467368183684,Automated targeted campaign,5.0,7.5444701052275525,2.5444701052275525,Automated re-engagement with targeted product recommendations,0,0,
14175,2011-09-01,United Kingdom,0.3575046966105577,27.63728323699422,Low,68.75,Nurture / Monitor,71.39652777777778,1,883.41,0.0,441.705,157.9116120163664,Low-cost digital nurture,0.5,4.737348360490992,4.237348360490992,Low-cost nurture communication and continued monitoring,0,1,628.0
14177,2011-09-01,United Kingdom,0.5622882313245161,55.16618497109826,Medium,5.635838150289017,Nurture / Monitor,79.53472222222223,1,108.13,0.0,54.065,30.400113226559963,Low-cost digital nurture,0.5,0.9120033967967989,0.41200339679679887,Low-cost nurture communication and continued monitoring,0,0,
14178,2011-09-01,United Kingdom,0.4839376297970914,42.99132947976879,Low,30.238439306358384,Nurture / Monitor,43.45763888888889,2,296.82,39.00694444444444,148.41,71.82118363818633,Low-cost digital nurture,0.5,2.1546355091455895,1.6546355091455895,Low-cost nurture communication and continued monitoring,0,0,
14180,2011-09-01,United Kingdom,0.02083558666019367,2.4205202312138727,Low,87.10260115606935,Protect High Value,6.468055555555556,11,1874.5,164.18402777777777,937.25,19.528153597266517,VIP or loyalty service,12.0,1.5622522877813214,-10.437747712218679,Proactive loyalty or VIP service without aggressive discounting,0,0,
14188,2011-09-01,United Kingdom,0.29201796311784267,22.18208092485549,Low,71.89306358381504,Nurture / Monitor,9.429166666666667,3,985.46,105.15208333333334,492.73,143.88601096705463,Low-cost digital nurture,0.5,4.3165803290116385,3.8165803290116385,Low-cost nurture communication and continued monitoring,0,1,715.0
14189,2011-09-01,United Kingdom,0.09710207435239293,8.20086705202312,Low,85.69364161849711,Protect High Value,13.383333333333333,6,1741.47,141.9,870.735,84.55017471123087,VIP or loyalty service,12.0,6.764013976898469,-5.235986023101531,Proactive loyalty or VIP service without aggressive discounting,0,0,
14191,2011-09-01,United Kingdom,0.19224404669060555,14.378612716763007,Low,90.64306358381504,Protect High Value,8.399305555555555,7,2258.26,112.16319444444444,1129.13,217.06852043976346,VIP or loyalty service,12.0,17.365481635181077,5.365481635181077,Proactive loyalty or VIP service without aggressive discounting,0,0,
14193,2011-09-01,United Kingdom,0.6986435499282585,77.67341040462428,Medium,46.09826589595375,Nurture / Monitor,169.51527777777778,1,422.53999999999996,0.0,211.26999999999998,147.60242279334315,Low-cost digital nurture,0.5,4.428072683800294,3.928072683800294,Low-cost nurture communication and continued monitoring,0,1,686.0
14194,2011-09-01,United Kingdom,0.03097123705256367,3.0346820809248554,Low,97.21820809248555,Protect High Value,6.3875,11,5149.5,160.07430555555555,2574.75,79.74319260108831,VIP or loyalty service,12.0,6.379455408087065,-5.620544591912935,Proactive loyalty or VIP service without aggressive discounting,0,0,
14195,2011-09-01,United Kingdom,0.5476647032293364,52.27601156069365,Medium,72.72398843930635,Nurture / Monitor,101.56319444444445,2,1012.0,50.735416666666666,506.0,277.1183398340442,Low-cost digital nurture,0.5,8.313550195021326,7.813550195021326,Low-cost nurture communication and continued monitoring,1,1,303.0
14196,2011-09-01,United Kingdom,0.7009275797947925,78.03468208092485,Medium,37.536127167630056,Nurture / Monitor,6.565972222222222,1,335.52,0.0,167.76,117.58761078637438,Low-cost digital nurture,0.5,3.5276283235912316,3.0276283235912316,Low-cost nurture communication and continued monitoring,1,1,913.0
14198,2011-09-01,United Kingdom,0.4477849764227562,37.5,Low,39.70375722543353,Nurture / Monitor,45.34236111111111,2,356.95000000000005,94.03680555555556,178.47500000000002,79.91842366705143,Low-cost digital nurture,0.5,2.3975527100115426,1.8975527100115426,Low-cost nurture communication and continued monitoring,0,0,
14199,2011-09-01,United Kingdom,0.7054747133315895,78.82947976878613,Medium,17.63005780346821,Nurture / Monitor,118.42777777777778,1,185.39999999999998,0.0,92.69999999999999,65.39750592583835,Low-cost digital nurture,0.5,1.9619251777751503,1.4619251777751503,Low-cost nurture communication and continued monitoring,1,0,
14201,2011-09-01,United Kingdom,0.31663577623693956,24.02456647398844,Low,47.97687861271676,Nurture / Monitor,49.3625,4,454.0,85.05625,227.0,71.87632120578527,Low-cost digital nurture,0.5,2.156289636173558,1.656289636173558,Low-cost nurture communication and continued monitoring,0,0,
14205,2011-09-01,United Kingdom,0.593943012506663,60.15173410404624,Medium,22.38078034682081,Nurture / Monitor,164.3701388888889,1,222.9,0.0,111.45,66.1949487438676,Low-cost digital nurture,0.5,1.985848462316028,1.485848462316028,Low-cost nurture communication and continued monitoring,0,0,
14206,2011-09-01,United Kingdom,0.619388204406828,64.77601156069365,Medium,36.34393063583815,Nurture / Monitor,139.30694444444444,1,328.15999999999997,0.0,164.07999999999998,101.62921657907232,Low-cost digital nurture,0.5,3.0488764973721696,2.5488764973721696,Low-cost nurture communication and continued monitoring,1,1,1081.0
14209,2011-09-01,United Kingdom,0.17384314497257686,13.150289017341041,Low,82.65895953757226,Protect High Value,21.332638888888887,4,1528.38,138.2451388888889,764.19,132.84919295659353,VIP or loyalty service,12.0,10.627935436527482,-1.3720645634725184,Proactive loyalty or VIP service without aggressive discounting,0,0,
14210,2011-09-01,United Kingdom,0.27084387802355175,20.484104046242773,Low,70.3034682080925,Nurture / Monitor,5.475,3,928.45,121.93680555555555,464.225,125.73249927548332,Low-cost digital nurture,0.5,3.7719749782644993,3.2719749782644993,Low-cost nurture communication and continued monitoring,1,1,850.0
14211,2011-09-01,United Kingdom,0.44886754749159974,37.608381502890175,Low,47.36271676300578,Nurture / Monitor,107.5513888888889,3,444.78999999999996,30.854861111111113,222.39499999999998,99.82589822439432,Low-cost digital nurture,0.5,2.9947769467318297,2.4947769467318297,Low-cost nurture communication and continued monitoring,0,1,1100.0
14214,2011-09-01,United Kingdom,0.4308916500258246,35.585260115606935,Low,69.21965317919076,Nurture / Monitor,56.37361111111111,3,899.16,121.10833333333333,449.58,193.7202680186102,Low-cost digital nurture,0.5,5.811608040558306,5.311608040558306,Low-cost nurture communication and continued monitoring,0,1,469.0
14215,2011-09-01,United Kingdom,0.5167739073576826,47.76011560693642,Low,16.29335260115607,Nurture / Monitor,86.58055555555555,1,176.16,0.0,88.08,45.51744576006468,Low-cost digital nurture,0.5,1.3655233728019405,0.8655233728019405,Low-cost nurture communication and continued monitoring,0,0,
14217,2011-09-01,United Kingdom,0.19633612462866545,14.992774566473987,Low,61.596820809248555,Nurture / Monitor,55.55625,5,706.2,108.92430555555555,353.1,69.32628560638177,Low-cost digital nurture,0.5,2.079788568191453,1.5797885681914532,Low-cost nurture communication and continued monitoring,0,0,
14220,2011-09-01,United Kingdom,0.669618732606975,73.19364161849711,Medium,34.971098265895954,Nurture / Monitor,147.4423611111111,1,319.42,0.0,159.71,106.94480778465999,Low-cost digital nurture,0.5,3.2083442335397994,2.7083442335397994,Low-cost nurture communication and continued monitoring,1,1,1032.0
14221,2011-09-01,United Kingdom,0.19166840988153117,14.342485549132947,Low,90.89595375722543,Protect High Value,13.261805555555556,6,2304.06,93.25138888888888,1152.03,220.80775823582033,VIP or loyalty service,12.0,17.664620658865626,5.664620658865626,Proactive loyalty or VIP service without aggressive discounting,0,0,
14222,2011-09-01,United Kingdom,0.691245921563173,76.33670520231213,Medium,60.58526011560693,Nurture / Monitor,77.30416666666666,1,683.17,0.0,341.585,236.11923811715644,Low-cost digital nurture,0.5,7.083577143514693,6.583577143514693,Low-cost nurture communication and continued monitoring,1,1,354.0
14223,2011-09-01,United Kingdom,0.584099720637697,58.52601156069365,Medium,59.60982658959537,Nurture / Monitor,57.516666666666666,2,656.5899999999999,106.81527777777778,328.29499999999996,191.7570177867527,Low-cost digital nurture,0.5,5.75271053360258,5.25271053360258,Low-cost nurture communication and continued monitoring,0,1,474.0
14224,2011-09-01,United Kingdom,0.294624068025073,22.579479768786126,Low,64.34248554913295,Nurture / Monitor,10.441666666666666,3,765.43,104.96944444444445,382.715,112.75705019421581,Low-cost digital nurture,0.5,3.382711505826474,2.882711505826474,Low-cost nurture communication and continued monitoring,1,1,958.0
14226,2011-09-01,United Kingdom,0.5570126896662906,53.79335260115607,Medium,85.00722543352602,Protect High Value,110.40555555555555,2,1692.0,58.94444444444444,846.0,471.2327354576818,VIP or loyalty service,12.0,37.69861883661455,25.69861883661455,Proactive loyalty or VIP service without aggressive discounting,0,0,
14227,2011-09-01,United Kingdom,0.3677069619475769,28.829479768786126,Low,84.79046242774567,Protect High Value,96.38194444444444,6,1662.82,49.02638888888889,831.41,305.7152452328349,VIP or loyalty service,12.0,24.45721961862679,12.457219618626791,Proactive loyalty or VIP service without aggressive discounting,0,0,
14231,2011-09-01,United Kingdom,0.5030972300415886,45.77312138728324,Low,57.550578034682076,Nurture / Monitor,83.53819444444444,2,616.76,48.704861111111114,308.38,155.1451238002251,Low-cost digital nurture,0.5,4.654353714006753,4.154353714006753,Low-cost nurture communication and continued monitoring,1,1,646.0
14232,2011-09-01,United Kingdom,0.19258967976640068,14.450867052023122,Low,83.48988439306359,Protect High Value,15.463888888888889,4,1573.33,149.00555555555556,786.665,151.50356043343558,VIP or loyalty service,12.0,12.120284834674846,0.12028483467484641,Proactive loyalty or VIP service without aggressive discounting,0,0,
14233,2011-09-01,United Kingdom,0.5826200277956877,58.236994219653184,Medium,36.289739884393065,Nurture / Monitor,111.55208333333333,1,328.15000000000003,0.0,164.07500000000002,95.59338106057747,Low-cost digital nurture,0.5,2.867801431817324,2.367801431817324,Low-cost nurture communication and continued monitoring,0,1,1154.0
14235,2011-09-01,United Kingdom,0.39748615551641014,31.647398843930635,Low,93.0635838150289,Protect High Value,57.543055555555554,4,2802.86,102.89930555555556,1401.43,557.0490229253627,VIP or loyalty service,12.0,44.56392183402902,32.56392183402902,Proactive loyalty or VIP service without aggressive discounting,0,1,92.0
14239,2011-09-01,United Kingdom,0.19777627030780384,15.065028901734104,Low,57.695086705202314,Nurture / Monitor,30.577083333333334,4,620.0600000000001,116.03680555555556,310.03000000000003,61.31657708352843,Low-cost digital nurture,0.5,1.839497312505853,1.339497312505853,Low-cost nurture communication and continued monitoring,0,0,
14240,2011-09-01,United Kingdom,0.7578446788319481,86.48843930635837,High,22.85043352601156,Reactivate Efficiently,125.51388888888889,1,226.85,0.0,113.425,85.9585326965137,Automated targeted campaign,5.0,12.893779904477055,7.893779904477055,Automated re-engagement with targeted product recommendations,0,0,
14241,2011-09-01,United Kingdom,0.9395719604933701,99.8193641618497,Critical,21.242774566473987,Reactivate Efficiently,83.50972222222222,1,213.70000000000002,0.0,106.85000000000001,100.3932639787166,Automated targeted campaign,5.0,15.05898959680749,10.05898959680749,Automated re-engagement with targeted product recommendations,1,0,
14242,2011-09-01,United Kingdom,0.6634425450324055,72.07369942196532,Medium,11.271676300578035,Nurture / Monitor,134.50972222222222,1,142.2,0.0,71.1,47.17076495180403,Low-cost digital nurture,0.5,1.4151229485541208,0.9151229485541208,Low-cost nurture communication and continued monitoring,1,0,
14243,2011-09-01,United Kingdom,0.2356342547119602,17.77456647398844,Low,67.1965317919075,Nurture / Monitor,40.41180555555555,3,850.98,105.15833333333333,425.49,100.26001903739194,Low-cost digital nurture,0.5,3.0078005711217584,2.5078005711217584,Low-cost nurture communication and continued monitoring,0,1,1096.0
14245,2011-09-01,United Kingdom,0.5421598075440146,51.48121387283236,Medium,85.11560693641619,Protect High Value,119.63888888888889,2,1693.45,43.91597222222222,846.725,459.0602630427058,VIP or loyalty service,12.0,36.72482104341646,24.724821043416462,Proactive loyalty or VIP service without aggressive discounting,1,0,
14246,2011-09-01,United Kingdom,0.40469621007090817,32.1893063583815,Low,81.68352601156069,Protect High Value,10.506944444444445,3,1474.06,135.14236111111111,737.03,298.2732477085614,VIP or loyalty service,12.0,23.861859816684916,11.861859816684916,Proactive loyalty or VIP service without aggressive discounting,1,0,
14247,2011-09-01,United Kingdom,0.6497912734183486,69.65317919075144,Medium,10.1878612716763,Nurture / Monitor,178.36041666666668,1,136.76999999999998,0.0,68.38499999999999,44.43597623271376,Low-cost digital nurture,0.5,1.3330792869814128,0.8330792869814128,Low-cost nurture communication and continued monitoring,1,0,
14256,2011-09-01,United Kingdom,0.602555430955892,61.41618497109826,Medium,47.398843930635834,Nurture / Monitor,160.4465277777778,1,445.2,0.0,222.6,134.12883893078157,Low-cost digital nurture,0.5,4.0238651679234465,3.5238651679234465,Low-cost nurture communication and continued monitoring,1,1,791.0
14257,2011-09-01,United Kingdom,0.2617304210102076,19.689306358381504,Low,89.30635838150289,Protect High Value,23.350694444444443,3,2105.7,61.234027777777776,1052.85,275.56287376059703,VIP or loyalty service,12.0,22.045029900847762,10.045029900847762,Proactive loyalty or VIP service without aggressive discounting,0,0,
14258,2011-09-01,United Kingdom,0.07064514452896999,6.286127167630058,Low,97.07369942196532,Protect High Value,51.575,5,5100.14,112.93472222222222,2550.07,180.1500637089905,VIP or loyalty service,12.0,14.412005096719241,2.4120050967192412,Proactive loyalty or VIP service without aggressive discounting,0,0,
14259,2011-09-01,United Kingdom,0.7473670105682136,84.86271676300578,High,8.074421965317919,Reactivate Efficiently,41.55277777777778,1,120.0,0.0,60.0,44.84202063409282,Automated targeted campaign,5.0,6.726303095113923,1.7263030951139227,Automated re-engagement with targeted product recommendations,1,0,
14262,2011-09-01,United Kingdom,0.2984892313523933,23.049132947976876,Low,67.3771676300578,Nurture / Monitor,7.372222222222222,3,855.0,133.11180555555555,427.5,127.60414640314814,Low-cost digital nurture,0.5,3.828124392094444,3.328124392094444,Low-cost nurture communication and continued monitoring,0,1,835.0
14264,2011-09-01,United Kingdom,0.4872013996181209,43.42485549132948,Low,37.31936416184971,Nurture / Monitor,54.56944444444444,2,333.97,90.91666666666667,166.985,81.35532571523193,Low-cost digital nurture,0.5,2.4406597714569576,1.9406597714569576,Low-cost nurture communication and continued monitoring,1,0,
14265,2011-09-01,Unspecified,0.6257393110432785,65.9320809248555,Medium,52.637283236994215,Nurture / Monitor,9.436111111111112,2,530.1800000000001,39.18194444444445,265.09000000000003,165.87723396446273,Low-cost digital nurture,0.5,4.976317018933882,4.476317018933882,Low-cost nurture communication and continued monitoring,1,1,590.0
14267,2011-09-01,United Kingdom,0.5016545891510877,45.664739884393065,Low,82.36994219653178,Protect High Value,62.577083333333334,3,1516.24,97.93819444444445,758.12,380.31437712722266,VIP or loyalty service,12.0,30.42515017017781,18.42515017017781,Proactive loyalty or VIP service without aggressive discounting,1,0,
14271,2011-09-01,United Kingdom,0.7508502338681413,85.33236994219652,High,6.539017341040462,Reactivate Efficiently,125.46736111111112,1,112.32,0.0,56.16,42.167749134034814,Automated targeted campaign,5.0,6.325162370105222,1.3251623701052218,Automated re-engagement with targeted product recommendations,1,0,
14272,2011-09-01,United Kingdom,0.8198351026982826,94.94219653179191,Critical,9.501445086705203,Reactivate Efficiently,154.41875,1,132.09,0.0,66.045,54.14600935770808,Automated targeted campaign,5.0,8.121901403656212,3.121901403656212,Automated re-engagement with targeted product recommendations,0,0,
14273,2011-09-01,United Kingdom,0.43047827498227015,35.51300578034682,Low,47.8143063583815,Nurture / Monitor,36.37777777777778,3,450.05,106.06388888888888,225.025,96.86837382788534,Low-cost digital nurture,0.5,2.90605121483656,2.40605121483656,Low-cost nurture communication and continued monitoring,0,1,1133.0
14276,2011-09-01,United Kingdom,0.521420053307827,48.627167630057805,Low,42.01589595375722,Nurture / Monitor,80.58611111111111,1,379.2,0.0,189.6,98.861242107164,Low-cost digital nurture,0.5,2.96583726321492,2.46583726321492,Low-cost nurture communication and continued monitoring,0,1,1111.0
14277,2011-09-01,France,0.23420032352576142,17.666184971098268,Low,84.32080924855492,Protect High Value,112.44444444444444,1,1629.03,0.0,814.515,190.75967651658556,VIP or loyalty service,12.0,15.260774121326845,3.260774121326845,Proactive loyalty or VIP service without aggressive discounting,0,0,
14280,2011-09-01,United Kingdom,0.7641151493766236,87.28323699421965,High,9.754335260115607,Reactivate Efficiently,96.55763888888889,1,134.04,0.0,67.02,51.21099731122131,Automated targeted campaign,5.0,7.681649596683196,2.6816495966831964,Automated re-engagement with targeted product recommendations,1,0,
14282,2011-09-01,United Kingdom,0.07561631219650822,6.6473988439306355,Low,87.39161849710982,Protect High Value,9.539583333333333,8,1896.54,156.88333333333333,948.27,71.70468036658285,VIP or loyalty service,12.0,5.736374429326628,-6.263625570673372,Proactive loyalty or VIP service without aggressive discounting,0,0,
14285,2011-09-01,United Kingdom,0.7143382773686319,80.05780346820809,High,0.1083815028901734,Reactivate Efficiently,76.475,1,5.9,0.0,2.95,2.1072979182374643,Automated targeted campaign,5.0,0.3160946877356196,-4.683905312264381,Automated re-engagement with targeted product recommendations,0,0,
14286,2011-09-01,United Kingdom,0.4962608548125343,44.76156069364162,Low,88.65606936416185,Protect High Value,142.65555555555557,1,2050.08,0.0,1025.04,508.68722661704015,VIP or loyalty service,12.0,40.694978129363214,28.694978129363214,Proactive loyalty or VIP service without aggressive discounting,0,0,
14287,2011-09-01,United Kingdom,0.7529186731939225,85.72976878612717,High,3.3236994219653178,Reactivate Efficiently,98.5111111111111,2,83.28,0.0020833333333333333,41.64,31.351533551794933,Automated targeted campaign,5.0,4.70273003276924,-0.2972699672307604,Automated re-engagement with targeted product recommendations,1,0,
14288,2011-09-01,United Kingdom,0.7451755264253308,84.46531791907515,High,46.31502890173411,Reactivate Efficiently,113.44305555555556,1,426.6,0.0,213.3,158.94593978652307,Automated targeted campaign,5.0,23.84189096797846,18.84189096797846,Automated re-engagement with targeted product recommendations,1,1,148.0
14289,2011-09-01,United Kingdom,0.2568347406646888,19.147398843930635,Low,51.48121387283236,Nurture / Monitor,34.56666666666667,4,510.54,106.80277777777778,255.27,65.56220424947512,Low-cost digital nurture,0.5,1.9668661274842534,1.4668661274842534,Low-cost nurture communication and continued monitoring,1,0,
14291,2011-09-01,United Kingdom,0.15150292587014472,11.849710982658959,Low,91.11271676300578,Protect High Value,20.54513888888889,7,2355.54,154.81597222222223,1177.77,178.43560100208035,VIP or loyalty service,12.0,14.274848080166429,2.2748480801664286,Proactive loyalty or VIP service without aggressive discounting,0,0,
14292,2011-09-01,United Kingdom,0.34850000021456606,26.6257225433526,Low,89.5592485549133,Protect High Value,45.4875,3,2127.21,58.78680555555555,1063.605,370.6663427282135,VIP or loyalty service,12.0,29.653307418257082,17.653307418257082,Proactive loyalty or VIP service without aggressive discounting,0,0,
14293,2011-09-01,United Kingdom,0.5214870360113326,48.66329479768786,Low,23.3742774566474,Nurture / Monitor,47.355555555555554,1,231.39,0.0,115.695,60.333442631331124,Low-cost digital nurture,0.5,1.8100032789399336,1.3100032789399336,Low-cost nurture communication and continued monitoring,1,0,
14297,2011-09-01,United Kingdom,0.8154918978001365,94.36416184971098,Critical,23.5007225433526,Reactivate Efficiently,174.64513888888888,1,232.6,0.0,116.3,94.84170771415587,Automated targeted campaign,5.0,14.22625615712338,9.22625615712338,Automated re-engagement with targeted product recommendations,0,0,
14298,2011-09-01,United Kingdom,0.014306720445436362,1.9869942196531793,Low,99.45809248554913,Protect High Value,23.39097222222222,22,23767.940000000002,143.84027777777777,11883.970000000001,170.02063657195237,VIP or loyalty service,12.0,13.60165092575619,1.6016509257561893,Proactive loyalty or VIP service without aggressive discounting,0,0,
14299,2011-09-01,United Kingdom,0.18452546475159642,13.836705202312139,Low,68.09971098265896,Nurture / Monitor,7.504166666666666,1,871.2,0.0,435.6,80.3792924457954,Low-cost digital nurture,0.5,2.411378773373862,1.9113787733738619,Low-cost nurture communication and continued monitoring,0,0,
14301,2011-09-01,United Kingdom,0.605503827974175,62.10260115606936,Medium,58.77890173410405,Nurture / Monitor,17.352083333333333,1,640.14,0.0,320.07,193.80361021969418,Low-cost digital nurture,0.5,5.814108306590825,5.314108306590825,Low-cost nurture communication and continued monitoring,1,1,468.0
14304,2011-09-01,United Kingdom,0.6039229180603886,61.596820809248555,Medium,42.377167630057805,Nurture / Monitor,122.50694444444444,1,383.45,0.0,191.725,115.787121465128,Low-cost digital nurture,0.5,3.47361364395384,2.97361364395384,Low-cost nurture communication and continued monitoring,1,1,930.0
14305,2011-09-01,United Kingdom,0.3833711535212276,30.45520231213873,Low,73.69942196531792,Nurture / Monitor,13.73611111111111,2,1048.45,21.670833333333334,524.225,200.97274295466553,Low-cost digital nurture,0.5,6.029182288639966,5.529182288639966,Low-cost nurture communication and continued monitoring,0,1,449.0
14307,2011-09-01,United Kingdom,0.3800229972873362,30.27456647398844,Low,73.4465317919075,Nurture / Monitor,34.59375,2,1037.33,84.99166666666666,518.665,197.10462788803622,Low-cost digital nurture,0.5,5.913138836641086,5.413138836641086,Low-cost nurture communication and continued monitoring,0,1,461.0
14309,2011-09-01,United Kingdom,0.3755167832454056,29.76878612716763,Low,62.17485549132948,Nurture / Monitor,68.46458333333334,3,721.63,66.09097222222222,360.815,135.49208814669103,Low-cost digital nurture,0.5,4.064762644400731,3.564762644400731,Low-cost nurture communication and continued monitoring,0,1,782.0
14311,2011-09-01,United Kingdom,0.8488882800091833,96.49566473988439,Critical,33.45375722543353,Reactivate Efficiently,142.57361111111112,1,310.26,0.0,155.13,131.6880388778246,Automated targeted campaign,5.0,19.75320583167369,14.75320583167369,Automated re-engagement with targeted product recommendations,1,1,192.0
14312,2011-09-01,United Kingdom,0.4833763395176267,42.95520231213873,Low,45.77312138728324,Nurture / Monitor,86.62430555555555,2,418.22,86.8125,209.11,101.07882635653093,Low-cost digital nurture,0.5,3.0323647906959277,2.5323647906959277,Low-cost nurture communication and continued monitoring,0,1,1086.0
14314,2011-09-01,United Kingdom,0.8225590070581348,95.05057803468208,Critical,8.074421965317919,Reactivate Efficiently,6.55625,1,120.0,0.0,60.0,49.353540423488084,Automated targeted campaign,5.0,7.403031063523212,2.403031063523212,Automated re-engagement with targeted product recommendations,1,0,
14315,2011-09-01,United Kingdom,0.28571552994155885,21.67630057803468,Low,82.94797687861272,Protect High Value,29.436805555555555,5,1550.1499999999999,137.0222222222222,775.0749999999999,221.45096436945371,VIP or loyalty service,12.0,17.7160771495563,5.716077149556298,Proactive loyalty or VIP service without aggressive discounting,0,0,
14320,2011-09-01,United Kingdom,0.6111940664848701,63.51156069364162,Medium,8.5621387283237,Nurture / Monitor,106.60833333333333,1,125.28,0.0,62.64,38.28519632461226,Low-cost digital nurture,0.5,1.1485558897383676,0.6485558897383676,Low-cost nurture communication and continued monitoring,1,0,
14321,2011-09-01,United Kingdom,0.4503491662104104,37.933526011560694,Low,55.057803468208085,Nurture / Monitor,16.585416666666667,2,573.83,59.92986111111111,286.915,129.2119310232599,Low-cost digital nurture,0.5,3.8763579306977967,3.3763579306977967,Low-cost nurture communication and continued monitoring,0,1,827.0
14323,2011-09-01,United Kingdom,0.581509347365685,58.02023121387283,Medium,56.64739884393064,Nurture / Monitor,14.515972222222222,2,605.06,123.99513888888889,302.53,175.9240228585407,Low-cost digital nurture,0.5,5.277720685756221,4.777720685756221,Low-cost nurture communication and continued monitoring,1,1,542.0
14326,2011-09-01,United Kingdom,0.6978611214766394,77.49277456647398,Medium,17.449421965317917,Nurture / Monitor,142.37222222222223,1,183.85,0.0,91.925,64.15088359174007,Low-cost digital nurture,0.5,1.924526507752202,1.424526507752202,Low-cost nurture communication and continued monitoring,1,0,
14327,2011-09-01,United Kingdom,0.5540213665700079,53.28757225433526,Medium,33.778901734104046,Nurture / Monitor,63.418055555555554,1,311.65,0.0,155.825,86.33037944577147,Low-cost digital nurture,0.5,2.589911383373144,2.089911383373144,Low-cost nurture communication and continued monitoring,1,0,
14329,2011-09-01,United Kingdom,0.15785681213812616,12.283236994219653,Low,87.7528901734104,Protect High Value,8.4875,3,1937.45,165.00069444444443,968.725,152.91984033850628,VIP or loyalty service,12.0,12.233587227080502,0.23358722708050195,Proactive loyalty or VIP service without aggressive discounting,0,0,
14331,2011-09-01,United Kingdom,0.5605985429039024,54.84104046242775,Medium,48.51878612716763,Nurture / Monitor,24.446527777777778,2,462.66,10.91875,231.33,129.68326092995974,Low-cost digital nurture,0.5,3.890497827898792,3.390497827898792,Low-cost nurture communication and continued monitoring,1,1,823.0
14332,2011-09-01,United Kingdom,0.7351682873730575,82.91184971098265,High,7.875722543352601,Reactivate Efficiently,47.56041666666667,1,119.04,0.0,59.52,43.75721646444438,Automated targeted campaign,5.0,6.563582469666657,1.563582469666657,Automated re-engagement with targeted product recommendations,0,0,
14334,2011-09-01,United Kingdom,0.21024158140881508,16.004335260115607,Low,79.44364161849711,Nurture / Monitor,22.45138888888889,4,1340.94,152.0951388888889,670.47,140.96067308716826,Low-cost digital nurture,0.5,4.228820192615047,3.7288201926150473,Low-cost nurture communication and continued monitoring,0,1,746.0
14336,2011-09-01,United Kingdom,0.502271308062188,45.70086705202312,Low,75.36127167630057,Nurture / Monitor,98.3861111111111,3,1114.39,77.91388888888889,557.195,279.8630614957109,Low-cost digital nurture,0.5,8.395891844871327,7.895891844871327,Low-cost nurture communication and continued monitoring,0,1,295.0
14338,2011-09-01,United Kingdom,0.7531410839822482,85.76589595375722,High,55.599710982658955,Reactivate Efficiently,61.41111111111111,2,588.22,35.02638888888889,294.11,221.50632421001905,Automated targeted campaign,5.0,33.22594863150285,28.225948631502852,Automated re-engagement with targeted product recommendations,1,1,110.0
14339,2011-09-01,United Kingdom,0.7035212275617454,78.61271676300578,Medium,33.309248554913296,Nurture / Monitor,142.5375,1,309.52,0.0,154.76,108.87694517745571,Low-cost digital nurture,0.5,3.2663083553236714,2.7663083553236714,Low-cost nurture communication and continued monitoring,1,1,1010.0
14340,2011-09-01,United Kingdom,0.7852445585757736,90.28179190751445,Critical,9.86271676300578,Reactivate Efficiently,118.59444444444445,1,134.7,0.0,67.35,52.886221020078345,Automated targeted campaign,5.0,7.932933153011751,2.932933153011751,Automated re-engagement with targeted product recommendations,1,0,
14341,2011-09-01,United Kingdom,0.29372026123485895,22.507225433526013,Low,65.57080924855492,Nurture / Monitor,30.413194444444443,4,803.8900000000001,84.95138888888889,401.94500000000005,118.0593904020454,Low-cost digital nurture,0.5,3.5417817120613617,3.0417817120613617,Low-cost nurture communication and continued monitoring,0,1,909.0
14342,2011-09-01,United Kingdom,0.5612565267904689,54.98554913294797,Medium,45.84537572254335,Nurture / Monitor,37.392361111111114,2,419.74,73.03125,209.87,117.79090727751571,Low-cost digital nurture,0.5,3.5337272183254713,3.0337272183254713,Low-cost nurture communication and continued monitoring,0,1,911.0
14344,2011-09-01,United Kingdom,0.13726120454202181,10.8742774566474,Low,53.03468208092485,Nurture / Monitor,27.422916666666666,5,534.28,148.02291666666667,267.14,36.66795818135571,Low-cost digital nurture,0.5,1.1000387454406713,0.6000387454406713,Low-cost nurture communication and continued monitoring,1,0,
14346,2011-09-01,United Kingdom,0.4666336353577929,40.209537572254334,Low,63.83670520231214,Nurture / Monitor,20.59236111111111,1,759.14,0.0,379.57,177.12012897275744,Low-cost digital nurture,0.5,5.313603869182723,4.813603869182723,Low-cost nurture communication and continued monitoring,1,1,535.0
14348,2011-09-01,United Kingdom,0.799249207396948,92.16040462427746,Critical,44.653179190751445,Reactivate Efficiently,160.3173611111111,1,409.57,0.0,204.785,163.674248936784,Automated targeted campaign,5.0,24.551137340517602,19.551137340517602,Automated re-engagement with targeted product recommendations,1,1,140.0
14350,2011-09-01,United Kingdom,0.6338951681365431,67.52167630057804,Medium,28.540462427745666,Nurture / Monitor,174.40694444444443,1,282.93,0.0,141.465,89.67397996043607,Low-cost digital nurture,0.5,2.690219398813082,2.190219398813082,Low-cost nurture communication and continued monitoring,1,1,1206.0
14351,2011-09-01,United Kingdom,0.7972681103453851,91.871387283237,Critical,1.4270231213872833,Reactivate Efficiently,64.50277777777778,1,51.0,0.0,25.5,20.33033681380732,Automated targeted campaign,5.0,3.049550522071098,-1.950449477928902,Automated re-engagement with targeted product recommendations,1,0,
14352,2011-09-01,United Kingdom,0.36407878199241533,28.32369942196532,Low,74.27745664739885,Nurture / Monitor,57.34652777777778,4,1078.96,116.02986111111112,539.48,196.41322130926824,Low-cost digital nurture,0.5,5.892396639278047,5.392396639278047,Low-cost nurture communication and continued monitoring,1,1,464.0
14353,2011-09-01,United Kingdom,0.6916304793247743,76.40895953757226,Medium,3.9739884393063587,Nurture / Monitor,115.32916666666667,1,90.6,0.0,45.3,31.330860713412275,Low-cost digital nurture,0.5,0.9399258214023682,0.43992582140236824,Low-cost nurture communication and continued monitoring,1,0,
14364,2011-09-01,United Kingdom,0.12181066321986118,9.790462427745664,Low,95.41184971098265,Protect High Value,8.540972222222223,8,3717.35,102.92013888888889,1858.675,226.4064344601755,VIP or loyalty service,12.0,18.11251475681404,6.11251475681404,Proactive loyalty or VIP service without aggressive discounting,1,0,
14367,2011-09-01,United Kingdom,0.14817809664362147,11.66907514450867,Low,97.39884393063583,Protect High Value,37.606944444444444,10,5419.7,138.80138888888888,2709.85,401.54041518971763,VIP or loyalty service,12.0,32.123233215177414,20.123233215177414,Proactive loyalty or VIP service without aggressive discounting,0,0,
14375,2011-09-01,United Kingdom,0.6639177394835463,72.14595375722543,Medium,23.771676300578033,Nurture / Monitor,85.42777777777778,1,235.56,0.0,117.78,78.19623135637208,Low-cost digital nurture,0.5,2.3458869406911624,1.8458869406911624,Low-cost nurture communication and continued monitoring,1,0,
14377,2011-09-01,United Kingdom,0.6088121316065789,62.89739884393064,Medium,57.58670520231214,Nurture / Monitor,91.43611111111112,2,617.05,70.99583333333334,308.525,187.83376290391973,Low-cost digital nurture,0.5,5.6350128871175915,5.1350128871175915,Low-cost nurture communication and continued monitoring,1,1,489.0
14383,2011-09-01,United Kingdom,0.726776072896623,81.90028901734104,High,24.63872832369942,Reactivate Efficiently,63.57083333333333,1,242.09,0.0,121.045,87.97260974377174,Automated targeted campaign,5.0,13.195891461565761,8.195891461565761,Automated re-engagement with targeted product recommendations,0,0,
14387,2011-09-01,United Kingdom,0.6312490329071866,67.01589595375722,Medium,47.07369942196532,Nurture / Monitor,9.407638888888888,1,440.76,0.0,220.38,139.11466187208578,Low-cost digital nurture,0.5,4.173439856162573,3.673439856162573,Low-cost nurture communication and continued monitoring,0,1,757.0
14388,2011-09-01,United Kingdom,0.24105645264150527,18.20809248554913,Low,75.65028901734104,Nurture / Monitor,21.50138888888889,3,1120.86,81.81458333333333,560.43,135.09526775387877,Low-cost digital nurture,0.5,4.0528580326163635,3.5528580326163635,Low-cost nurture communication and continued monitoring,0,1,786.0
14389,2011-09-01,United Kingdom,0.5831039451666751,58.309248554913296,Medium,33.67052023121387,Nurture / Monitor,90.49722222222222,1,311.14,0.0,155.57,90.71348074957963,Low-cost digital nurture,0.5,2.721404422487389,2.221404422487389,Low-cost nurture communication and continued monitoring,0,1,1197.0
14390,2011-09-01,United Kingdom,0.34094072188383495,25.939306358381504,Low,79.98554913294798,Nurture / Monitor,44.43402777777778,3,1367.01,95.0125,683.505,233.0346881112106,Low-cost digital nurture,0.5,6.991040643336318,6.491040643336318,Low-cost nurture communication and continued monitoring,0,1,364.0
14393,2011-09-01,United Kingdom,0.7894532867190647,90.9320809248555,Critical,2.4205202312138727,Reactivate Efficiently,118.2388888888889,1,67.95,0.0,33.975,26.821675416280222,Automated targeted campaign,5.0,4.023251312442033,-0.9767486875579667,Automated re-engagement with targeted product recommendations,1,0,
14395,2011-09-01,United Kingdom,0.24806346246867547,18.60549132947977,Low,78.2514450867052,Nurture / Monitor,77.48541666666667,4,1262.96,93.05833333333334,631.48,156.6471152797192,Low-cost digital nurture,0.5,4.699413458391576,4.199413458391576,Low-cost nurture communication and continued monitoring,0,1,636.0
14397,2011-09-01,United Kingdom,0.07589769355648285,6.683526011560693,Low,67.44942196531792,Nurture / Monitor,9.529861111111112,9,856.0,103.95277777777778,428.0,32.48421284217466,Low-cost digital nurture,0.5,0.9745263852652397,0.4745263852652397,Low-cost nurture communication and continued monitoring,0,0,
14400,2011-09-01,United Kingdom,0.6196460514973835,64.84826589595376,Medium,55.13005780346821,Nurture / Monitor,49.34027777777778,1,574.7,0.0,287.35,178.05529289777317,Low-cost digital nurture,0.5,5.341658786933195,4.841658786933195,Low-cost nurture communication and continued monitoring,1,1,529.0
14401,2011-09-01,United Kingdom,0.09560392925071894,8.092485549132949,Low,90.39017341040463,Protect High Value,7.377083333333333,7,2214.18,75.00416666666666,1107.09,105.84215403417842,VIP or loyalty service,12.0,8.467372322734274,-3.532627677265726,Proactive loyalty or VIP service without aggressive discounting,0,0,
14403,2011-09-01,United Kingdom,0.420517488686277,33.99566473988439,Low,81.71965317919076,Protect High Value,30.460416666666667,4,1475.81,116.94027777777778,737.905,310.3019574890472,VIP or loyalty service,12.0,24.824156599123775,12.824156599123775,Proactive loyalty or VIP service without aggressive discounting,1,0,
14404,2011-09-01,United Kingdom,0.252389378646328,18.89450867052023,Low,70.37572254335261,Nurture / Monitor,8.530555555555555,3,931.44,151.04930555555555,465.72,117.54278142316788,Low-cost digital nurture,0.5,3.5262834426950365,3.0262834426950365,Low-cost nurture communication and continued monitoring,0,1,915.0
14406,2011-09-01,United Kingdom,0.6945087248521434,76.73410404624278,Medium,13.51156069364162,Nurture / Monitor,19.295833333333334,1,156.75,0.0,78.375,54.43212131028674,Low-cost digital nurture,0.5,1.632963639308602,1.132963639308602,Low-cost nurture communication and continued monitoring,1,0,
14407,2011-09-01,United Kingdom,0.11732135759385447,9.53757225433526,Low,89.70375722543352,Protect High Value,7.415277777777778,5,2142.73,169.08541666666667,1071.365,125.69399627853988,VIP or loyalty service,12.0,10.05551970228319,-1.9444802977168099,Proactive loyalty or VIP service without aggressive discounting,1,0,
14408,2011-09-01,United Kingdom,0.20223286473130073,15.354046242774565,Low,88.07803468208093,Protect High Value,30.525694444444444,5,1989.0100000000002,133.8625,994.5050000000001,201.12159513960225,VIP or loyalty service,12.0,16.08972761116818,4.089727611168179,Proactive loyalty or VIP service without aggressive discounting,0,0,
14409,2011-09-01,United Kingdom,0.42896861480347187,35.29624277456647,Low,78.46820809248555,Nurture / Monitor,22.54722222222222,2,1277.63,27.009027777777778,638.815,274.0315856656799,Low-cost digital nurture,0.5,8.220947569970397,7.720947569970397,Low-cost nurture communication and continued monitoring,0,1,307.0
14410,2011-09-01,United Kingdom,0.17844718126777365,13.47543352601156,Low,66.61849710982659,Nurture / Monitor,41.36388888888889,6,836.53,115.12708333333333,418.265,74.63821027296534,Low-cost digital nurture,0.5,2.23914630818896,1.73914630818896,Low-cost nurture communication and continued monitoring,0,0,
14414,2011-09-01,United Kingdom,0.34853645556806717,26.66184971098266,Low,70.08670520231213,Nurture / Monitor,9.461805555555555,4,919.88,26.96527777777778,459.94,160.3058573739768,Low-cost digital nurture,0.5,4.809175721219304,4.309175721219304,Low-cost nurture communication and continued monitoring,0,1,620.0
14415,2011-09-01,United Kingdom,0.1211675913452747,9.754335260115607,Low,85.4407514450867,Protect High Value,23.475,5,1724.32,110.87291666666667,862.16,104.46585055424204,VIP or loyalty service,12.0,8.357268044339364,-3.6427319556606363,Proactive loyalty or VIP service without aggressive discounting,0,0,
14418,2011-09-01,United Kingdom,0.6758716954766353,73.98843930635837,Medium,12.572254335260116,Nurture / Monitor,8.279166666666667,1,150.44,0.0,75.22,50.83906893375251,Low-cost digital nurture,0.5,1.525172068012575,1.025172068012575,Low-cost nurture communication and continued monitoring,0,0,
14419,2011-09-01,United Kingdom,0.6565752337522476,70.73699421965318,Medium,17.341040462427745,Nurture / Monitor,152.5090277777778,1,183.04,0.0,91.52,60.0897653930057,Low-cost digital nurture,0.5,1.8026929617901708,1.3026929617901708,Low-cost nurture communication and continued monitoring,0,0,
14421,2011-09-01,United Kingdom,0.6596015326715645,71.24277456647398,Medium,48.085260115606935,Nurture / Monitor,111.54930555555555,1,455.18,0.0,227.59,150.11871282072138,Low-cost digital nurture,0.5,4.503561384621642,4.003561384621642,Low-cost nurture communication and continued monitoring,0,1,670.0
14422,2011-09-01,United Kingdom,0.368684311411932,28.9378612716763,Low,73.22976878612717,Nurture / Monitor,70.37013888888889,2,1032.15,96.90347222222222,516.075,190.2687560119128,Low-cost digital nurture,0.5,5.708062680357385,5.208062680357385,Low-cost nurture communication and continued monitoring,0,1,480.0
14423,2011-09-01,United Kingdom,0.7391769570542914,83.52601156069365,High,26.986994219653177,Reactivate Efficiently,118.36666666666666,1,265.2,0.0,132.6,98.01486450539903,Automated targeted campaign,5.0,14.702229675809853,9.702229675809853,Automated re-engagement with targeted product recommendations,1,0,
14426,2011-09-01,United Kingdom,0.16989507616331118,12.897398843930635,Low,90.0650289017341,Protect High Value,40.50277777777778,4,2184.41,135.86041666666668,1092.205,185.56025166094926,VIP or loyalty service,12.0,14.844820132875942,2.8448201328759417,Proactive loyalty or VIP service without aggressive discounting,0,0,
14428,2011-09-01,United Kingdom,0.6788956147310208,74.63872832369943,Medium,8.923410404624278,Nurture / Monitor,139.5951388888889,1,127.07000000000001,0.0,63.535000000000004,43.133632881935405,Low-cost digital nurture,0.5,1.2940089864580622,0.7940089864580622,Low-cost nurture communication and continued monitoring,0,0,
14441,2011-09-01,United Kingdom,0.585013765278236,58.67052023121387,Medium,39.667630057803464,Nurture / Monitor,155.49930555555557,1,356.84000000000003,0.0,178.42000000000002,104.37815600094288,Low-cost digital nurture,0.5,3.1313446800282865,2.6313446800282865,Low-cost nurture communication and continued monitoring,0,1,1058.0
14442,2011-09-01,Channel Islands,0.4703336683827156,40.82369942196532,Low,69.85187861271676,Nurture / Monitor,104.51666666666667,1,914.24,0.0,457.12,214.99892649110697,Low-cost digital nurture,0.5,6.449967794733209,5.949967794733209,Low-cost nurture communication and continued monitoring,1,1,408.0
14443,2011-09-01,United Kingdom,0.49884506119884814,45.267341040462426,Low,42.26878612716763,Nurture / Monitor,38.513888888888886,1,383.12,0.0,191.56,95.55875992325134,Low-cost digital nurture,0.5,2.86676279769754,2.36676279769754,Low-cost nurture communication and continued monitoring,0,1,1157.0
14446,2011-09-01,United Kingdom,0.6282888415005978,66.40173410404624,Medium,31.575144508670522,Nurture / Monitor,146.49305555555554,1,303.04,0.0,151.52,95.19832526417059,Low-cost digital nurture,0.5,2.8559497579251176,2.3559497579251176,Low-cost nurture communication and continued monitoring,0,1,1160.0
14447,2011-09-01,United Kingdom,0.493938390723758,44.29190751445087,Low,37.64450867052023,Nurture / Monitor,96.39652777777778,1,336.03000000000003,0.0,168.01500000000001,82.98905871745221,Low-cost digital nurture,0.5,2.4896717615235664,1.9896717615235664,Low-cost nurture communication and continued monitoring,0,0,
14449,2011-09-01,United Kingdom,0.5506071915188974,52.70953757225434,Medium,18.20809248554913,Nurture / Monitor,146.48888888888888,1,189.67,0.0,94.835,52.216833007694625,Low-cost digital nurture,0.5,1.5665049902308388,1.0665049902308388,Low-cost nurture communication and continued monitoring,0,0,
14450,2011-09-01,United Kingdom,0.52457618289642,48.98843930635838,Low,35.29624277456647,Nurture / Monitor,80.5513888888889,2,322.22,62.90763888888889,161.11,84.51446882644224,Low-cost digital nurture,0.5,2.535434064793267,2.035434064793267,Low-cost nurture communication and continued monitoring,1,0,
14451,2011-09-01,United Kingdom,0.4737372856829899,41.47398843930636,Low,40.354046242774565,Nurture / Monitor,94.47569444444444,1,360.0,0.0,180.0,85.27271142293819,Low-cost digital nurture,0.5,2.5581813426881457,2.0581813426881457,Low-cost nurture communication and continued monitoring,0,0,
14453,2011-09-01,United Kingdom,0.7401598801849861,83.70664739884393,High,8.020231213872831,Reactivate Efficiently,90.40625,1,119.93,0.0,59.965,44.383687215292696,Automated targeted campaign,5.0,6.657553082293904,1.6575530822939042,Automated re-engagement with targeted product recommendations,1,0,
14456,2011-09-01,United Kingdom,0.4297104502825346,35.40462427745665,Low,58.48988439306358,Nurture / Monitor,31.375,3,633.69,11.079166666666667,316.845,136.1516076197697,Low-cost digital nurture,0.5,4.084548228593091,3.584548228593091,Low-cost nurture communication and continued monitoring,0,1,779.0
14459,2011-09-01,United Kingdom,0.8519560903200809,96.67630057803468,Critical,86.74132947976878,Rescue Now,55.43402777777778,1,1837.92,0.0,918.96,782.9135687605416,Personal outreach,50.0,195.7283921901354,145.7283921901354,"Priority personal outreach, tailored incentive, and rapid follow-up",1,1,5.0
14460,2011-09-01,United Kingdom,0.46587920702635266,40.13728323699422,Low,44.03901734104046,Nurture / Monitor,10.403472222222222,2,404.34,61.06875,202.17,94.18679928451772,Low-cost digital nurture,0.5,2.8256039785355314,2.3256039785355314,Low-cost nurture communication and continued monitoring,1,1,1172.0
14461,2011-09-01,United Kingdom,0.2515337932913653,18.822254335260116,Low,89.19797687861272,Protect High Value,48.28402777777778,3,2102.67,113.20555555555555,1051.335,264.4462805699776,VIP or loyalty service,12.0,21.15570244559821,9.155702445598209,Proactive loyalty or VIP service without aggressive discounting,1,0,
14462,2011-09-01,United Kingdom,0.1467112134083597,11.524566473988438,Low,73.91618497109826,Nurture / Monitor,20.585416666666667,6,1061.63,146.75694444444446,530.815,77.87651274535845,Low-cost digital nurture,0.5,2.3362953823607535,1.8362953823607535,Low-cost nurture communication and continued monitoring,0,0,
14463,2011-09-01,United Kingdom,0.7856492291119581,90.3179190751445,Critical,33.20086705202312,Reactivate Efficiently,70.56180555555555,2,309.42,34.825694444444444,154.71,121.54779223591105,Automated targeted campaign,5.0,18.232168835386656,13.232168835386656,Automated re-engagement with targeted product recommendations,0,1,218.0
14465,2011-09-01,United Kingdom,0.49829214007676376,45.15895953757225,Low,47.10982658959538,Nurture / Monitor,146.4736111111111,2,441.14,0.00625,220.57,109.90829733673178,Low-cost digital nurture,0.5,3.297248920101953,2.797248920101953,Low-cost nurture communication and continued monitoring,1,1,998.0
14466,2011-09-01,United Kingdom,0.37544997634595023,29.732658959537574,Low,53.648843930635834,Nurture / Monitor,15.639583333333333,2,544.8,71.70277777777778,272.4,102.27257355663683,Low-cost digital nurture,0.5,3.068177206699105,2.568177206699105,Low-cost nurture communication and continued monitoring,0,1,1078.0
14472,2011-09-01,United Kingdom,0.1947552930245872,14.703757225433526,Low,69.61705202312139,Nurture / Monitor,3.5409722222222224,5,908.48,153.95486111111111,454.24,88.46564430348849,Low-cost digital nurture,0.5,2.6539693291046547,2.1539693291046547,Low-cost nurture communication and continued monitoring,1,1,1220.0
14475,2011-09-01,United Kingdom,0.4865226216006396,43.316473988439306,Low,34.57369942196532,Nurture / Monitor,86.45416666666667,1,315.62,0.0,157.81,76.77813491479694,Low-cost digital nurture,0.5,2.303344047443908,1.803344047443908,Low-cost nurture communication and continued monitoring,0,0,
14476,2011-09-01,United Kingdom,0.7982447511983999,92.01589595375722,Critical,18.533236994219653,Reactivate Efficiently,157.34791666666666,1,193.0,0.0,96.5,77.0306184906456,Automated targeted campaign,5.0,11.55459277359684,6.5545927735968395,Automated re-engagement with targeted product recommendations,1,0,
14477,2011-09-01,United Kingdom,0.5931368550864748,60.04335260115607,Medium,39.884393063583815,Nurture / Monitor,84.43541666666667,1,358.0,0.0,179.0,106.171497060479,Low-cost digital nurture,0.5,3.18514491181437,2.68514491181437,Low-cost nurture communication and continued monitoring,0,1,1041.0
14479,2011-09-01,United Kingdom,0.7334078897546862,82.76734104046243,High,11.127167630057803,Reactivate Efficiently,153.6201388888889,1,141.85,0.0,70.925,52.01695458085111,Automated targeted campaign,5.0,7.802543187127666,2.8025431871276663,Automated re-engagement with targeted product recommendations,1,0,
14481,2011-09-01,United Kingdom,0.5279276964293589,49.60260115606936,Low,37.21098265895954,Nurture / Monitor,64.55694444444444,1,333.65,0.0,166.825,88.0715379568278,Low-cost digital nurture,0.5,2.6421461387048337,2.1421461387048337,Low-cost nurture communication and continued monitoring,1,1,1229.0
14482,2011-09-01,United Kingdom,0.5927647358919853,59.9349710982659,Medium,24.096820809248555,Nurture / Monitor,139.3048611111111,1,238.1,0.0,119.05,70.56864180794085,Low-cost digital nurture,0.5,2.1170592542382254,1.6170592542382254,Low-cost nurture communication and continued monitoring,0,0,
14489,2011-09-01,United Kingdom,0.6039282581225118,61.63294797687862,Medium,48.554913294797686,Nurture / Monitor,107.38125,1,463.38,0.0,231.69,139.92413812440478,Low-cost digital nurture,0.5,4.1977241437321435,3.6977241437321435,Low-cost nurture communication and continued monitoring,1,1,751.0
14491,2011-09-01,United Kingdom,0.7285086660083375,82.22543352601156,High,21.278901734104046,Reactivate Efficiently,75.35972222222222,1,213.73,0.0,106.865,77.85207859298099,Automated targeted campaign,5.0,11.677811788947148,6.677811788947148,Automated re-engagement with targeted product recommendations,1,0,
14493,2011-09-01,United Kingdom,0.48980088910975517,43.713872832369944,Low,57.11705202312138,Nurture / Monitor,55.29236111111111,1,611.22,0.0,305.61,149.68804972083228,Low-cost digital nurture,0.5,4.490641491624968,3.9906414916249684,Low-cost nurture communication and continued monitoring,0,1,673.0
14495,2011-09-01,United Kingdom,0.9404943897920137,99.85549132947978,Critical,1.1560693641618496,Reactivate Efficiently,21.40763888888889,1,40.599999999999994,0.0,20.299999999999997,19.092036112777876,Automated targeted campaign,5.0,2.8638054169166813,-2.1361945830833187,Automated re-engagement with targeted product recommendations,0,0,
14498,2011-09-01,United Kingdom,0.27485082292956087,20.73699421965318,Low,75.43352601156069,Nurture / Monitor,16.40972222222222,3,1115.57,69.98333333333333,557.785,153.3076662677651,Low-cost digital nurture,0.5,4.599229988032953,4.099229988032953,Low-cost nurture communication and continued monitoring,0,1,657.0
14499,2011-09-01,United Kingdom,0.4129220645641086,33.05635838150289,Low,40.93208092485549,Nurture / Monitor,33.50763888888889,2,367.81,144.99583333333334,183.905,75.9384322836624,Low-cost digital nurture,0.5,2.278152968509872,1.7781529685098718,Low-cost nurture communication and continued monitoring,0,0,
14500,2011-09-01,United Kingdom,0.6215859949380438,65.10115606936417,Medium,37.57225433526011,Nurture / Monitor,12.290277777777778,2,335.85,77.2875,167.925,104.37982819997102,Low-cost digital nurture,0.5,3.1313948459991305,2.6313948459991305,Low-cost nurture communication and continued monitoring,0,1,1057.0
14501,2011-09-01,United Kingdom,0.6831665676402722,75.1806358381503,Medium,17.485549132947977,Nurture / Monitor,83.49861111111112,1,184.28,0.0,92.14,62.94696754237468,Low-cost digital nurture,0.5,1.8884090262712403,1.3884090262712403,Low-cost nurture communication and continued monitoring,1,0,
14502,2011-09-01,United Kingdom,0.36562795781069046,28.50433526011561,Low,62.03034682080924,Nurture / Monitor,49.44861111111111,5,717.8199999999999,122.02430555555556,358.90999999999997,131.2275303378349,Low-cost digital nurture,0.5,3.936825910135047,3.436825910135047,Low-cost nurture communication and continued monitoring,0,1,810.0
14503,2011-09-01,United Kingdom,0.6958525162531471,76.98699421965318,Medium,56.25,Nurture / Monitor,78.58333333333333,1,597.07,0.0,298.535,207.7363309396333,Low-cost digital nurture,0.5,6.232089928188999,5.732089928188999,Low-cost nurture communication and continued monitoring,0,1,435.0
14504,2011-09-01,United Kingdom,0.47852477510362,42.26878612716763,Low,53.54046242774566,Nurture / Monitor,143.33263888888888,3,542.71,35.05763888888889,271.355,129.85009034824282,Low-cost digital nurture,0.5,3.895502710447284,3.395502710447284,Low-cost nurture communication and continued monitoring,0,1,822.0
14505,2011-09-01,United Kingdom,0.147198887795492,11.596820809248555,Low,93.31647398843931,Protect High Value,9.390277777777778,4,2867.08,158.95347222222222,1433.54,211.0154936103496,VIP or loyalty service,12.0,16.88123948882797,4.881239488827969,Proactive loyalty or VIP service without aggressive discounting,0,0,
14506,2011-09-01,United Kingdom,0.5295790992825197,49.7471098265896,Low,26.914739884393065,Nurture / Monitor,62.18958333333333,1,264.8,0.0,132.4,70.1162727450056,Low-cost digital nurture,0.5,2.103488182350168,1.6034881823501679,Low-cost nurture communication and continued monitoring,0,0,
14507,2011-09-01,United Kingdom,0.2944568420858082,22.54335260115607,Low,70.19508670520231,Nurture / Monitor,1.363888888888889,4,924.69,174.91180555555556,462.345,136.140648654163,Low-cost digital nurture,0.5,4.084219459624889,3.5842194596248893,Low-cost nurture communication and continued monitoring,0,1,780.0
14511,2011-09-01,United Kingdom,0.7354882514488809,82.98410404624278,High,10.476878612716762,Reactivate Efficiently,33.490972222222226,1,138.16,0.0,69.08,50.807528410088686,Automated targeted campaign,5.0,7.621129261513302,2.6211292615133024,Automated re-engagement with targeted product recommendations,0,0,
14512,2011-09-01,United Kingdom,0.5362314067708407,50.903179190751445,Medium,28.034682080924856,Nurture / Monitor,87.47291666666666,2,275.28,44.731944444444444,137.64,73.8068908279385,Low-cost digital nurture,0.5,2.214206724838155,1.7142067248381552,Low-cost nurture communication and continued monitoring,1,0,
14513,2011-09-01,United Kingdom,0.5185414855238122,48.19364161849711,Low,46.82080924855491,Nurture / Monitor,0.5243055555555556,2,436.84000000000003,105.96111111111111,218.42000000000002,113.25983126811107,Low-cost digital nurture,0.5,3.397794938043332,2.897794938043332,Low-cost nurture communication and continued monitoring,1,1,954.0
14514,2011-09-01,United Kingdom,0.44185171449631266,36.8135838150289,Low,12.102601156069365,Nurture / Monitor,101.36736111111111,1,147.86,0.0,73.93,32.6660972527124,Low-cost digital nurture,0.5,0.9799829175813719,0.4799829175813719,Low-cost nurture communication and continued monitoring,0,0,
14515,2011-09-01,United Kingdom,0.5913502857634694,59.71820809248555,Medium,64.378612716763,Nurture / Monitor,91.4625,2,765.65,27.028472222222224,382.825,226.38367314740015,Low-cost digital nurture,0.5,6.791510194422004,6.291510194422004,Low-cost nurture communication and continued monitoring,0,1,376.0
14517,2011-09-01,United Kingdom,0.7203007905702706,80.85260115606935,High,25.79479768786127,Reactivate Efficiently,41.5125,1,252.45,0.0,126.225,90.91996728973241,Automated targeted campaign,5.0,13.637995093459862,8.637995093459862,Automated re-engagement with targeted product recommendations,0,0,
14522,2011-09-01,United Kingdom,0.782398258700594,89.77601156069365,High,28.2514450867052,Reactivate Efficiently,98.3326388888889,1,278.63,0.0,139.315,108.99981341087324,Automated targeted campaign,5.0,16.349972011630985,11.349972011630985,Automated re-engagement with targeted product recommendations,0,0,
14523,2011-09-01,United Kingdom,0.6775675303090041,74.3135838150289,Medium,24.49421965317919,Nurture / Monitor,8.449305555555556,1,241.09,0.0,120.545,81.6773779410989,Low-cost digital nurture,0.5,2.4503213382329667,1.9503213382329667,Low-cost nurture communication and continued monitoring,1,0,
14524,2011-09-01,United Kingdom,0.5139001497258997,47.18208092485549,Low,54.29913294797688,Nurture / Monitor,78.46805555555555,3,558.8199999999999,58.00625,279.40999999999997,143.5888408349136,Low-cost digital nurture,0.5,4.307665225047408,3.8076652250474083,Low-cost nurture communication and continued monitoring,0,1,719.0
14525,2011-09-01,United Kingdom,0.08452096815481368,7.225433526011561,Low,89.12572254335261,Protect High Value,0.3972222222222222,5,2093.34,152.81875,1046.67,88.46556173859884,VIP or loyalty service,12.0,7.077244939087907,-4.922755060912093,Proactive loyalty or VIP service without aggressive discounting,0,0,
14527,2011-09-01,United Kingdom,0.00021308603243015386,0.5057803468208093,Low,93.5693641618497,Protect High Value,7.492361111111111,25,3003.26,167.99444444444444,1501.63,0.31997637887809194,VIP or loyalty service,12.0,0.025598110310247356,-11.974401889689753,Proactive loyalty or VIP service without aggressive discounting,0,0,
14529,2011-09-01,United Kingdom,0.6268620749154893,66.11271676300578,Medium,10.007225433526012,Nurture / Monitor,10.409722222222221,1,135.24,0.0,67.62,42.38841350578539,Low-cost digital nurture,0.5,1.2716524051735616,0.7716524051735616,Low-cost nurture communication and continued monitoring,0,0,
14530,2011-09-01,United Kingdom,0.22393967491959754,16.979768786127167,Low,78.6849710982659,Nurture / Monitor,28.491666666666667,3,1294.6100000000001,134.04652777777778,647.3050000000001,144.9572712738301,Low-cost digital nurture,0.5,4.3487181382149025,3.8487181382149025,Low-cost nurture communication and continued monitoring,0,1,705.0
14532,2011-09-01,United Kingdom,0.4774811595926375,41.97976878612717,Low,11.01878612716763,Nurture / Monitor,136.45486111111111,1,140.55,0.0,70.275,33.5549884903726,Low-cost digital nurture,0.5,1.006649654711178,0.5066496547111781,Low-cost nurture communication and continued monitoring,1,0,
14533,2011-09-01,United Kingdom,0.48398290049980736,43.02745664739884,Low,31.25,Nurture / Monitor,12.495833333333334,1,301.48,0.0,150.74,72.95558242134096,Low-cost digital nurture,0.5,2.188667472640229,1.6886674726402289,Low-cost nurture communication and continued monitoring,0,0,
14534,2011-09-01,United Kingdom,0.04908312926892952,4.371387283236994,Low,89.59537572254335,Protect High Value,19.52638888888889,10,2127.37,156.01180555555555,1063.685,52.208988356421294,VIP or loyalty service,12.0,4.1767190685137034,-7.8232809314862966,Proactive loyalty or VIP service without aggressive discounting,0,0,
14535,2011-09-01,United Kingdom,0.3612806680703708,28.070809248554912,Low,84.64595375722543,Protect High Value,27.372222222222224,2,1652.81,121.09305555555555,826.405,298.56415049669477,VIP or loyalty service,12.0,23.88513203973558,11.88513203973558,Proactive loyalty or VIP service without aggressive discounting,0,0,
14536,2011-09-01,United Kingdom,0.8080805198335498,93.28034682080924,Critical,15.606936416184972,Reactivate Efficiently,159.48541666666668,1,170.95,0.0,85.475,69.07068243277266,Automated targeted campaign,5.0,10.360602364915898,5.3606023649158985,Automated re-engagement with targeted product recommendations,1,0,
14538,2011-09-01,United Kingdom,0.7569617952621399,86.38005780346822,High,5.41907514450867,Reactivate Efficiently,156.37708333333333,1,106.5,0.0,53.25,40.30821559770895,Automated targeted campaign,5.0,6.046232339656343,1.0462323396563429,Automated re-engagement with targeted product recommendations,0,0,
14541,2011-09-01,United Kingdom,0.3554259944374086,27.528901734104043,Low,49.38583815028902,Nurture / Monitor,68.56180555555555,3,475.0,73.9263888888889,237.5,84.41367367888454,Low-cost digital nurture,0.5,2.532410210366536,2.032410210366536,Low-cost nurture communication and continued monitoring,0,0,
14542,2011-09-01,United Kingdom,0.7727109862425369,88.47543352601156,High,5.238439306358381,Reactivate Efficiently,85.65347222222222,1,103.25,0.0,51.625,39.89120466477097,Automated targeted campaign,5.0,5.983680699715645,0.9836806997156451,Automated re-engagement with targeted product recommendations,1,0,
14543,2011-09-01,United Kingdom,0.02337560213409798,2.63728323699422,Low,90.53468208092485,Protect High Value,8.481944444444444,10,2253.6000000000004,159.98819444444445,1126.8000000000002,26.33962848470161,VIP or loyalty service,12.0,2.107170278776129,-9.89282972122387,Proactive loyalty or VIP service without aggressive discounting,0,0,
14546,2011-09-01,United Kingdom,0.3706199756823609,29.190751445086704,Low,68.28034682080924,Nurture / Monitor,101.51319444444445,2,874.88,46.96111111111111,437.44,162.12400216249193,Low-cost digital nurture,0.5,4.863720064874758,4.363720064874758,Low-cost nurture communication and continued monitoring,0,1,607.0
14548,2011-09-01,United Kingdom,0.5518687018786376,52.96242774566474,Medium,35.91040462427746,Nurture / Monitor,50.486805555555556,1,326.4,0.0,163.2,90.06497214659365,Low-cost digital nurture,0.5,2.701949164397809,2.201949164397809,Low-cost nurture communication and continued monitoring,1,1,1204.0
14551,2011-09-01,United Kingdom,0.6262042078751134,66.04046242774567,Medium,8.634393063583815,Nurture / Monitor,104.23541666666667,1,125.43,0.0,62.715,39.27239689688774,Low-cost digital nurture,0.5,1.178171906906632,0.6781719069066321,Low-cost nurture communication and continued monitoring,0,0,
14552,2011-09-01,United Kingdom,0.5796432051556101,57.767341040462426,Medium,14.95664739884393,Nurture / Monitor,51.46597222222222,1,164.22,0.0,82.11,47.594503575327145,Low-cost digital nurture,0.5,1.4278351072598143,0.9278351072598143,Low-cost nurture communication and continued monitoring,1,0,
14553,2011-09-01,United Kingdom,0.5167889061679487,47.79624277456647,Low,5.924855491329479,Nurture / Monitor,118.53611111111111,1,110.38,0.0,55.19,28.521579731409087,Low-cost digital nurture,0.5,0.8556473919422726,0.3556473919422726,Low-cost nurture communication and continued monitoring,0,0,
14560,2011-09-01,United Kingdom,0.054752704571248756,4.877167630057803,Low,61.74132947976878,Nurture / Monitor,9.468055555555555,8,709.53,166.9923611111111,354.765,19.424343237219063,Low-cost digital nurture,0.5,0.5827302971165719,0.08273029711657187,Low-cost nurture communication and continued monitoring,0,0,
14561,2011-09-01,United Kingdom,0.557181017137684,53.82947976878613,Medium,54.76878612716764,Nurture / Monitor,62.428472222222226,2,566.99,22.011805555555554,283.495,157.95803245344771,Low-cost digital nurture,0.5,4.738740973603432,4.238740973603432,Low-cost nurture communication and continued monitoring,0,1,627.0
14562,2011-09-01,United Kingdom,0.16958751410446163,12.861271676300579,Low,82.51445086705202,Protect High Value,27.165972222222223,4,1520.15,105.00416666666666,760.075,128.89922978294868,VIP or loyalty service,12.0,10.311938382635894,-1.6880616173641059,Proactive loyalty or VIP service without aggressive discounting,0,0,
14565,2011-09-01,United Kingdom,0.441067245449827,36.669075144508675,Low,78.61271676300578,Nurture / Monitor,13.339583333333334,2,1292.9099999999999,92.1125,646.4549999999999,285.1301261572679,Low-cost digital nurture,0.5,8.553903784718036,8.053903784718036,Low-cost nurture communication and continued monitoring,0,1,291.0
14566,2011-09-01,Channel Islands,0.6235685349810647,65.4985549132948,Medium,81.10549132947978,Protect High Value,10.538194444444445,1,1432.0,0.0,716.0,446.47507104644234,VIP or loyalty service,12.0,35.71800568371539,23.71800568371539,Proactive loyalty or VIP service without aggressive discounting,1,0,
14567,2011-09-01,United Kingdom,0.6888435925675515,76.01156069364163,Medium,65.42630057803468,Nurture / Monitor,30.425,1,800.76,0.0,400.38,275.79919759219626,Low-cost digital nurture,0.5,8.273975927765887,7.773975927765887,Low-cost nurture communication and continued monitoring,0,1,305.0
14572,2011-09-01,United Kingdom,0.19543806460219398,14.848265895953757,Low,85.58526011560693,Protect High Value,10.426388888888889,4,1732.21,157.88055555555556,866.105,169.26988494228323,VIP or loyalty service,12.0,13.541590795382659,1.5415907953826586,Proactive loyalty or VIP service without aggressive discounting,0,0,
14573,2011-09-01,United Kingdom,0.30848227560150715,23.55491329479769,Low,70.66473988439307,Nurture / Monitor,79.53125,6,934.7199999999999,77.81180555555555,467.35999999999996,144.17227632512038,Low-cost digital nurture,0.5,4.325168289753611,3.825168289753611,Low-cost nurture communication and continued monitoring,1,1,713.0
14577,2011-09-01,United Kingdom,0.5549283362809484,53.4320809248555,Medium,30.70809248554913,Nurture / Monitor,63.50972222222222,2,299.74,69.01041666666667,149.87,83.16710975842574,Low-cost digital nurture,0.5,2.495013292752772,1.995013292752772,Low-cost nurture communication and continued monitoring,0,0,
14583,2011-09-01,United Kingdom,0.3356834521376233,25.46965317919075,Low,63.07803468208093,Nurture / Monitor,44.46319444444445,4,741.72,61.05902777777778,370.86,124.49156505975898,Low-cost digital nurture,0.5,3.7347469517927694,3.2347469517927694,Low-cost nurture communication and continued monitoring,1,1,859.0
14584,2011-09-01,United Kingdom,0.5136321724305726,47.145953757225435,Low,73.30202312138728,Nurture / Monitor,69.22708333333334,4,1033.06,29.043055555555554,516.53,265.30642602556367,Low-cost digital nurture,0.5,7.95919278076691,7.45919278076691,Low-cost nurture communication and continued monitoring,1,1,317.0
14586,2011-09-01,United Kingdom,0.7763640375093109,88.83670520231213,High,23.98843930635838,Reactivate Efficiently,176.58055555555555,1,237.36,0.0,118.68,92.13888397160503,Automated targeted campaign,5.0,13.820832595740754,8.820832595740754,Automated re-engagement with targeted product recommendations,1,0,
14587,2011-09-01,United Kingdom,0.3052297467677852,23.3742774566474,Low,70.88150289017341,Nurture / Monitor,84.41041666666666,5,941.56,88.99583333333334,470.78,143.6960601833379,Low-cost digital nurture,0.5,4.310881805500137,3.810881805500137,Low-cost nurture communication and continued monitoring,0,1,718.0
14591,2011-09-01,United Kingdom,0.7605957039611327,86.8135838150289,High,19.797687861271676,Reactivate Efficiently,113.41041666666666,1,204.02,0.0,102.01,77.58836776107516,Automated targeted campaign,5.0,11.638255164161274,6.638255164161274,Automated re-engagement with targeted product recommendations,0,0,
14593,2011-09-01,United Kingdom,0.5676083409237397,55.67196531791907,Medium,38.04190751445087,Nurture / Monitor,98.52708333333334,2,339.59,0.004861111111111111,169.795,96.37705824714638,Low-cost digital nurture,0.5,2.8913117474143912,2.3913117474143912,Low-cost nurture communication and continued monitoring,0,1,1138.0
14597,2011-09-01,United Kingdom,0.666319684301542,72.39884393063583,Medium,15.065028901734104,Nurture / Monitor,91.47708333333334,1,165.1,0.0,82.55,55.00468993909229,Low-cost digital nurture,0.5,1.6501406981727686,1.1501406981727686,Low-cost nurture communication and continued monitoring,0,0,
14603,2011-09-01,United Kingdom,0.8440589878208872,96.17052023121387,Critical,59.79046242774566,Reactivate Efficiently,174.56458333333333,1,660.0,0.0,330.0,278.53946598089277,Automated targeted campaign,5.0,41.78091989713391,36.78091989713391,Automated re-engagement with targeted product recommendations,1,1,79.0
14606,2011-09-01,United Kingdom,8.444223947888973e-06,0.36127167630057805,Low,97.1820809248555,Protect High Value,3.3631944444444444,40,5131.7,174.07222222222222,2565.85,0.02166661201669092,VIP or loyalty service,12.0,0.0017333289613352737,-11.998266671038664,Proactive loyalty or VIP service without aggressive discounting,0,0,
14607,2011-09-01,United Kingdom,0.5795514341506329,57.695086705202314,Medium,50.686416184971094,Nurture / Monitor,161.35972222222222,1,495.0,0.0,247.5,143.43897995228164,Low-cost digital nurture,0.5,4.303169398568449,3.803169398568449,Low-cost nurture communication and continued monitoring,0,1,720.0
14609,2011-09-01,United Kingdom,0.4694480582383919,40.64306358381503,Low,38.330924855491325,Nurture / Monitor,43.28888888888889,2,342.36,34.31319444444444,171.18,80.36011860924793,Low-cost digital nurture,0.5,2.410803558277438,1.910803558277438,Low-cost nurture communication and continued monitoring,0,0,
14616,2011-09-01,United Kingdom,0.7325451828420267,82.6228323699422,High,13.800578034682081,Reactivate Efficiently,142.5875,1,158.4,0.0,79.2,58.01757848108852,Automated targeted campaign,5.0,8.702636772163277,3.7026367721632774,Automated re-engagement with targeted product recommendations,1,0,
14619,2011-09-01,United Kingdom,0.8133019170727547,94.0028901734104,Critical,43.4971098265896,Reactivate Efficiently,145.6826388888889,1,394.44,0.0,197.22,160.3994040850887,Automated targeted campaign,5.0,24.059910612763304,19.059910612763304,Automated re-engagement with targeted product recommendations,1,1,143.0
14620,2011-09-01,United Kingdom,0.5963644785406914,60.62138728323699,Medium,16.510115606936417,Nurture / Monitor,105.50138888888888,1,177.43,0.0,88.715,52.90647471373744,Low-cost digital nurture,0.5,1.5871942414121232,1.0871942414121232,Low-cost nurture communication and continued monitoring,1,0,
14621,2011-09-01,United Kingdom,0.4719383987980377,41.18497109826589,Low,61.23554913294797,Nurture / Monitor,56.47847222222222,2,697.21,30.976388888888888,348.605,164.52008551298994,Low-cost digital nurture,0.5,4.935602565389698,4.435602565389698,Low-cost nurture communication and continued monitoring,0,1,597.0
14622,2011-09-01,United Kingdom,0.7302859530714959,82.40606936416185,High,35.07947976878613,Reactivate Efficiently,84.47083333333333,1,320.58000000000004,0.0,160.29000000000002,117.0575354178301,Automated targeted campaign,5.0,17.558630312674513,12.558630312674513,Automated re-engagement with targeted product recommendations,1,1,239.0
14623,2011-09-01,United Kingdom,0.3152875671479457,23.98843930635838,Low,56.46676300578035,Nurture / Monitor,16.422916666666666,3,601.48,118.99791666666667,300.74,94.81958294407319,Low-cost digital nurture,0.5,2.8445874883221958,2.3445874883221958,Low-cost nurture communication and continued monitoring,0,1,1166.0
14625,2011-09-01,United Kingdom,0.4633693249741825,39.884393063583815,Low,34.21242774566474,Nurture / Monitor,96.35277777777777,1,314.1,0.0,157.05,72.77215248719537,Low-cost digital nurture,0.5,2.183164574615861,1.6831645746158612,Low-cost nurture communication and continued monitoring,1,0,
14626,2011-09-01,United Kingdom,0.37902092526097636,30.166184971098264,Low,83.41763005780348,Protect High Value,22.569444444444443,2,1571.29,110.87638888888888,785.645,297.77589482665974,VIP or loyalty service,12.0,23.82207158613278,11.822071586132779,Proactive loyalty or VIP service without aggressive discounting,0,0,
14628,2011-09-01,United Kingdom,0.6989666215710978,77.78179190751445,Medium,36.921965317919074,Nurture / Monitor,142.38680555555555,1,331.58000000000004,0.0,165.79000000000002,115.88167619027232,Low-cost digital nurture,0.5,3.4764502857081694,2.9764502857081694,Low-cost nurture communication and continued monitoring,0,1,928.0
14631,2011-09-01,United Kingdom,0.5963930703437474,60.657514450867055,Medium,35.043352601156066,Nurture / Monitor,135.29930555555555,1,320.58,0.0,160.29,95.59584524539927,Low-cost digital nurture,0.5,2.867875357361978,2.367875357361978,Low-cost nurture communication and continued monitoring,0,1,1153.0
14632,2011-09-01,United Kingdom,0.8104732744558093,93.5693641618497,Critical,7.207369942196531,Reactivate Efficiently,162.6326388888889,1,114.56,0.0,57.28,46.42390916082876,Automated targeted campaign,5.0,6.963586374124313,1.9635863741243131,Automated re-engagement with targeted product recommendations,1,0,
14633,2011-09-01,United Kingdom,0.7974976515426142,91.90751445086705,Critical,38.547687861271676,Reactivate Efficiently,166.28680555555556,1,344.90000000000003,0.0,172.45000000000002,137.52847000852384,Automated targeted campaign,5.0,20.629270501278576,15.629270501278576,Automated re-engagement with targeted product recommendations,1,1,171.0
14636,2011-09-01,United Kingdom,0.8016113035045598,92.48554913294798,Critical,30.852601156069365,Reactivate Efficiently,168.5888888888889,1,300.19,0.0,150.095,120.31784859951689,Automated targeted campaign,5.0,18.047677289927535,13.047677289927535,Automated re-engagement with targeted product recommendations,0,1,222.0
14639,2011-09-01,United Kingdom,0.4310278770334717,35.62138728323699,Low,63.61994219653179,Nurture / Monitor,20.429861111111112,2,754.1,0.001388888888888889,377.05,162.5190610354705,Low-cost digital nurture,0.5,4.875571831064114,4.375571831064114,Low-cost nurture communication and continued monitoring,0,1,605.0
14640,2011-09-01,United Kingdom,0.2710473953114287,20.520231213872833,Low,81.86416184971098,Protect High Value,27.51527777777778,4,1483.3600000000001,99.96319444444444,741.6800000000001,201.03043215458044,VIP or loyalty service,12.0,16.082434572366434,4.082434572366434,Proactive loyalty or VIP service without aggressive discounting,0,0,
14643,2011-09-01,United Kingdom,0.6373142006233359,67.95520231213872,Medium,37.608381502890175,Nurture / Monitor,70.38819444444445,1,335.87,0.0,167.935,107.02736028167992,Low-cost digital nurture,0.5,3.2108208084503973,2.7108208084503973,Low-cost nurture communication and continued monitoring,1,1,1030.0
14645,2011-09-01,United Kingdom,0.7903816429078051,91.1849710982659,Critical,56.28612716763006,Reactivate Efficiently,56.614583333333336,2,597.09,118.97430555555556,298.545,235.96448758191067,Automated targeted campaign,5.0,35.3946731372866,30.394673137286603,Automated re-engagement with targeted product recommendations,1,1,101.0
14646,2011-09-01,Netherlands,1.1696849586338668e-07,0.1445086705202312,Low,100.0,Protect High Value,5.402777777777778,30,118081.92,154.07361111111112,59040.96,0.006905932285530378,VIP or loyalty service,12.0,0.0005524745828424303,-11.999447525417157,Proactive loyalty or VIP service without aggressive discounting,0,0,
14647,2011-09-01,United Kingdom,0.8550462555457232,96.89306358381504,Critical,23.843930635838152,Reactivate Efficiently,101.43055555555556,1,236.04000000000002,0.0,118.02000000000001,100.91255907950627,Automated targeted campaign,5.0,15.13688386192594,10.13688386192594,Automated re-engagement with targeted product recommendations,1,0,
14649,2011-09-01,United Kingdom,0.5179307727422223,48.01300578034682,Low,55.346820809248555,Nurture / Monitor,112.3875,2,582.12,0.003472222222222222,291.06,150.74893071435122,Low-cost digital nurture,0.5,4.522467921430536,4.022467921430536,Low-cost nurture communication and continued monitoring,0,1,667.0
14651,2011-09-01,United Kingdom,0.5354224684843645,50.686416184971094,Medium,45.3757225433526,Nurture / Monitor,111.31319444444445,1,415.47,0.0,207.735,111.22598649059947,Low-cost digital nurture,0.5,3.3367795947179837,2.8367795947179837,Low-cost nurture communication and continued monitoring,0,1,983.0
14655,2011-09-01,United Kingdom,0.584903961664691,58.634393063583815,Medium,65.7514450867052,Nurture / Monitor,122.37569444444445,1,810.56,0.0,405.28,237.04987758346599,Low-cost digital nurture,0.5,7.111496327503979,6.611496327503979,Low-cost nurture communication and continued monitoring,0,1,352.0
14656,2011-09-01,United Kingdom,0.447908072403807,37.536127167630056,Low,13.764450867052021,Nurture / Monitor,69.42291666666667,1,157.94,0.0,78.97,35.37130047772864,Low-cost digital nurture,0.5,1.061139014331859,0.5611390143318591,Low-cost nurture communication and continued monitoring,1,0,
14657,2011-09-01,United Kingdom,0.5036571990157912,45.809248554913296,Low,7.153179190751445,Nurture / Monitor,55.170833333333334,1,114.54,0.0,57.27,28.844447787634365,Low-cost digital nurture,0.5,0.8653334336290309,0.3653334336290309,Low-cost nurture communication and continued monitoring,0,0,
14658,2011-09-01,United Kingdom,0.6982088633972213,77.52890173410405,Medium,8.489884393063583,Nurture / Monitor,17.345833333333335,1,123.14,0.0,61.57,42.98871971936692,Low-cost digital nurture,0.5,1.2896615915810075,0.7896615915810075,Low-cost nurture communication and continued monitoring,1,0,
14659,2011-09-01,United Kingdom,0.17961614732406755,13.51156069364162,Low,67.84682080924856,Nurture / Monitor,45.47847222222222,4,866.58,118.03819444444444,433.29,77.82588047404523,Low-cost digital nurture,0.5,2.334776414221357,1.834776414221357,Low-cost nurture communication and continued monitoring,0,0,
14660,2011-09-01,United Kingdom,0.6796763518486244,74.67485549132948,Medium,9.140173410404625,Nurture / Monitor,0.5555555555555556,1,128.95,0.0,64.475,43.822132785440054,Low-cost digital nurture,0.5,1.3146639835632017,0.8146639835632017,Low-cost nurture communication and continued monitoring,0,0,
14662,2011-09-01,United Kingdom,0.5673726557090139,55.63583815028902,Medium,45.33959537572254,Nurture / Monitor,134.48194444444445,2,415.33,41.00347222222222,207.665,117.82344254781236,Low-cost digital nurture,0.5,3.534703276434371,3.034703276434371,Low-cost nurture communication and continued monitoring,0,1,910.0
14667,2011-09-01,United Kingdom,0.012571128586142401,1.8424855491329482,Low,93.2442196531792,Protect High Value,13.426388888888889,10,2838.16,161.06597222222223,1419.08,17.839437154022956,VIP or loyalty service,12.0,1.4271549723218366,-10.572845027678163,Proactive loyalty or VIP service without aggressive discounting,0,0,
14669,2011-09-01,United Kingdom,0.6361191100625869,67.88294797687861,Medium,45.98988439306358,Nurture / Monitor,141.51180555555555,1,421.74,0.0,210.87,134.1384367388977,Low-cost digital nurture,0.5,4.024153102166931,3.524153102166931,Low-cost nurture communication and continued monitoring,1,1,790.0
14672,2011-09-01,United Kingdom,0.6140365515681121,63.83670520231214,Medium,49.81936416184971,Nurture / Monitor,134.5701388888889,1,480.27,0.0,240.135,147.4516673108086,Low-cost digital nurture,0.5,4.423550019324258,3.9235500193242583,Low-cost nurture communication and continued monitoring,1,1,688.0
14676,2011-09-01,United Kingdom,0.34354720324136284,26.264450867052027,Low,75.9393063583815,Nurture / Monitor,47.50694444444444,3,1134.6,62.78680555555555,567.3,194.89432839882514,Low-cost digital nurture,0.5,5.846829851964754,5.346829851964754,Low-cost nurture communication and continued monitoring,0,1,465.0
14680,2011-09-01,United Kingdom,0.01059541667860033,1.6979768786127165,Low,99.20520231213872,Protect High Value,21.57777777777778,8,15912.279999999999,133.84722222222223,7956.139999999999,84.29861845327923,VIP or loyalty service,12.0,6.743889476262339,-5.256110523737661,Proactive loyalty or VIP service without aggressive discounting,0,0,
14681,2011-09-01,United Kingdom,0.7804123821783309,89.63150289017341,High,43.388728323699425,Reactivate Efficiently,111.55208333333333,1,393.95,0.0,196.975,153.7217289795767,Automated targeted campaign,5.0,23.058259346936506,18.058259346936506,Automated re-engagement with targeted product recommendations,0,1,155.0
14682,2011-09-01,United Kingdom,0.6561271581615078,70.628612716763,Medium,1.5354046242774566,Nurture / Monitor,87.49166666666666,2,52.0,13.972916666666666,26.0,17.059306112199202,Low-cost digital nurture,0.5,0.511779183365976,0.011779183365976054,Low-cost nurture communication and continued monitoring,1,0,
14684,2011-09-01,United Kingdom,0.4722109014366019,41.293352601156066,Low,35.65751445086705,Nurture / Monitor,115.45972222222223,1,325.08,0.0,162.54,76.75315991950526,Low-cost digital nurture,0.5,2.302594797585158,1.802594797585158,Low-cost nurture communication and continued monitoring,0,0,
14687,2011-09-01,United Kingdom,0.6809198841016997,74.89161849710982,Medium,58.16473988439307,Nurture / Monitor,6.500694444444444,1,628.38,0.0,314.19,213.93821838591302,Low-cost digital nurture,0.5,6.41814655157739,5.91814655157739,Low-cost nurture communication and continued monitoring,1,1,412.0
14688,2011-09-01,United Kingdom,0.07419881463978881,6.502890173410404,Low,89.63150289017341,Protect High Value,29.426388888888887,9,2130.9500000000003,134.08125,1065.4750000000001,79.05698202832899,VIP or loyalty service,12.0,6.324558562266319,-5.675441437733681,Proactive loyalty or VIP service without aggressive discounting,0,0,
14689,2011-09-01,United Kingdom,0.7707749820519523,88.40317919075144,High,6.683526011560693,Reactivate Efficiently,108.52638888888889,1,112.8,0.0,56.4,43.47170898773011,Automated targeted campaign,5.0,6.520756348159517,1.5207563481595168,Automated re-engagement with targeted product recommendations,1,0,
14690,2011-09-01,United Kingdom,0.6684950300220477,72.86849710982659,Medium,21.0621387283237,Nurture / Monitor,51.50138888888889,1,212.56,0.0,106.28,71.04765179074323,Low-cost digital nurture,0.5,2.1314295537222967,1.6314295537222967,Low-cost nurture communication and continued monitoring,0,0,
14691,2011-09-01,United Kingdom,0.7602573083484354,86.74132947976878,High,46.96531791907515,Reactivate Efficiently,112.58680555555556,1,439.6,0.0,219.8,167.10455637498612,Automated targeted campaign,5.0,25.065683456247918,20.065683456247918,Automated re-engagement with targeted product recommendations,0,1,138.0
14692,2011-09-01,United Kingdom,0.36692831155850525,28.721098265895957,Low,20.809248554913296,Nurture / Monitor,37.36944444444445,2,210.7,97.99583333333334,105.35,38.65589762268853,Low-cost digital nurture,0.5,1.1596769286806559,0.6596769286806559,Low-cost nurture communication and continued monitoring,1,0,
14693,2011-09-01,United Kingdom,0.6918698667758921,76.48121387283237,Medium,15.859826589595375,Nurture / Monitor,164.46527777777777,1,172.9,0.0,86.45,59.81214998277588,Low-cost digital nurture,0.5,1.7943644994832764,1.2943644994832764,Low-cost nurture communication and continued monitoring,1,0,
14696,2011-09-01,United Kingdom,0.2581864160485828,19.25578034682081,Low,68.02745664739885,Nurture / Monitor,19.474305555555556,3,870.2900000000001,122.95416666666667,435.14500000000004,112.34852801146056,Low-cost digital nurture,0.5,3.3704558403438165,2.8704558403438165,Low-cost nurture communication and continued monitoring,0,1,962.0
14697,2011-09-01,United Kingdom,0.789483723196912,90.96820809248555,Critical,18.027456647398843,Reactivate Efficiently,118.34791666666666,2,188.60999999999999,0.006944444444444444,94.30499999999999,74.45226251608477,Automated targeted campaign,5.0,11.167839377412715,6.167839377412715,Automated re-engagement with targeted product recommendations,1,0,
14699,2011-09-01,United Kingdom,0.6298820906811555,66.76300578034682,Medium,5.780346820809249,Nurture / Monitor,114.37916666666666,1,109.13000000000001,0.0,54.565000000000005,34.36951627801725,Low-cost digital nurture,0.5,1.0310854883405174,0.5310854883405174,Low-cost nurture communication and continued monitoring,1,0,
14700,2011-09-01,United Kingdom,0.5337598199147129,50.361271676300575,Medium,82.8034682080925,Protect High Value,89.50069444444445,2,1541.1,48.946527777777774,770.55,411.288629235282,VIP or loyalty service,12.0,32.90309033882256,20.903090338822558,Proactive loyalty or VIP service without aggressive discounting,0,0,
14701,2011-09-01,United Kingdom,0.34338666911363885,26.192196531791907,Low,78.79335260115607,Nurture / Monitor,72.51666666666667,5,1302.6100000000001,105.99791666666667,651.3050000000001,223.64945452705857,Low-cost digital nurture,0.5,6.709483635811757,6.209483635811757,Low-cost nurture communication and continued monitoring,0,1,385.0
14702,2011-09-01,United Kingdom,0.2297817725533072,17.377167630057805,Low,48.91618497109826,Nurture / Monitor,16.520833333333332,3,465.55,45.647222222222226,232.775,53.487452106096086,Low-cost digital nurture,0.5,1.6046235631828825,1.1046235631828825,Low-cost nurture communication and continued monitoring,0,0,
14704,2011-09-01,United Kingdom,0.639951700350986,68.2442196531792,Medium,20.267341040462426,Nurture / Monitor,42.49930555555556,2,207.5,37.918055555555554,103.75,66.3949889114148,Low-cost digital nurture,0.5,1.991849667342444,1.491849667342444,Low-cost nurture communication and continued monitoring,0,0,
14705,2011-09-01,United Kingdom,0.8130596524611575,93.96676300578035,Critical,16.835260115606935,Reactivate Efficiently,98.47291666666666,1,179.0,0.0,89.5,72.7688388952736,Automated targeted campaign,5.0,10.91532583429104,5.915325834291041,Automated re-engagement with targeted product recommendations,1,0,
14708,2011-09-01,United Kingdom,0.619372092412359,64.73988439306359,Medium,28.43208092485549,Nurture / Monitor,54.327777777777776,1,282.12,0.0,141.06,87.36862735568737,Low-cost digital nurture,0.5,2.621058820670621,2.121058820670621,Low-cost nurture communication and continued monitoring,1,1,1239.0
14709,2011-09-01,United Kingdom,0.06283257820186365,5.5997109826589595,Low,92.48554913294798,Protect High Value,12.354861111111111,6,2642.39,164.25208333333333,1321.195,83.01408815741124,VIP or loyalty service,12.0,6.641127052592899,-5.358872947407101,Proactive loyalty or VIP service without aggressive discounting,0,0,
14711,2011-09-01,United Kingdom,0.11894077849650624,9.573699421965317,Low,88.76445086705202,Protect High Value,9.345833333333333,8,2056.73,153.09027777777777,1028.365,122.31453367855964,VIP or loyalty service,12.0,9.785162694284772,-2.2148373057152284,Proactive loyalty or VIP service without aggressive discounting,0,0,
14712,2011-09-01,United Kingdom,0.8033334489535485,92.59393063583815,Critical,7.40606936416185,Reactivate Efficiently,12.435416666666667,1,115.72,0.0,57.86,46.480873356452314,Automated targeted campaign,5.0,6.9721310034678465,1.9721310034678465,Automated re-engagement with targeted product recommendations,0,0,
14713,2011-09-01,United Kingdom,0.13309538805211504,10.440751445086706,Low,76.69797687861272,Nurture / Monitor,27.219444444444445,5,1173.79,147.2861111111111,586.895,78.11301777084606,Low-cost digital nurture,0.5,2.3433905331253815,1.8433905331253815,Low-cost nurture communication and continued monitoring,0,0,
14716,2011-09-01,United Kingdom,0.8242735591138497,95.08670520231213,Critical,17.196531791907514,Reactivate Efficiently,48.47083333333333,1,181.72,0.0,90.86,74.89349558108438,Automated targeted campaign,5.0,11.234024337162657,6.234024337162657,Automated re-engagement with targeted product recommendations,0,0,
14719,2011-09-01,United Kingdom,0.5546677354714372,53.35982658959537,Medium,50.32514450867052,Nurture / Monitor,79.46388888888889,2,488.12,69.94097222222223,244.06,135.37220751915896,Low-cost digital nurture,0.5,4.061166225574769,3.5611662255747687,Low-cost nurture communication and continued monitoring,0,1,783.0
14720,2011-09-01,United Kingdom,0.7030462868605982,78.4320809248555,Medium,13.258670520231213,Nurture / Monitor,26.495833333333334,1,155.8,0.0,77.9,54.767305746440606,Low-cost digital nurture,0.5,1.6430191723932182,1.1430191723932182,Low-cost nurture communication and continued monitoring,0,0,
14722,2011-09-01,United Kingdom,0.7867484634362056,90.46242774566474,Critical,17.08815028901734,Reactivate Efficiently,47.37638888888889,1,180.42000000000002,0.0,90.21000000000001,70.97257888658012,Automated targeted campaign,5.0,10.645886832987019,5.645886832987019,Automated re-engagement with targeted product recommendations,1,0,
14727,2011-09-01,United Kingdom,0.8157928686928155,94.40028901734104,Critical,27.38439306358382,Reactivate Efficiently,174.38541666666666,1,268.58,0.0,134.29,109.55282433675819,Automated targeted campaign,5.0,16.43292365051373,11.432923650513729,Automated re-engagement with targeted product recommendations,1,0,
14730,2011-09-01,United Kingdom,0.18932026230654353,14.089595375722544,Low,68.20809248554913,Nurture / Monitor,7.4534722222222225,5,872.13,169.0125,436.065,82.5559401827029,Low-cost digital nurture,0.5,2.476678205481087,1.976678205481087,Low-cost nurture communication and continued monitoring,0,0,
14731,2011-09-01,United Kingdom,0.6411301636031731,68.46098265895954,Medium,25.43352601156069,Nurture / Monitor,105.54027777777777,2,251.01999999999998,6.913888888888889,125.50999999999999,80.46824683383424,Low-cost digital nurture,0.5,2.4140474050150273,1.9140474050150273,Low-cost nurture communication and continued monitoring,0,0,
14732,2011-09-01,United Kingdom,0.23231296033407045,17.521676300578033,Low,70.91763005780348,Nurture / Monitor,43.60347222222222,3,944.3199999999999,77.01805555555555,472.15999999999997,109.6888873513347,Low-cost digital nurture,0.5,3.290666620540041,2.790666620540041,Low-cost nurture communication and continued monitoring,0,1,1002.0
14733,2011-09-01,United Kingdom,0.06280229823916413,5.563583815028902,Low,89.23410404624278,Protect High Value,10.502083333333333,5,2103.48,159.95763888888888,1051.74,66.05168915005848,VIP or loyalty service,12.0,5.284135132004678,-6.715864867995322,Proactive loyalty or VIP service without aggressive discounting,0,0,
14735,2011-09-01,United Kingdom,0.02323886104702059,2.601156069364162,Low,91.72687861271676,Protect High Value,10.425,17,2479.46,158.9284722222222,1239.73,28.809913205822834,VIP or loyalty service,12.0,2.3047930564658268,-9.695206943534174,Proactive loyalty or VIP service without aggressive discounting,0,0,
14737,2011-09-01,United Kingdom,0.5943754732362387,60.22398843930635,Medium,59.17630057803468,Nurture / Monitor,28.580555555555556,1,647.75,0.0,323.875,192.50335639438683,Low-cost digital nurture,0.5,5.775100691831605,5.275100691831605,Low-cost nurture communication and continued monitoring,1,1,472.0
14738,2011-09-01,United Kingdom,0.3947639896073321,31.39450867052023,Low,54.08236994219653,Nurture / Monitor,33.55972222222222,4,552.88,107.86041666666667,276.44,109.12855728705088,Low-cost digital nurture,0.5,3.273856718611526,2.773856718611526,Low-cost nurture communication and continued monitoring,0,1,1007.0
14739,2011-09-01,United Kingdom,0.3834682790077609,30.491329479768787,Low,40.60693641618497,Nurture / Monitor,119.50138888888888,1,364.18,0.0,182.09,69.8257389245232,Low-cost digital nurture,0.5,2.094772167735696,1.5947721677356959,Low-cost nurture communication and continued monitoring,0,0,
14740,2011-09-01,United Kingdom,0.44972867332869026,37.861271676300575,Low,70.23121387283237,Nurture / Monitor,97.23819444444445,2,927.11,28.343055555555555,463.555,208.473975164881,Low-cost digital nurture,0.5,6.25421925494643,5.75421925494643,Low-cost nurture communication and continued monitoring,1,1,431.0
14741,2011-09-01,United Kingdom,0.5174169777403789,47.90462427745665,Low,41.221098265895954,Nurture / Monitor,13.447222222222223,2,369.66,50.955555555555556,184.83,95.63417999575424,Low-cost digital nurture,0.5,2.869025399872627,2.369025399872627,Low-cost nurture communication and continued monitoring,0,1,1151.0
14745,2011-09-01,United Kingdom,0.2814854904117638,21.351156069364162,Low,71.67630057803468,Nurture / Monitor,12.57986111111111,4,979.66,72.06875,489.83,137.88003776839426,Low-cost digital nurture,0.5,4.1364011330518275,3.6364011330518275,Low-cost nurture communication and continued monitoring,1,1,764.0
14747,2011-09-01,United Kingdom,0.7737168569561818,88.54768786127167,High,36.380057803468205,Reactivate Efficiently,149.41041666666666,1,328.2,0.0,164.1,126.96693622650942,Automated targeted campaign,5.0,19.04504043397641,14.04504043397641,Automated re-engagement with targeted product recommendations,1,1,202.0
14748,2011-09-01,United Kingdom,0.4262904690951931,34.68208092485549,Low,59.21242774566474,Nurture / Monitor,23.480555555555554,2,648.3499999999999,88.88333333333334,324.17499999999995,138.1927128189342,Low-cost digital nurture,0.5,4.145781384568026,3.645781384568026,Low-cost nurture communication and continued monitoring,0,1,762.0
14755,2011-09-01,United Kingdom,0.08271297269368769,7.08092485549133,Low,87.06647398843931,Protect High Value,12.465972222222222,5,1873.1999999999998,144.17291666666668,936.5999999999999,77.46897022490788,VIP or loyalty service,12.0,6.197517617992631,-5.802482382007369,Proactive loyalty or VIP service without aggressive discounting,0,0,
14758,2011-09-01,United Kingdom,0.32056448052374525,24.38583815028902,Low,81.90028901734104,Protect High Value,44.65208333333333,4,1484.06,114.84097222222222,742.03,237.86846148303468,VIP or loyalty service,12.0,19.029476918642775,7.029476918642775,Proactive loyalty or VIP service without aggressive discounting,1,0,
14759,2011-09-01,United Kingdom,0.6234954306072236,65.42630057803468,Medium,68.0635838150289,Nurture / Monitor,12.627083333333333,2,870.85,119.91805555555555,435.425,271.48549787215035,Low-cost digital nurture,0.5,8.14456493616451,7.64456493616451,Low-cost nurture communication and continued monitoring,1,1,311.0
14762,2011-09-01,United Kingdom,0.8888971040533457,98.37427745664739,Critical,31.033236994219653,Reactivate Efficiently,163.65277777777777,1,300.52,0.0,150.26,133.56567885505572,Automated targeted campaign,5.0,20.034851828258358,15.034851828258358,Automated re-engagement with targeted product recommendations,1,1,187.0
14765,2011-09-01,United Kingdom,0.5831949735990536,58.34537572254336,Medium,4.2991329479768785,Nurture / Monitor,12.370833333333334,2,95.5,63.803472222222226,47.75,27.84755998935481,Low-cost digital nurture,0.5,0.8354267996806443,0.33542679968064426,Low-cost nurture communication and continued monitoring,0,0,
14766,2011-09-01,United Kingdom,0.26218982974189053,19.797687861271676,Low,79.73265895953757,Nurture / Monitor,68.375,3,1350.92,88.06388888888888,675.46,177.09874239745739,Low-cost digital nurture,0.5,5.3129622719237215,4.8129622719237215,Low-cost nurture communication and continued monitoring,0,1,536.0
14768,2011-09-01,United Kingdom,0.720501580580066,80.92485549132948,High,9.609826589595375,Reactivate Efficiently,27.44097222222222,1,133.20000000000002,0.0,66.60000000000001,47.9854052666324,Automated targeted campaign,5.0,7.197810789994859,2.1978107899948593,Automated re-engagement with targeted product recommendations,0,0,
14769,2011-09-01,United Kingdom,0.13980434424874408,11.054913294797688,Low,97.36271676300578,Protect High Value,8.35138888888889,4,5413.85,156.08402777777778,2706.925,378.4398745555316,VIP or loyalty service,12.0,30.27518996444253,18.27518996444253,Proactive loyalty or VIP service without aggressive discounting,0,0,
14770,2011-09-01,United Kingdom,0.5324456853363068,50.2528901734104,Medium,56.358381502890175,Nurture / Monitor,132.40208333333334,1,597.8199999999999,0.0,298.90999999999997,159.15333980387544,Low-cost digital nurture,0.5,4.774600194116263,4.274600194116263,Low-cost nurture communication and continued monitoring,1,1,624.0
14772,2011-09-01,United Kingdom,0.6852650666642857,75.5057803468208,Medium,10.802023121387283,Nurture / Monitor,12.372222222222222,1,139.26,0.0,69.63,47.71500659183421,Low-cost digital nurture,0.5,1.4314501977550262,0.9314501977550262,Low-cost nurture communication and continued monitoring,1,0,
14775,2011-09-01,United Kingdom,0.7268547139899649,81.97254335260115,High,30.057803468208093,Reactivate Efficiently,37.49166666666667,1,294.9,0.0,147.45,107.17472757782032,Automated targeted campaign,5.0,16.076209136673047,11.076209136673047,Automated re-engagement with targeted product recommendations,0,0,
14776,2011-09-01,United Kingdom,0.1301902399134502,10.151734104046243,Low,78.90173410404624,Nurture / Monitor,5.4006944444444445,7,1303.86,128.07708333333332,651.93,84.87492310677557,Low-cost digital nurture,0.5,2.546247693203267,2.046247693203267,Low-cost nurture communication and continued monitoring,0,0,
14778,2011-09-01,United Kingdom,0.6698039607499626,73.22976878612717,Medium,43.60549132947977,Nurture / Monitor,27.35902777777778,1,396.81,0.0,198.405,132.89245483259634,Low-cost digital nurture,0.5,3.98677364497789,3.48677364497789,Low-cost nurture communication and continued monitoring,1,1,796.0
14790,2011-09-01,United Kingdom,0.45838122840602497,38.945086705202314,Low,40.57080924855491,Nurture / Monitor,19.489583333333332,2,364.03999999999996,134.01805555555555,182.01999999999998,83.43455119446466,Low-cost digital nurture,0.5,2.5030365358339397,2.0030365358339397,Low-cost nurture communication and continued monitoring,0,0,
14794,2011-09-01,United Kingdom,0.4970865964627341,44.97832369942196,Low,50.97543352601156,Nurture / Monitor,103.50486111111111,3,500.43999999999994,57.84236111111111,250.21999999999997,124.38100816690532,Low-cost digital nurture,0.5,3.7314302450071595,3.2314302450071595,Low-cost nurture communication and continued monitoring,0,1,861.0
14795,2011-09-01,United Kingdom,0.7517028196380705,85.54913294797689,High,9.393063583815028,Reactivate Efficiently,66.45555555555555,1,131.45000000000002,0.0,65.72500000000001,49.40566782071219,Automated targeted campaign,5.0,7.410850173106828,2.4108501731068284,Automated re-engagement with targeted product recommendations,1,0,
14796,2011-09-01,United Kingdom,0.04416547097136892,3.9739884393063587,Low,94.94219653179191,Protect High Value,7.552083333333333,7,3461.17,151.98888888888888,1730.585,76.43210158098648,VIP or loyalty service,12.0,6.114568126478919,-5.885431873521081,Proactive loyalty or VIP service without aggressive discounting,0,0,
14798,2011-09-01,United Kingdom,0.5792689450974721,57.550578034682076,Medium,0.46965317919075145,Nurture / Monitor,44.388888888888886,1,21.72,0.0,10.86,6.290860743758547,Low-cost digital nurture,0.5,0.1887258223127564,-0.31127417768724364,Low-cost nurture communication and continued monitoring,0,0,
14800,2011-09-01,United Kingdom,0.08233167552303798,7.044797687861272,Low,88.94508670520231,Protect High Value,9.481944444444444,6,2078.85,162.06805555555556,1039.425,85.57760183053375,VIP or loyalty service,12.0,6.8462081464427005,-5.1537918535572995,Proactive loyalty or VIP service without aggressive discounting,0,0,
14803,2011-09-01,United Kingdom,0.5434666954776854,51.6257225433526,Medium,31.61127167630058,Nurture / Monitor,62.418055555555554,2,303.4,113.0736111111111,151.7,82.44389770396488,Low-cost digital nurture,0.5,2.4733169311189465,1.9733169311189465,Low-cost nurture communication and continued monitoring,1,0,
14808,2011-09-01,United Kingdom,0.2863223763270602,21.7485549132948,Low,86.70520231213872,Protect High Value,44.43541666666667,6,1833.8200000000002,28.02777777777778,916.9100000000001,262.5318500780448,VIP or loyalty service,12.0,21.002548006243583,9.002548006243583,Proactive loyalty or VIP service without aggressive discounting,0,0,
14810,2011-09-01,United Kingdom,0.11014862332332814,9.140173410404625,Low,77.42052023121387,Nurture / Monitor,3.540277777777778,6,1225.04,167.98888888888888,612.52,67.46823475800495,Low-cost digital nurture,0.5,2.0240470427401487,1.5240470427401487,Low-cost nurture communication and continued monitoring,0,0,
14816,2011-09-01,United Kingdom,0.8488794814335512,96.45953757225433,Critical,27.709537572254334,Reactivate Efficiently,97.44722222222222,1,271.85,0.0,135.925,115.38394351385546,Automated targeted campaign,5.0,17.30759152707832,12.30759152707832,Automated re-engagement with targeted product recommendations,1,1,246.0
14817,2011-09-01,United Kingdom,0.443532461282144,36.99421965317919,Low,72.65173410404624,Nurture / Monitor,100.43402777777777,2,1010.3399999999999,76.9888888888889,505.16999999999996,224.05929346590068,Low-cost digital nurture,0.5,6.7217788039770205,6.2217788039770205,Low-cost nurture communication and continued monitoring,1,1,384.0
14818,2011-09-01,United Kingdom,0.5520324639121825,52.9985549132948,Medium,44.6893063583815,Nurture / Monitor,69.40763888888888,2,409.63,84.07291666666667,204.815,113.06452909617366,Low-cost digital nurture,0.5,3.3919358728852096,2.8919358728852096,Low-cost nurture communication and continued monitoring,0,1,957.0
14819,2011-09-01,United Kingdom,0.7748836737335663,88.76445086705202,High,3.395953757225433,Reactivate Efficiently,92.42361111111111,1,84.72,0.0,42.36,32.82407241935387,Automated targeted campaign,5.0,4.92361086290308,-0.0763891370969203,Automated re-engagement with targeted product recommendations,0,0,
14820,2011-09-01,United Kingdom,0.5724642107372753,56.57514450867052,Medium,10.946531791907514,Nurture / Monitor,73.37777777777778,1,139.77,0.0,69.885,40.006661367374484,Low-cost digital nurture,0.5,1.2001998410212344,0.7001998410212344,Low-cost nurture communication and continued monitoring,0,0,
14823,2011-09-01,United Kingdom,0.5684183172947297,55.96098265895954,Medium,35.26011560693642,Nurture / Monitor,80.45,3,321.43,14.016666666666667,160.715,91.35334986402249,Low-cost digital nurture,0.5,2.7406004959206745,2.2406004959206745,Low-cost nurture communication and continued monitoring,1,1,1188.0
14825,2011-09-01,United Kingdom,0.15596041115608997,12.17485549132948,Low,61.452312138728324,Nurture / Monitor,27.530555555555555,4,701.6,148.05277777777778,350.8,54.710912233556364,Low-cost digital nurture,0.5,1.6413273670066908,1.1413273670066908,Low-cost nurture communication and continued monitoring,0,0,
14828,2011-09-01,United Kingdom,0.4120276898099455,32.8757225433526,Low,83.20086705202311,Protect High Value,96.57222222222222,2,1557.7600000000002,57.78125,778.8800000000001,320.9201270391704,VIP or loyalty service,12.0,25.67361016313363,13.673610163133631,Proactive loyalty or VIP service without aggressive discounting,1,0,
14829,2011-09-01,United Kingdom,0.6108961100234446,63.4393063583815,Medium,11.99421965317919,Nurture / Monitor,84.39652777777778,1,146.3,0.0,73.15,44.687050448214976,Low-cost digital nurture,0.5,1.3406115134464491,0.8406115134464491,Low-cost nurture communication and continued monitoring,0,0,
14834,2011-09-01,United Kingdom,0.5434641849589793,51.58959537572254,Medium,46.53179190751445,Nurture / Monitor,20.391666666666666,2,429.3,119.98333333333333,214.65,116.6545873014449,Low-cost digital nurture,0.5,3.499637619043347,2.999637619043347,Low-cost nurture communication and continued monitoring,0,1,922.0
14837,2011-09-01,United Kingdom,0.3923751589933594,31.177745664739888,Low,79.55202312138728,Nurture / Monitor,5.458333333333333,3,1345.56,96.00763888888889,672.78,263.9821594675523,Low-cost digital nurture,0.5,7.9194647840265695,7.4194647840265695,Low-cost nurture communication and continued monitoring,0,1,320.0
14840,2011-09-01,United Kingdom,0.8495315814301082,96.60404624277457,Critical,2.239884393063584,Reactivate Efficiently,167.5,1,62.85,0.0,31.425,26.69652994644115,Automated targeted campaign,5.0,4.004479491966173,-0.9955205080338274,Automated re-engagement with targeted product recommendations,1,0,
14841,2011-09-01,United Kingdom,0.3566126095805189,27.601156069364162,Low,80.23843930635837,Protect High Value,79.37847222222223,2,1383.62,95.06041666666667,691.81,246.70816943389875,VIP or loyalty service,12.0,19.7366535547119,7.7366535547119,Proactive loyalty or VIP service without aggressive discounting,0,0,
14842,2011-09-01,United Kingdom,0.5472570667925415,52.13150289017341,Medium,80.13005780346822,Protect High Value,91.64027777777778,1,1378.48,0.0,689.24,377.1914607160913,VIP or loyalty service,12.0,30.175316857287303,18.175316857287303,Proactive loyalty or VIP service without aggressive discounting,0,0,
14844,2011-09-01,United Kingdom,0.33893182267918487,25.758670520231213,Low,90.60693641618496,Protect High Value,23.434722222222224,3,2257.6800000000003,118.01666666666667,1128.8400000000001,382.5997987131711,VIP or loyalty service,12.0,30.607983897053685,18.607983897053685,Proactive loyalty or VIP service without aggressive discounting,0,0,
14847,2011-09-01,United Kingdom,0.6720696380057217,73.55491329479769,Medium,33.164739884393065,Nurture / Monitor,48.547222222222224,1,309.4,0.0,154.7,103.96917299948514,Low-cost digital nurture,0.5,3.119075189984554,2.619075189984554,Low-cost nurture communication and continued monitoring,1,1,1065.0
14849,2011-09-01,United Kingdom,0.0676436163871401,6.033236994219653,Low,95.23121387283237,Protect High Value,19.535416666666666,7,3597.22,129.04305555555555,1798.61,121.66448487007405,VIP or loyalty service,12.0,9.733158789605923,-2.2668412103940767,Proactive loyalty or VIP service without aggressive discounting,0,0,
14851,2011-09-01,United Kingdom,0.8940098381402569,98.51878612716763,Critical,20.08670520231214,Reactivate Efficiently,156.37569444444443,1,206.13,0.0,103.065,92.14112396792558,Automated targeted campaign,5.0,13.821168595188837,8.821168595188837,Automated re-engagement with targeted product recommendations,0,0,
14852,2011-09-01,United Kingdom,0.26214027925609185,19.76156069364162,Low,84.39306358381504,Protect High Value,40.583333333333336,4,1634.21,111.85972222222222,817.105,214.19613288154892,VIP or loyalty service,12.0,17.135690630523914,5.135690630523914,Proactive loyalty or VIP service without aggressive discounting,0,0,
14853,2011-09-01,United Kingdom,0.6828558694109871,75.14450867052022,Medium,21.56791907514451,Nurture / Monitor,111.36319444444445,1,214.5,0.0,107.25,73.23629199432837,Low-cost digital nurture,0.5,2.197088759829851,1.697088759829851,Low-cost nurture communication and continued monitoring,0,0,
14854,2011-09-01,United Kingdom,0.14587162413876104,11.488439306358382,Low,90.78757225433526,Protect High Value,33.34722222222222,6,2281.83,141.1375,1140.915,166.42712405427454,VIP or loyalty service,12.0,13.314169924341964,1.3141699243419644,Proactive loyalty or VIP service without aggressive discounting,0,0,
14855,2011-09-01,United Kingdom,0.465003512387922,40.101156069364166,Low,59.0679190751445,Nurture / Monitor,19.415277777777778,2,645.6500000000001,15.080555555555556,322.82500000000005,150.11475888663094,Low-cost digital nurture,0.5,4.503442766598928,4.003442766598928,Low-cost nurture communication and continued monitoring,1,1,671.0
14857,2011-09-01,United Kingdom,0.5293637098315082,49.71098265895954,Low,52.13150289017341,Nurture / Monitor,48.37291666666667,1,522.52,0.0,261.26,138.30156283057983,Low-cost digital nurture,0.5,4.149046884917395,3.6490468849173947,Low-cost nurture communication and continued monitoring,0,1,760.0
14859,2011-09-01,United Kingdom,0.8533926575052668,96.78468208092485,Critical,30.27456647398844,Reactivate Efficiently,104.3875,1,296.86,0.0,148.43,126.66907215350676,Automated targeted campaign,5.0,19.000360823026014,14.000360823026014,Automated re-engagement with targeted product recommendations,0,1,203.0
14862,2011-09-01,United Kingdom,0.7107750696151427,79.66040462427746,Medium,31.828034682080926,Nurture / Monitor,48.52777777777778,1,304.09999999999997,0.0,152.04999999999998,108.07334933498244,Low-cost digital nurture,0.5,3.242200480049473,2.742200480049473,Low-cost nurture communication and continued monitoring,0,1,1021.0
14866,2011-09-01,United Kingdom,0.33503539320061054,25.397398843930635,Low,73.01300578034682,Nurture / Monitor,5.508333333333334,2,1023.7199999999999,35.89861111111111,511.85999999999996,171.4912163636645,Low-cost digital nurture,0.5,5.144736490909935,4.644736490909935,Low-cost nurture communication and continued monitoring,0,1,558.0
14867,2011-09-01,United Kingdom,0.4639729789027259,39.99277456647399,Low,44.61705202312139,Nurture / Monitor,85.51458333333333,2,409.53999999999996,33.139583333333334,204.76999999999998,95.00774688991118,Low-cost digital nurture,0.5,2.850232406697335,2.350232406697335,Low-cost nurture communication and continued monitoring,1,1,1164.0
14868,2011-09-01,United Kingdom,0.3476488789495599,26.48121387283237,Low,78.72109826589595,Nurture / Monitor,20.37847222222222,4,1297.07,113.05486111111111,648.535,225.46246570955284,Low-cost digital nurture,0.5,6.763873971286585,6.263873971286585,Low-cost nurture communication and continued monitoring,0,1,381.0
14869,2011-09-01,United Kingdom,0.5155169155567395,47.43497109826589,Low,42.702312138728324,Nurture / Monitor,3.3270833333333334,1,387.06,0.0,193.53,99.7679886676958,Low-cost digital nurture,0.5,2.993039660030874,2.493039660030874,Low-cost nurture communication and continued monitoring,1,1,1102.0
14870,2011-09-01,United Kingdom,0.6038666830712276,61.52456647398844,Medium,36.127167630057805,Nurture / Monitor,161.54791666666668,1,327.25,0.0,163.625,98.80768601752962,Low-cost digital nurture,0.5,2.9642305805258884,2.4642305805258884,Low-cost nurture communication and continued monitoring,1,1,1114.0
14871,2011-09-01,United Kingdom,0.4616342021124759,39.559248554913296,Low,21.53179190751445,Nurture / Monitor,78.45555555555555,2,214.35000000000002,76.9875,107.17500000000001,49.47564561140461,Low-cost digital nurture,0.5,1.4842693683421382,0.9842693683421382,Low-cost nurture communication and continued monitoring,1,0,
14873,2011-09-01,United Kingdom,0.8970963498934997,98.69942196531792,Critical,51.87861271676301,Reactivate Efficiently,110.42222222222222,1,519.68,0.0,259.84,233.10151555632694,Automated targeted campaign,5.0,34.96522733344904,29.965227333449043,Automated re-engagement with targeted product recommendations,1,1,103.0
14875,2011-09-01,United Kingdom,0.4501562194245597,37.89739884393064,Low,81.57514450867052,Protect High Value,7.486111111111111,2,1465.32,155.01875,732.66,329.8114557235979,VIP or loyalty service,12.0,26.38491645788783,14.38491645788783,Proactive loyalty or VIP service without aggressive discounting,1,0,
14878,2011-09-01,United Kingdom,0.27200816693224794,20.592485549132945,Low,59.28468208092485,Nurture / Monitor,73.53194444444445,4,649.13,83.91180555555556,324.565,88.28433070036505,Low-cost digital nurture,0.5,2.6485299210109514,2.1485299210109514,Low-cost nurture communication and continued monitoring,0,1,1223.0
14880,2011-09-01,United Kingdom,0.6252330366520911,65.78757225433526,Medium,22.109826589595375,Nurture / Monitor,85.43958333333333,1,218.47,0.0,109.235,68.29733075869117,Low-cost digital nurture,0.5,2.048919922760735,1.548919922760735,Low-cost nurture communication and continued monitoring,0,0,
14883,2011-09-01,United Kingdom,0.5342045122379369,50.505780346820806,Medium,39.99277456647399,Nurture / Monitor,63.602777777777774,2,358.48,47.988194444444446,179.24,95.7508167735278,Low-cost digital nurture,0.5,2.8725245032058337,2.3725245032058337,Low-cost nurture communication and continued monitoring,0,1,1149.0
14885,2011-09-01,United Kingdom,0.7301563982911089,82.33381502890174,High,64.27023121387283,Reactivate Efficiently,31.49652777777778,1,765.3199999999999,0.0,382.65999999999997,279.4016473700757,Automated targeted campaign,5.0,41.91024710551135,36.91024710551135,Automated re-engagement with targeted product recommendations,1,1,77.0
14886,2011-09-01,United Kingdom,0.7881449972129534,90.71531791907515,Critical,40.64306358381503,Reactivate Efficiently,152.62777777777777,1,364.8,0.0,182.4,143.7576474916427,Automated targeted campaign,5.0,21.563647123746403,16.563647123746403,Automated re-engagement with targeted product recommendations,1,1,162.0
14888,2011-09-01,United Kingdom,0.7494678398877039,85.22398843930635,High,41.148843930635834,Reactivate Efficiently,107.37638888888888,1,369.2,0.0,184.6,138.35176324327014,Automated targeted campaign,5.0,20.75276448649052,15.75276448649052,Automated re-engagement with targeted product recommendations,1,1,169.0
14890,2011-09-01,United Kingdom,0.8540637990094361,96.85693641618496,Critical,8.670520231213873,Reactivate Efficiently,153.50208333333333,1,125.65,0.0,62.825,53.656558172767824,Automated targeted campaign,5.0,8.048483725915172,3.0484837259151725,Automated re-engagement with targeted product recommendations,1,0,
14891,2011-09-01,United Kingdom,0.5590202561284716,54.29913294797688,Medium,54.15462427745664,Nurture / Monitor,48.24444444444445,2,554.38,39.298611111111114,277.19,154.95482479625105,Low-cost digital nurture,0.5,4.648644743887531,4.148644743887531,Low-cost nurture communication and continued monitoring,1,1,647.0
14895,2011-09-01,United Kingdom,0.04084666494543721,3.5765895953757223,Low,95.48410404624278,Protect High Value,10.340277777777779,9,3735.37,139.15625,1867.685,76.2887034186189,VIP or loyalty service,12.0,6.103096273489512,-5.896903726510488,Proactive loyalty or VIP service without aggressive discounting,0,0,
14896,2011-09-01,United Kingdom,0.5174067510497842,47.86849710982659,Low,20.88150289017341,Nurture / Monitor,104.56944444444444,1,211.55,0.0,105.775,54.728699092290924,Low-cost digital nurture,0.5,1.6418609727687277,1.1418609727687277,Low-cost nurture communication and continued monitoring,1,0,
14898,2011-09-01,United Kingdom,0.3547615877331442,27.420520231213874,Low,54.804913294797686,Nurture / Monitor,34.41458333333333,2,567.13,106.01458333333333,283.565,100.59796962554904,Low-cost digital nurture,0.5,3.017939088766471,2.517939088766471,Low-cost nurture communication and continued monitoring,0,1,1091.0
14901,2011-09-01,United Kingdom,0.4173437679279474,33.562138728323696,Low,35.62138728323699,Nurture / Monitor,1.5,2,325.07,20.95625,162.535,67.83296932016893,Low-cost digital nurture,0.5,2.034989079605068,1.5349890796050678,Low-cost nurture communication and continued monitoring,0,0,
14903,2011-09-01,United Kingdom,0.18478418702595725,13.872832369942195,Low,91.4378612716763,Protect High Value,24.470833333333335,4,2398.62,154.0361111111111,1199.31,221.6135233421008,VIP or loyalty service,12.0,17.729081867368063,5.729081867368063,Proactive loyalty or VIP service without aggressive discounting,0,0,
14905,2011-09-01,United Kingdom,0.4472630602001224,37.391618497109825,Low,57.47832369942196,Nurture / Monitor,57.47152777777778,2,616.1500000000001,76.07847222222222,308.07500000000005,137.79056727115272,Low-cost digital nurture,0.5,4.133717018134582,3.6337170181345817,Low-cost nurture communication and continued monitoring,1,1,765.0
14907,2011-09-01,United Kingdom,0.4934143338695774,44.21965317919075,Low,71.45953757225433,Nurture / Monitor,47.56458333333333,1,971.13,0.0,485.565,239.58473102538136,Low-cost digital nurture,0.5,7.187541930761441,6.687541930761441,Low-cost nurture communication and continued monitoring,0,1,348.0
14911,2011-09-01,EIRE,3.95262739602368e-10,0.0361271676300578,Low,99.8193641618497,Protect High Value,5.396527777777778,78,53757.58,165.09305555555557,26878.79,1.0624184172596734e-05,VIP or loyalty service,12.0,8.499347338077388e-07,-11.999999150065266,Proactive loyalty or VIP service without aggressive discounting,0,0,
14912,2011-09-01,Italy,0.6971884034831398,77.27601156069365,Medium,50.03612716763006,Nurture / Monitor,146.5375,1,482.78999999999996,0.0,241.39499999999998,168.29779465881253,Low-cost digital nurture,0.5,5.048933839764376,4.548933839764376,Low-cost nurture communication and continued monitoring,0,1,572.0
14913,2011-09-01,United Kingdom,0.46983807611855366,40.67919075144509,Low,57.51445086705203,Nurture / Monitor,83.40694444444445,2,616.28,90.21319444444444,308.14,144.7759047751711,Low-cost digital nurture,0.5,4.343277143255134,3.8432771432551336,Low-cost nurture communication and continued monitoring,0,1,709.0
14915,2011-09-01,United Kingdom,0.5939794899735152,60.187861271676304,Medium,11.307803468208093,Nurture / Monitor,177.59791666666666,1,142.28,0.0,71.14,42.255700916715874,Low-cost digital nurture,0.5,1.2676710275014762,0.7676710275014762,Low-cost nurture communication and continued monitoring,0,0,
14916,2011-09-01,United Kingdom,0.4812506374895338,42.66618497109826,Low,44.25578034682081,Nurture / Monitor,49.55694444444445,1,406.22999999999996,0.0,203.11499999999998,97.74922323368665,Low-cost digital nurture,0.5,2.9324766970105993,2.4324766970105993,Low-cost nurture communication and continued monitoring,0,1,1123.0
14918,2011-09-01,United Kingdom,0.3688236492091995,28.973988439306357,Low,84.0679190751445,Protect High Value,15.506944444444445,2,1610.15,38.958333333333336,805.075,296.9306993870963,VIP or loyalty service,12.0,23.754455950967703,11.754455950967703,Proactive loyalty or VIP service without aggressive discounting,1,0,
14920,2011-09-01,United Kingdom,0.824359413077474,95.1228323699422,Critical,71.60404624277457,Reactivate Efficiently,112.56111111111112,2,977.77,0.0006944444444444445,488.885,403.01695166238085,Automated targeted campaign,5.0,60.45254274935712,55.45254274935712,Automated re-engagement with targeted product recommendations,1,1,31.0
14921,2011-09-01,United Kingdom,0.696917395129892,77.23988439306359,Medium,69.32803468208093,Nurture / Monitor,101.46458333333334,1,903.01,0.0,451.505,314.6616884881219,Low-cost digital nurture,0.5,9.439850654643656,8.939850654643656,Low-cost nurture communication and continued monitoring,0,1,276.0
14924,2011-09-01,United Kingdom,0.8690113682641356,97.50722543352602,Critical,33.417630057803464,Reactivate Efficiently,145.60763888888889,1,310.05,0.0,155.025,134.71848736514764,Automated targeted campaign,5.0,20.207773104772144,15.207773104772144,Automated re-engagement with targeted product recommendations,1,1,181.0
14930,2011-09-01,Channel Islands,0.5618825547816397,55.09393063583815,Medium,91.14884393063583,Protect High Value,8.561805555555555,3,2362.96,165.82569444444445,1181.48,663.8530008234118,VIP or loyalty service,12.0,53.10824006587294,41.10824006587294,Proactive loyalty or VIP service without aggressive discounting,1,1,61.0
14931,2011-09-01,Channel Islands,0.8140812146200374,94.07514450867052,Critical,24.67485549132948,Reactivate Efficiently,140.6027777777778,1,243.0,0.0,121.5,98.91086757633454,Automated targeted campaign,5.0,14.83663013645018,9.83663013645018,Automated re-engagement with targeted product recommendations,0,0,
14936,2011-09-01,Channel Islands,0.28416850763116575,21.56791907514451,Low,97.03757225433526,Protect High Value,8.479166666666666,3,5072.88,167.02569444444444,2536.44,720.776369495994,VIP or loyalty service,12.0,57.66210955967952,45.66210955967952,Proactive loyalty or VIP service without aggressive discounting,0,1,50.0
14937,2011-09-01,Channel Islands,0.6971992382057212,77.3121387283237,Medium,63.90895953757225,Nurture / Monitor,30.405555555555555,1,759.56,0.0,379.78,264.78232668576874,Low-cost digital nurture,0.5,7.9434698005730615,7.4434698005730615,Low-cost nurture communication and continued monitoring,0,1,319.0
14944,2011-09-01,United Kingdom,0.28309425084456497,21.459537572254337,Low,85.80202312138728,Protect High Value,44.610416666666666,4,1753.44,72.89652777777778,876.72,248.194391600447,VIP or loyalty service,12.0,19.855551328035762,7.855551328035762,Proactive loyalty or VIP service without aggressive discounting,0,0,
14947,2011-09-01,United Kingdom,0.6042236183066009,61.74132947976878,Medium,16.654624277456648,Nurture / Monitor,30.603472222222223,1,178.5,0.0,89.25,53.92695793386413,Low-cost digital nurture,0.5,1.6178087380159238,1.1178087380159238,Low-cost nurture communication and continued monitoring,0,0,
14948,2011-09-01,United Kingdom,0.3876702398794084,30.81647398843931,Low,54.190751445086704,Nurture / Monitor,9.532638888888888,3,556.87,109.84791666666666,278.435,107.94096324082308,Low-cost digital nurture,0.5,3.238228897224692,2.738228897224692,Low-cost nurture communication and continued monitoring,0,1,1024.0
14952,2011-09-01,United Kingdom,0.27553731680948707,20.809248554913296,Low,79.6965317919075,Nurture / Monitor,106.64027777777778,4,1350.78,0.8284722222222223,675.39,186.09514839995947,Low-cost digital nurture,0.5,5.5828544519987835,5.0828544519987835,Low-cost nurture communication and continued monitoring,0,1,494.0
14957,2011-09-01,United Kingdom,0.9059175555471366,99.02456647398844,Critical,1.9508670520231215,Reactivate Efficiently,153.25069444444443,1,58.49,0.0,29.245,26.49355891197601,Automated targeted campaign,5.0,3.9740338367964014,-1.0259661632035986,Automated re-engagement with targeted product recommendations,1,0,
14958,2011-09-01,United Kingdom,0.5253196491668807,49.20520231213873,Low,50.07225433526011,Nurture / Monitor,47.40277777777778,3,483.72999999999996,98.11944444444444,241.86499999999998,127.05643694574758,Low-cost digital nurture,0.5,3.811693108372427,3.311693108372427,Low-cost nurture communication and continued monitoring,1,1,843.0
14959,2011-09-01,United Kingdom,0.49110764117237826,43.93063583815029,Low,40.101156069364166,Nurture / Monitor,9.605555555555556,2,358.65999999999997,105.90972222222223,179.32999999999998,88.07033329144258,Low-cost digital nurture,0.5,2.6421099987432775,2.1421099987432775,Low-cost nurture communication and continued monitoring,0,1,1230.0
14960,2011-09-01,United Kingdom,0.7876646463219912,90.67919075144508,Critical,3.7933526011560694,Reactivate Efficiently,71.43194444444444,1,88.3,0.0,44.15,34.77539413511591,Automated targeted campaign,5.0,5.216309120267386,0.21630912026738613,Automated re-engagement with targeted product recommendations,1,0,
14961,2011-09-01,United Kingdom,0.2645611798136442,19.978323699421967,Low,86.38005780346822,Protect High Value,54.35486111111111,3,1803.95,92.21458333333334,901.975,238.62757016241173,VIP or loyalty service,12.0,19.09020561299294,7.090205612992939,Proactive loyalty or VIP service without aggressive discounting,0,0,
14962,2011-09-01,United Kingdom,0.8117358145083425,93.67774566473989,Critical,8.851156069364162,Reactivate Efficiently,170.59583333333333,1,126.7,0.0,63.35,51.4234638491035,Automated targeted campaign,5.0,7.713519577365524,2.713519577365524,Automated re-engagement with targeted product recommendations,1,0,
14963,2011-09-01,United Kingdom,0.5576381534392865,53.90173410404624,Medium,29.949421965317917,Nurture / Monitor,83.47916666666667,1,294.2,0.0,147.1,82.02857237091904,Low-cost digital nurture,0.5,2.460857171127571,1.960857171127571,Low-cost nurture communication and continued monitoring,0,0,
14964,2011-09-01,United Kingdom,0.8121271425542141,93.75,Critical,20.122832369942195,Reactivate Efficiently,147.4076388888889,1,206.21,0.0,103.105,83.73436903305225,Automated targeted campaign,5.0,12.560155354957837,7.560155354957837,Automated re-engagement with targeted product recommendations,1,0,
14970,2011-09-01,United Kingdom,0.39592308424440265,31.502890173410403,Low,64.88439306358381,Nurture / Monitor,37.385416666666664,2,782.25,115.05,391.125,154.855416325092,Low-cost digital nurture,0.5,4.64566248975276,4.14566248975276,Low-cost nurture communication and continued monitoring,0,1,648.0
14972,2011-09-01,United Kingdom,0.7567729718715832,86.30780346820809,High,7.297687861271676,Reactivate Efficiently,28.379166666666666,1,114.77,0.0,57.385,43.4274169908508,Automated targeted campaign,5.0,6.51411254862762,1.5141125486276197,Automated re-engagement with targeted product recommendations,1,0,
14973,2011-09-01,United Kingdom,0.4234527731365417,34.28468208092485,Low,79.04624277456648,Nurture / Monitor,7.339583333333334,3,1314.45,118.1451388888889,657.225,278.30374882466367,Low-cost digital nurture,0.5,8.34911246473991,7.84911246473991,Low-cost nurture communication and continued monitoring,1,1,300.0
14976,2011-09-01,United Kingdom,0.28141983351127337,21.315028901734102,Low,43.966763005780344,Nurture / Monitor,1.2756944444444445,3,404.01,173.1951388888889,202.005,56.848213468444776,Low-cost digital nurture,0.5,1.7054464040533432,1.2054464040533432,Low-cost nurture communication and continued monitoring,0,0,
14978,2011-09-01,United Kingdom,0.518467399730833,48.15751445086705,Low,43.533236994219656,Nurture / Monitor,135.54513888888889,1,394.83000000000004,0.0,197.41500000000002,102.3532417178624,Low-cost digital nurture,0.5,3.070597251535872,2.570597251535872,Low-cost nurture communication and continued monitoring,0,1,1075.0
14981,2011-09-01,United Kingdom,0.7515831756469498,85.51300578034682,High,5.057803468208093,Reactivate Efficiently,146.42708333333334,1,102.12,0.0,51.06,38.375836948533255,Automated targeted campaign,5.0,5.756375542279988,0.7563755422799883,Automated re-engagement with targeted product recommendations,1,0,
14984,2011-09-01,United Kingdom,0.6281130087701008,66.29335260115607,Medium,5.09393063583815,Nurture / Monitor,80.53888888888889,1,102.23,0.0,51.115,32.1059964432837,Low-cost digital nurture,0.5,0.963179893298511,0.46317989329851095,Low-cost nurture communication and continued monitoring,0,0,
14985,2011-09-01,United Kingdom,0.6743308795930048,73.80780346820809,Medium,15.787572254335261,Nurture / Monitor,98.39652777777778,1,172.24,0.0,86.12,58.073375350549576,Low-cost digital nurture,0.5,1.7422012605164872,1.2422012605164872,Low-cost nurture communication and continued monitoring,1,0,
14988,2011-09-01,United Kingdom,0.5761564308136925,57.153179190751445,Medium,37.391618497109825,Nurture / Monitor,111.49652777777777,1,334.54,0.0,167.27,96.37368618220636,Low-cost digital nurture,0.5,2.8912105854661907,2.3912105854661907,Low-cost nurture communication and continued monitoring,1,1,1139.0
14997,2011-09-01,United Kingdom,0.9259484988307792,99.63872832369943,Critical,13.222543352601157,Reactivate Efficiently,78.29722222222222,1,155.28,0.0,77.64,71.8906414492217,Automated targeted campaign,5.0,10.783596217383256,5.783596217383256,Automated re-engagement with targeted product recommendations,0,0,
14998,2011-09-01,United Kingdom,0.5828146402324951,58.27312138728323,Medium,45.267341040462426,Nurture / Monitor,70.27083333333333,2,414.87,71.04305555555555,207.435,120.89615489662762,Low-cost digital nurture,0.5,3.6268846468988283,3.1268846468988283,Low-cost nurture communication and continued monitoring,1,1,886.0
15002,2011-09-01,United Kingdom,0.35459425266651756,27.38439306358382,Low,50.61416184971098,Nurture / Monitor,15.552777777777777,1,494.17,0.0,247.085,87.6149209201065,Low-cost digital nurture,0.5,2.6284476276031947,2.1284476276031947,Low-cost nurture communication and continued monitoring,1,1,1237.0
15004,2011-09-01,United Kingdom,0.5040996809460521,45.917630057803464,Low,77.27601156069365,Nurture / Monitor,47.41319444444444,1,1220.38,0.0,610.19,307.59658431647154,Low-cost digital nurture,0.5,9.227897529494145,8.727897529494145,Low-cost nurture communication and continued monitoring,1,1,279.0
15005,2011-09-01,United Kingdom,0.010134651193633024,1.625722543352601,Low,94.2557803468208,Protect High Value,8.358333333333333,14,3210.27,162.0361111111111,1605.135,16.267483343692145,VIP or loyalty service,12.0,1.3013986674953717,-10.698601332504628,Proactive loyalty or VIP service without aggressive discounting,0,0,
15007,2011-09-01,United Kingdom,0.7444924031124509,84.35693641618496,High,13.547687861271676,Reactivate Efficiently,59.333333333333336,1,156.91,0.0,78.455,58.40915148618733,Automated targeted campaign,5.0,8.7613727229281,3.7613727229280993,Automated re-engagement with targeted product recommendations,1,0,
15014,2011-09-01,United Kingdom,0.8142561913439298,94.11127167630057,Critical,7.658959537572255,Reactivate Efficiently,76.18055555555556,1,117.72999999999999,0.0,58.864999999999995,47.93119070346042,Automated targeted campaign,5.0,7.189678605519063,2.189678605519063,Automated re-engagement with targeted product recommendations,0,0,
15016,2011-09-01,United Kingdom,0.5794072061945328,57.65895953757225,Medium,15.498554913294798,Nurture / Monitor,72.49583333333334,1,170.04,0.0,85.02,49.26120067065918,Low-cost digital nurture,0.5,1.4778360201197753,0.9778360201197753,Low-cost nurture communication and continued monitoring,1,0,
15018,2011-09-01,United Kingdom,0.6841447724063716,75.2528901734104,Medium,17.015895953757227,Nurture / Monitor,152.5861111111111,1,180.09,0.0,90.045,61.60381603133173,Low-cost digital nurture,0.5,1.848114480939952,1.348114480939952,Low-cost nurture communication and continued monitoring,0,0,
15019,2011-09-01,United Kingdom,0.7568075371312708,86.34393063583815,High,25.86705202312139,Reactivate Efficiently,166.47569444444446,1,252.81,0.0,126.405,95.66425673107828,Automated targeted campaign,5.0,14.349638509661743,9.349638509661743,Automated re-engagement with targeted product recommendations,1,0,
15021,2011-09-01,United Kingdom,0.2496259080631833,18.713872832369944,Low,68.67774566473989,Nurture / Monitor,56.50555555555555,4,882.14,104.97777777777777,441.07,110.10249926942825,Low-cost digital nurture,0.5,3.3030749780828472,2.8030749780828472,Low-cost nurture communication and continued monitoring,0,1,994.0
15023,2011-09-01,United Kingdom,0.06605390352623432,5.816473988439307,Low,95.88150289017341,Protect High Value,16.370833333333334,6,4024.7200000000003,160.05,2012.3600000000001,132.9242333000529,VIP or loyalty service,12.0,10.633938664004232,-1.3660613359957683,Proactive loyalty or VIP service without aggressive discounting,0,0,
15024,2011-09-01,United Kingdom,0.34898360094396835,26.77023121387283,Low,12.427745664739884,Nurture / Monitor,13.199305555555556,2,150.03,16.252777777777776,75.015,26.179004824811788,Low-cost digital nurture,0.5,0.7853701447443536,0.2853701447443536,Low-cost nurture communication and continued monitoring,0,0,
15026,2011-09-01,United Kingdom,0.5487137937674177,52.42052023121387,Medium,23.302023121387283,Nurture / Monitor,140.39930555555554,2,230.78,37.02777777777778,115.39,63.31608466282233,Low-cost digital nurture,0.5,1.8994825398846698,1.3994825398846698,Low-cost nurture communication and continued monitoring,0,0,
15027,2011-09-01,United Kingdom,0.47691706474534545,41.87138728323699,Low,71.35115606936417,Nurture / Monitor,68.39375,3,966.97,70.01319444444445,483.485,230.58224704840336,Low-cost digital nurture,0.5,6.9174674114521,6.4174674114521,Low-cost nurture communication and continued monitoring,0,1,372.0
15030,2011-09-01,United Kingdom,0.6739786604516506,73.73554913294798,Medium,12.969653179190752,Nurture / Monitor,168.3513888888889,1,152.76,0.0,76.38,51.47849008529707,Low-cost digital nurture,0.5,1.544354702558912,1.044354702558912,Low-cost nurture communication and continued monitoring,0,0,
15031,2011-09-01,United Kingdom,0.3677413251565107,28.86560693641618,Low,6.105491329479769,Nurture / Monitor,10.350694444444445,1,110.96000000000001,0.0,55.480000000000004,20.402288719683217,Low-cost digital nurture,0.5,0.6120686615904964,0.11206866159049644,Low-cost nurture communication and continued monitoring,0,0,
15032,2011-09-01,United Kingdom,0.45782512071558035,38.76445086705203,Low,90.17341040462428,Protect High Value,156.37291666666667,1,2188.5,0.0,1094.25,500.9751383430238,VIP or loyalty service,12.0,40.078011067441906,28.078011067441906,Proactive loyalty or VIP service without aggressive discounting,1,0,
15033,2011-09-01,United Kingdom,0.14307338562506378,11.307803468208093,Low,73.73554913294798,Nurture / Monitor,9.430555555555555,5,1049.1000000000001,147.05416666666667,524.5500000000001,75.04914442962722,Low-cost digital nurture,0.5,2.2514743328888165,1.7514743328888165,Low-cost nurture communication and continued monitoring,0,0,
15034,2011-09-01,United Kingdom,0.4513853614449559,38.00578034682081,Low,77.70953757225433,Nurture / Monitor,132.53958333333333,3,1236.53,46.02569444444445,618.265,279.0757704937657,Low-cost digital nurture,0.5,8.37227311481297,7.87227311481297,Low-cost nurture communication and continued monitoring,0,1,298.0
15036,2011-09-01,United Kingdom,0.6078770305223931,62.7528901734104,Medium,21.026011560693643,Nurture / Monitor,77.43402777777777,2,212.49,2.0527777777777776,106.245,64.58389510785166,Low-cost digital nurture,0.5,1.9375168532355498,1.4375168532355498,Low-cost nurture communication and continued monitoring,0,0,
15038,2011-09-01,United Kingdom,0.47824526552513735,42.232658959537574,Low,41.97976878612717,Nurture / Monitor,87.53194444444445,3,378.82,55.97847222222222,189.41,90.58443574311626,Low-cost digital nurture,0.5,2.7175330722934876,2.2175330722934876,Low-cost nurture communication and continued monitoring,0,1,1200.0
15039,2011-09-01,United Kingdom,0.0021853107348338116,0.9031791907514451,Low,98.84393063583815,Protect High Value,14.48611111111111,23,11372.140000000001,163.0611111111111,5686.070000000001,12.425829810016493,VIP or loyalty service,12.0,0.9940663848013195,-11.00593361519868,Proactive loyalty or VIP service without aggressive discounting,0,0,
15041,2011-09-01,United Kingdom,0.7479483164550168,84.97109826589595,High,16.979768786127167,Reactivate Efficiently,70.32222222222222,1,179.93,0.0,89.965,67.28917028987559,Automated targeted campaign,5.0,10.093375543481338,5.093375543481338,Automated re-engagement with targeted product recommendations,1,0,
15042,2011-09-01,United Kingdom,0.9081106404098648,99.09682080924856,Critical,10.079479768786127,Reactivate Efficiently,99.31597222222223,1,135.93,0.0,67.965,61.71973967545646,Automated targeted campaign,5.0,9.257960951318468,4.257960951318468,Automated re-engagement with targeted product recommendations,1,0,
15044,2011-09-01,United Kingdom,0.10614238500512499,8.851156069364162,Low,88.04190751445087,Protect High Value,36.41875,6,1984.08,126.09305555555555,992.04,105.2974916204842,VIP or loyalty service,12.0,8.423799329638737,-3.5762006703612634,Proactive loyalty or VIP service without aggressive discounting,0,0,
15045,2011-09-01,United Kingdom,0.6073493585572612,62.608381502890175,Medium,62.7528901734104,Nurture / Monitor,51.51875,2,735.66,105.99236111111111,367.83,223.4013145581174,Low-cost digital nurture,0.5,6.702039436743522,6.202039436743522,Low-cost nurture communication and continued monitoring,1,1,386.0
15046,2011-09-01,United Kingdom,0.15310387789880742,11.99421965317919,Low,92.44942196531792,Protect High Value,27.37013888888889,5,2634.29,113.14375,1317.145,201.66000725502468,VIP or loyalty service,12.0,16.132800580401973,4.132800580401973,Proactive loyalty or VIP service without aggressive discounting,0,0,
15047,2011-09-01,United Kingdom,0.7948328143228685,91.54624277456648,Critical,38.403179190751445,Reactivate Efficiently,169.54930555555555,1,343.62,0.0,171.81,136.56022582881204,Automated targeted campaign,5.0,20.484033874321806,15.484033874321806,Automated re-engagement with targeted product recommendations,1,1,175.0
15048,2011-09-01,United Kingdom,0.511884854897356,46.96531791907515,Low,22.290462427745663,Nurture / Monitor,16.581944444444446,2,222.78000000000003,103.93194444444444,111.39000000000001,57.01885398701649,Low-cost digital nurture,0.5,1.7105656196104946,1.2105656196104946,Low-cost nurture communication and continued monitoring,0,0,
15049,2011-09-01,United Kingdom,0.8439708588882953,96.13439306358381,Critical,8.20086705202312,Reactivate Efficiently,173.4909722222222,1,121.17000000000002,0.0,60.58500000000001,51.13197448574738,Automated targeted campaign,5.0,7.669796172862107,2.6697961728621067,Automated re-engagement with targeted product recommendations,1,0,
15051,2011-09-01,United Kingdom,0.47956922218617404,42.44942196531792,Low,41.94364161849711,Nurture / Monitor,50.35486111111111,1,377.74,0.0,188.87,90.5762389943027,Low-cost digital nurture,0.5,2.717287169829081,2.217287169829081,Low-cost nurture communication and continued monitoring,0,1,1201.0
15053,2011-09-01,United Kingdom,0.6394669064559351,68.20809248554913,Medium,26.11994219653179,Nurture / Monitor,56.454166666666666,1,255.95,0.0,127.975,81.83577735369829,Low-cost digital nurture,0.5,2.4550733206109485,1.9550733206109485,Low-cost nurture communication and continued monitoring,1,0,
15057,2011-09-01,United Kingdom,0.6615869273502493,71.71242774566474,Medium,40.028901734104046,Nurture / Monitor,175.36319444444445,1,358.5,0.0,179.25,118.58945672753218,Low-cost digital nurture,0.5,3.5576837018259653,3.0576837018259653,Low-cost nurture communication and continued monitoring,1,1,900.0
15058,2011-09-01,United Kingdom,0.2927286755162365,22.326589595375722,Low,64.19797687861272,Nurture / Monitor,24.553472222222222,4,764.19,118.89027777777778,382.095,111.85016327137639,Low-cost digital nurture,0.5,3.3555048981412914,2.8555048981412914,Low-cost nurture communication and continued monitoring,0,1,972.0
15059,2011-09-01,United Kingdom,0.20753429713730165,15.751445086705202,Low,58.70664739884393,Nurture / Monitor,7.4430555555555555,4,638.69,108.03194444444445,319.345,66.2750401193116,Low-cost digital nurture,0.5,1.9882512035793478,1.4882512035793478,Low-cost nurture communication and continued monitoring,0,0,
15061,2011-09-01,United Kingdom,0.00012613861726144785,0.4335260115606936,Low,99.0606936416185,Protect High Value,27.552083333333332,17,13050.859999999999,142.90694444444443,6525.429999999999,0.8231087172363696,VIP or loyalty service,12.0,0.06584869737890957,-11.93415130262109,Proactive loyalty or VIP service without aggressive discounting,0,0,
15062,2011-09-01,United Kingdom,0.44050664716128063,36.48843930635838,Low,39.414739884393065,Nurture / Monitor,117.57013888888889,1,353.06,0.0,176.53,77.76263842338086,Low-cost digital nurture,0.5,2.332879152701426,1.8328791527014259,Low-cost nurture communication and continued monitoring,0,0,
15063,2011-09-01,United Kingdom,0.8079736543873831,93.20809248554913,Critical,41.32947976878613,Reactivate Efficiently,113.44097222222223,1,370.79999999999995,0.0,185.39999999999998,149.7983155234208,Automated targeted campaign,5.0,22.46974732851312,17.46974732851312,Automated re-engagement with targeted product recommendations,1,1,158.0
15065,2011-09-01,United Kingdom,0.3734041180661701,29.515895953757227,Low,89.01734104046243,Protect High Value,64.5111111111111,2,2085.09,63.00694444444444,1042.545,389.2905962692953,VIP or loyalty service,12.0,31.143247701543626,19.143247701543626,Proactive loyalty or VIP service without aggressive discounting,0,0,
15068,2011-09-01,United Kingdom,0.6294315113195242,66.61849710982659,Medium,24.313583815028903,Nurture / Monitor,156.39791666666667,1,239.95999999999998,0.0,119.97999999999999,75.51919272811651,Low-cost digital nurture,0.5,2.265575781843495,1.765575781843495,Low-cost nurture communication and continued monitoring,0,0,
15069,2011-09-01,United Kingdom,0.6452266482657404,69.03901734104046,Medium,75.1806358381503,Nurture / Monitor,79.40555555555555,1,1109.53,0.0,554.765,357.94916152514344,Low-cost digital nurture,0.5,10.738474845754302,10.238474845754302,Low-cost nurture communication and continued monitoring,1,1,259.0
15071,2011-09-01,United Kingdom,0.6876748109525291,75.83092485549133,Medium,55.63583815028902,Nurture / Monitor,175.5701388888889,1,588.6700000000001,0.0,294.33500000000004,202.40676548171268,Low-cost digital nurture,0.5,6.07220296445138,5.57220296445138,Low-cost nurture communication and continued monitoring,0,1,446.0
15073,2011-09-01,United Kingdom,0.514293174484971,47.25433526011561,Low,67.66618497109826,Nurture / Monitor,85.5,2,861.96,1.0840277777777778,430.98,221.6500723395328,Low-cost digital nurture,0.5,6.649502170185984,6.149502170185984,Low-cost nurture communication and continued monitoring,1,1,391.0
15074,2011-09-01,United Kingdom,0.7020486335734208,78.2514450867052,Medium,62.78901734104046,Nurture / Monitor,5.385416666666667,1,735.67,0.0,367.835,258.23805913047926,Low-cost digital nurture,0.5,7.747141773914377,7.247141773914377,Low-cost nurture communication and continued monitoring,1,1,325.0
15076,2011-09-01,United Kingdom,0.7438630472561208,84.21242774566474,High,68.53323699421965,Reactivate Efficiently,72.65069444444444,1,880.85,0.0,440.425,327.61588258777704,Automated targeted campaign,5.0,49.14238238816655,44.14238238816655,Automated re-engagement with targeted product recommendations,1,1,53.0
15078,2011-09-01,United Kingdom,0.017305985778451657,2.239884393063584,Low,96.27890173410405,Protect High Value,5.528472222222222,15,4483.950000000001,154.85208333333333,2241.9750000000004,38.79958746564416,VIP or loyalty service,12.0,3.1039669972515327,-8.896033002748467,Proactive loyalty or VIP service without aggressive discounting,0,0,
15079,2011-09-01,United Kingdom,0.5449441621952035,51.87861271676301,Medium,42.66618497109826,Nurture / Monitor,112.46875,2,386.37,0.0006944444444444445,193.185,105.27503797368038,Low-cost digital nurture,0.5,3.1582511392104116,2.6582511392104116,Low-cost nurture communication and continued monitoring,1,1,1053.0
15081,2011-09-01,United Kingdom,0.5512044638678412,52.8179190751445,Medium,10.260115606936417,Nurture / Monitor,108.43680555555555,1,136.9,0.0,68.45,37.72994555175373,Low-cost digital nurture,0.5,1.131898366552612,0.6318983665526119,Low-cost nurture communication and continued monitoring,0,0,
15083,2011-09-01,United Kingdom,0.8244713026209632,95.15895953757226,Critical,3.7572254335260116,Reactivate Efficiently,156.4875,1,88.2,0.0,44.1,36.35918444558448,Automated targeted campaign,5.0,5.4538776668376725,0.4538776668376725,Automated re-engagement with targeted product recommendations,1,0,
15089,2011-09-01,United Kingdom,0.34867375678257984,26.697976878612717,Low,84.86271676300578,Protect High Value,8.430555555555555,2,1677.23,19.976388888888888,838.615,292.4030425442232,VIP or loyalty service,12.0,23.392243403537854,11.392243403537854,Proactive loyalty or VIP service without aggressive discounting,0,0,
15092,2011-09-01,United Kingdom,0.6519316682951574,70.15895953757226,Medium,9.826589595375722,Nurture / Monitor,115.40972222222223,1,134.65,0.0,67.325,43.89129956797147,Low-cost digital nurture,0.5,1.3167389870391442,0.8167389870391442,Low-cost nurture communication and continued monitoring,1,0,
15093,2011-09-01,United Kingdom,0.21448853381785274,16.40173410404624,Low,80.85260115606935,Protect High Value,16.584027777777777,2,1423.8899999999999,89.93819444444445,711.9449999999999,152.70403920895114,VIP or loyalty service,12.0,12.216323136716092,0.21632313671609182,Proactive loyalty or VIP service without aggressive discounting,0,0,
15095,2011-09-01,United Kingdom,0.3339553269689636,25.325144508670522,Low,80.02167630057804,Protect High Value,3.4993055555555554,4,1370.6,99.89861111111111,685.3,228.85958557183073,VIP or loyalty service,12.0,18.308766845746458,6.308766845746458,Proactive loyalty or VIP service without aggressive discounting,1,0,
15098,2011-09-01,United Kingdom,0.19495519599155275,14.776011560693641,Low,99.7471098265896,Protect High Value,82.35208333333334,3,39916.5,0.007638888888888889,19958.25,3890.9645403984077,VIP or loyalty service,12.0,311.27716323187263,299.27716323187263,Proactive loyalty or VIP service without aggressive discounting,1,1,2.0
15104,2011-09-01,United Kingdom,0.5584195797220383,54.11849710982659,Medium,57.65895953757225,Nurture / Monitor,96.4798611111111,1,618.9,0.0,309.45,172.80293894498473,Low-cost digital nurture,0.5,5.1840881683495414,4.6840881683495414,Low-cost nurture communication and continued monitoring,1,1,552.0
15105,2011-09-01,United Kingdom,0.7062050864161139,78.9378612716763,Medium,52.89017341040463,Nurture / Monitor,34.577083333333334,1,532.98,0.0,266.49,188.1965934790302,Low-cost digital nurture,0.5,5.6458978043709065,5.1458978043709065,Low-cost nurture communication and continued monitoring,0,1,488.0
15106,2011-09-01,United Kingdom,0.2696582496152285,20.447976878612717,Low,73.26589595375722,Nurture / Monitor,41.290277777777774,3,1032.83,128.17361111111111,516.415,139.2555649750482,Low-cost digital nurture,0.5,4.177666949251446,3.6776669492514458,Low-cost nurture communication and continued monitoring,0,1,756.0
15108,2011-09-01,European Community,0.3603625098789786,27.96242774566474,Low,76.40895953757226,Nurture / Monitor,41.56666666666667,3,1159.25,85.97916666666667,579.625,208.87511978860297,Low-cost digital nurture,0.5,6.266253593658089,5.766253593658089,Low-cost nurture communication and continued monitoring,1,1,429.0
15109,2011-09-01,United Kingdom,0.7803642813062985,89.59537572254335,High,50.144508670520224,Reactivate Efficiently,145.5847222222222,1,484.95,0.0,242.475,189.21882910974475,Automated targeted campaign,5.0,28.382824366461712,23.382824366461712,Automated re-engagement with targeted product recommendations,1,1,125.0
15110,2011-09-01,United Kingdom,0.48673303019860037,43.388728323699425,Low,20.158959537572255,Nurture / Monitor,26.60763888888889,1,206.9,0.0,103.45,50.352531974045206,Low-cost digital nurture,0.5,1.5105759592213561,1.0105759592213561,Low-cost nurture communication and continued monitoring,0,0,
15114,2011-09-01,United Kingdom,0.16358070187133184,12.716763005780345,Low,74.7471098265896,Nurture / Monitor,16.324305555555554,5,1094.96,129.2902777777778,547.48,89.55716266051675,Low-cost digital nurture,0.5,2.6867148798155025,2.1867148798155025,Low-cost nurture communication and continued monitoring,0,1,1209.0
15116,2011-09-01,United Kingdom,0.5578710566729723,54.08236994219653,Medium,65.13728323699422,Nurture / Monitor,34.59166666666667,2,790.97,70.04027777777777,395.485,220.62963484831047,Low-cost digital nurture,0.5,6.618889045449314,6.118889045449314,Low-cost nurture communication and continued monitoring,0,1,394.0
15117,2011-09-01,United Kingdom,0.6283638304198154,66.47398843930635,Medium,60.36849710982659,Nurture / Monitor,20.50625,2,675.73,94.96736111111112,337.865,212.30214556479092,Low-cost digital nurture,0.5,6.369064366943728,5.869064366943728,Low-cost nurture communication and continued monitoring,0,1,415.0
15118,2011-09-01,United Kingdom,0.7875165779180998,90.64306358381504,Critical,24.891618497109828,Reactivate Efficiently,34.37916666666667,1,244.8,0.0,122.4,96.39202913717543,Automated targeted campaign,5.0,14.458804370576313,9.458804370576313,Automated re-engagement with targeted product recommendations,1,0,
15119,2011-09-01,United Kingdom,0.7944795835029973,91.51011560693641,Critical,27.095375722543352,Reactivate Efficiently,145.61944444444444,1,266.4,0.0,133.2,105.82468052259924,Automated targeted campaign,5.0,15.873702078389885,10.873702078389885,Automated re-engagement with targeted product recommendations,1,0,
15120,2011-09-01,United Kingdom,0.6801485486177371,74.78323699421965,Medium,40.13728323699422,Nurture / Monitor,33.59166666666667,1,358.82,0.0,179.41,122.02545110750822,Low-cost digital nurture,0.5,3.6607635332252464,3.1607635332252464,Low-cost nurture communication and continued monitoring,1,1,875.0
15122,2011-09-01,United Kingdom,0.3453990770734455,26.445086705202314,Low,77.74566473988439,Nurture / Monitor,14.3,2,1236.74,89.8861111111111,618.37,213.5844272899065,Low-cost digital nurture,0.5,6.407532818697195,5.907532818697195,Low-cost nurture communication and continued monitoring,1,1,413.0
15123,2011-09-01,United Kingdom,0.621000490292435,65.02890173410405,Medium,74.0606936416185,Nurture / Monitor,106.37708333333333,1,1069.47,0.0,534.735,332.07069717652524,Low-cost digital nurture,0.5,9.962120915295756,9.462120915295756,Low-cost nurture communication and continued monitoring,1,1,267.0
15124,2011-09-01,United Kingdom,0.7334360690091608,82.8034682080925,High,4.010115606936416,Reactivate Efficiently,91.62083333333334,1,90.75,0.0,45.375,33.27966163129067,Automated targeted campaign,5.0,4.9919492446936005,-0.008050755306399537,Automated re-engagement with targeted product recommendations,0,0,
15125,2011-09-01,United Kingdom,0.036731171650444094,3.4682080924855487,Low,98.80780346820809,Protect High Value,13.256944444444445,12,10795.48,157.32708333333332,5397.74,198.2653144644681,VIP or loyalty service,12.0,15.861225157157449,3.861225157157449,Proactive loyalty or VIP service without aggressive discounting,0,0,
15128,2011-09-01,United Kingdom,0.40424805557100923,32.11705202312139,Low,76.62572254335261,Nurture / Monitor,26.561805555555555,3,1170.24,92.91597222222222,585.12,236.53362227570892,Low-cost digital nurture,0.5,7.096008668271267,6.596008668271267,Low-cost nurture communication and continued monitoring,0,1,353.0
15129,2011-09-01,United Kingdom,0.058461619437808775,5.202312138728324,Low,91.54624277456648,Protect High Value,6.552083333333333,9,2441.33,148.90277777777777,1220.665,71.36205269105285,VIP or loyalty service,12.0,5.708964215284229,-6.291035784715771,Proactive loyalty or VIP service without aggressive discounting,0,0,
15130,2011-09-01,United Kingdom,0.7172598439181834,80.45520231213872,High,36.74132947976879,Reactivate Efficiently,69.57291666666667,1,330.11,0.0,165.055,118.38732353791578,Automated targeted campaign,5.0,17.758098530687366,12.758098530687366,Automated re-engagement with targeted product recommendations,1,1,232.0
15132,2011-09-01,United Kingdom,0.3236491527563741,24.63872832369942,Low,66.90751445086705,Nurture / Monitor,5.509027777777778,3,842.23,156.98958333333334,421.115,136.2935129630005,Low-cost digital nurture,0.5,4.088805388890015,3.588805388890015,Low-cost nurture communication and continued monitoring,0,1,778.0
15133,2011-09-01,United Kingdom,0.5156271531791264,47.471098265895954,Low,59.320809248554916,Nurture / Monitor,27.552777777777777,2,649.22,129.99166666666667,324.61,167.37773019347625,Low-cost digital nurture,0.5,5.021331905804288,4.521331905804288,Low-cost nurture communication and continued monitoring,1,1,578.0
15134,2011-09-01,United Kingdom,0.31238602542915295,23.807803468208093,Low,57.442196531791915,Nurture / Monitor,27.363194444444446,4,614.86,113.175,307.43,96.03683579768449,Low-cost digital nurture,0.5,2.8811050739305344,2.3811050739305344,Low-cost nurture communication and continued monitoring,0,1,1143.0
15135,2011-09-01,United Kingdom,0.8511847493859854,96.64017341040463,Critical,10.729768786127169,Reactivate Efficiently,139.19722222222222,1,139.05,0.0,69.525,59.17861970106064,Automated targeted campaign,5.0,8.876792955159095,3.876792955159095,Automated re-engagement with targeted product recommendations,1,0,
15139,2011-09-01,United Kingdom,0.6907899664023964,76.30057803468208,Medium,1.8063583815028903,Nurture / Monitor,139.51458333333332,1,56.86,0.0,28.43,19.63915874482013,Low-cost digital nurture,0.5,0.5891747623446039,0.08917476234460386,Low-cost nurture communication and continued monitoring,1,0,
15140,2011-09-01,United Kingdom,0.2793914809472227,21.170520231213874,Low,85.47687861271676,Protect High Value,15.515277777777778,5,1728.1100000000001,148.87569444444443,864.0550000000001,241.40960606985254,VIP or loyalty service,12.0,19.312768485588204,7.3127684855882045,Proactive loyalty or VIP service without aggressive discounting,0,0,
15143,2011-09-01,United Kingdom,0.7592362669252057,86.59682080924856,High,26.445086705202314,Reactivate Efficiently,125.49791666666667,1,259.45,0.0,129.725,98.49192472687231,Automated targeted campaign,5.0,14.773788709030846,9.773788709030846,Automated re-engagement with targeted product recommendations,1,0,
15144,2011-09-01,United Kingdom,0.06569423953509357,5.744219653179191,Low,92.23265895953757,Protect High Value,13.320833333333333,8,2590.62,147.19097222222223,1295.31,85.09440541220205,VIP or loyalty service,12.0,6.8075524329761645,-5.1924475670238355,Proactive loyalty or VIP service without aggressive discounting,0,0,
15145,2011-09-01,United Kingdom,0.6440759852893683,68.85838150289018,Medium,62.21098265895954,Nurture / Monitor,127.30555555555556,2,724.03,21.055555555555557,362.015,233.16516781453063,Low-cost digital nurture,0.5,6.994955034435919,6.494955034435919,Low-cost nurture communication and continued monitoring,0,1,363.0
15146,2011-09-01,United Kingdom,0.6038816812887078,61.5606936416185,Medium,50.54190751445087,Nurture / Monitor,64.49375,1,492.94,0.0,246.47,148.8387179872278,Low-cost digital nurture,0.5,4.465161539616834,3.965161539616834,Low-cost nurture communication and continued monitoring,1,1,680.0
15147,2011-09-01,United Kingdom,0.7519592036125697,85.65751445086705,High,57.8757225433526,Reactivate Efficiently,140.33541666666667,1,623.5,0.0,311.75,234.42328172621862,Automated targeted campaign,5.0,35.16349225893279,30.16349225893279,Automated re-engagement with targeted product recommendations,1,1,102.0
15149,2011-09-01,United Kingdom,0.7445562308130207,84.39306358381504,High,52.02312138728323,Reactivate Efficiently,33.543055555555554,1,520.8000000000001,0.0,260.40000000000003,193.88244250371062,Automated targeted campaign,5.0,29.082366375556592,24.082366375556592,Automated re-engagement with targeted product recommendations,1,1,122.0
15150,2011-09-01,United Kingdom,0.1125757934179846,9.284682080924856,Low,95.15895953757226,Protect High Value,9.371527777777779,5,3569.62,160.03055555555557,1784.81,200.92640185035307,VIP or loyalty service,12.0,16.074112148028245,4.074112148028245,Proactive loyalty or VIP service without aggressive discounting,0,0,
15152,2011-09-01,United Kingdom,0.28695746045436715,21.856936416184972,Low,91.29335260115607,Protect High Value,13.463194444444444,6,2383.21,73.88680555555555,1191.605,341.93994466472617,VIP or loyalty service,12.0,27.355195573178094,15.355195573178094,Proactive loyalty or VIP service without aggressive discounting,0,0,
15157,2011-09-01,United Kingdom,0.5500336646861225,52.601156069364166,Medium,45.88150289017341,Nurture / Monitor,54.44027777777778,1,419.91,0.0,209.955,115.48231806917485,Low-cost digital nurture,0.5,3.4644695420752454,2.9644695420752454,Low-cost nurture communication and continued monitoring,1,1,934.0
15159,2011-09-01,United Kingdom,0.03318101365250781,3.1791907514450863,Low,97.83236994219652,Protect High Value,12.598611111111111,14,6271.85,157.9597222222222,3135.925,104.05317023824055,VIP or loyalty service,12.0,8.324253619059245,-3.6757463809407547,Proactive loyalty or VIP service without aggressive discounting,0,0,
15163,2011-09-01,United Kingdom,0.7719892352313549,88.4393063583815,High,13.186416184971097,Reactivate Efficiently,92.35972222222222,1,155.0,0.0,77.5,59.829165730430006,Automated targeted campaign,5.0,8.9743748595645,3.9743748595645005,Automated re-engagement with targeted product recommendations,0,0,
15164,2011-09-01,United Kingdom,0.4356592618933413,36.16329479768786,Low,18.641618497109828,Nurture / Monitor,108.4486111111111,1,194.79,0.0,97.395,42.43103381210197,Low-cost digital nurture,0.5,1.2729310143630592,0.7729310143630592,Low-cost nurture communication and continued monitoring,0,0,
15172,2011-09-01,United Kingdom,0.3174144646381792,24.13294797687861,Low,68.89450867052022,Nurture / Monitor,35.52152777777778,3,886.74,100.98125,443.37,140.73205118662952,Low-cost digital nurture,0.5,4.2219615355988855,3.7219615355988855,Low-cost nurture communication and continued monitoring,0,1,748.0
15178,2011-09-01,United Kingdom,0.8278110934895603,95.37572254335261,Critical,1.119942196531792,Reactivate Efficiently,160.36666666666667,1,40.5,0.0,20.25,16.763174643163595,Automated targeted campaign,5.0,2.514476196474539,-2.485523803525461,Automated re-engagement with targeted product recommendations,1,0,
15179,2011-09-01,United Kingdom,0.4966864196501122,44.90606936416185,Low,15.426300578034683,Nurture / Monitor,133.62291666666667,2,169.5,18.780555555555555,84.75,42.094174065347005,Low-cost digital nurture,0.5,1.2628252219604101,0.7628252219604101,Low-cost nurture communication and continued monitoring,0,0,
15181,2011-09-01,United Kingdom,0.7056745203165335,78.86560693641619,Medium,46.78468208092485,Nurture / Monitor,75.41875,2,435.0,94.07916666666667,217.5,153.48420816884604,Low-cost digital nurture,0.5,4.604526245065381,4.104526245065381,Low-cost nurture communication and continued monitoring,0,1,655.0
15182,2011-09-01,United Kingdom,0.41784936193815575,33.634393063583815,Low,57.80346820809249,Nurture / Monitor,54.43263888888889,2,622.85,114.03819444444444,311.425,130.12873754159017,Low-cost digital nurture,0.5,3.903862126247705,3.403862126247705,Low-cost nurture communication and continued monitoring,1,1,818.0
15184,2011-09-01,United Kingdom,0.7735402740301943,88.51156069364163,High,23.735549132947977,Reactivate Efficiently,90.49583333333334,1,235.23000000000002,0.0,117.61500000000001,90.97993933006131,Automated targeted campaign,5.0,13.646990899509197,8.646990899509197,Automated re-engagement with targeted product recommendations,0,0,
15186,2011-09-01,United Kingdom,0.6604174493147806,71.38728323699422,Medium,23.157514450867055,Nurture / Monitor,68.37916666666666,1,229.26,0.0,114.63,75.7036522149533,Low-cost digital nurture,0.5,2.2711095664485987,1.7711095664485987,Low-cost nurture communication and continued monitoring,0,0,
15187,2011-09-01,United Kingdom,0.24983510510974014,18.75,Low,82.98410404624278,Protect High Value,29.601388888888888,4,1552.04,82.82291666666667,776.02,193.87703826726053,VIP or loyalty service,12.0,15.510163061380842,3.510163061380842,Proactive loyalty or VIP service without aggressive discounting,0,0,
15189,2011-09-01,United Kingdom,0.002297766810348425,0.9754335260115607,Low,98.59104046242774,Protect High Value,6.597916666666666,23,9508.82,160.98819444444445,4754.41,10.924525500788656,VIP or loyalty service,12.0,0.8739620400630925,-11.126037959936907,Proactive loyalty or VIP service without aggressive discounting,0,0,
15192,2011-09-01,United Kingdom,0.5890844914801842,59.320809248554916,Medium,62.5,Nurture / Monitor,19.513194444444444,2,729.3199999999999,71.82916666666667,364.65999999999997,214.81555066316395,Low-cost digital nurture,0.5,6.4444665198949185,5.9444665198949185,Low-cost nurture communication and continued monitoring,1,1,409.0
15194,2011-09-01,United Kingdom,0.09922214322514578,8.453757225433527,Low,87.89739884393065,Protect High Value,26.55625,5,1955.8,121.95277777777778,977.9,97.02933385987005,VIP or loyalty service,12.0,7.762346708789604,-4.237653291210396,Proactive loyalty or VIP service without aggressive discounting,0,0,
15197,2011-09-01,United Kingdom,0.7418616934763955,83.92341040462428,High,21.820809248554912,Reactivate Efficiently,152.50694444444446,1,216.75,0.0,108.375,80.39926103050436,Automated targeted campaign,5.0,12.059889154575654,7.059889154575654,Automated re-engagement with targeted product recommendations,0,0,
15198,2011-09-01,United Kingdom,0.6923338905469919,76.5534682080925,Medium,5.563583815028902,Nurture / Monitor,24.363888888888887,1,107.64,0.0,53.82,37.261409989239105,Low-cost digital nurture,0.5,1.117842299677173,0.6178422996771731,Low-cost nurture communication and continued monitoring,0,0,
15199,2011-09-01,United Kingdom,0.5958817354387647,60.47687861271677,Medium,31.79190751445087,Nurture / Monitor,135.46875,1,304.04999999999995,0.0,152.02499999999998,90.58892083007818,Low-cost digital nurture,0.5,2.7176676249023455,2.2176676249023455,Low-cost nurture communication and continued monitoring,0,1,1199.0
15201,2011-09-01,United Kingdom,0.39601186247008263,31.539017341040466,Low,70.52023121387283,Nurture / Monitor,26.413194444444443,4,933.2600000000001,121.00208333333333,466.63000000000005,184.7910153844147,Low-cost digital nurture,0.5,5.543730461532441,5.043730461532441,Low-cost nurture communication and continued monitoring,0,1,500.0
15203,2011-09-01,United Kingdom,0.26066493127881696,19.436416184971097,Low,75.46965317919076,Nurture / Monitor,5.584722222222222,3,1116.38,92.76875,558.19,145.50055799052285,Low-cost digital nurture,0.5,4.365016739715685,3.865016739715685,Low-cost nurture communication and continued monitoring,0,1,702.0
15205,2011-09-01,United Kingdom,0.6771823495594552,74.20520231213872,Medium,49.49421965317919,Nurture / Monitor,27.32847222222222,1,476.29999999999995,0.0,238.14999999999998,161.27097654758424,Low-cost digital nurture,0.5,4.838129296427527,4.338129296427527,Low-cost nurture communication and continued monitoring,0,1,611.0
15206,2011-09-01,United Kingdom,0.6685274639997734,72.90462427745665,Medium,1.6979768786127165,Nurture / Monitor,45.52361111111111,2,53.10000000000001,130.10208333333333,26.550000000000004,17.749404169193987,Low-cost digital nurture,0.5,0.5324821250758196,0.0324821250758196,Low-cost nurture communication and continued monitoring,0,0,
15208,2011-09-01,United Kingdom,0.6273916671749336,66.1849710982659,Medium,26.33670520231214,Nurture / Monitor,63.422916666666666,1,258.12,0.0,129.06,80.97116856559693,Low-cost digital nurture,0.5,2.4291350569679078,1.9291350569679078,Low-cost nurture communication and continued monitoring,0,0,
15210,2011-09-01,United Kingdom,0.6281268146321246,66.32947976878613,Medium,36.84971098265896,Nurture / Monitor,125.32569444444445,1,331.18,0.0,165.59,104.01151923493352,Low-cost digital nurture,0.5,3.1203455770480053,2.6203455770480053,Low-cost nurture communication and continued monitoring,1,1,1064.0
15212,2011-09-01,United Kingdom,0.7175582224143008,80.59971098265896,High,4.985549132947977,Reactivate Efficiently,141.42708333333334,1,101.8,0.0,50.9,36.52371352088791,Automated targeted campaign,5.0,5.478557028133186,0.4785570281331859,Automated re-engagement with targeted product recommendations,1,0,
15214,2011-09-01,United Kingdom,0.5472354885282494,52.09537572254336,Medium,59.46531791907515,Nurture / Monitor,83.59444444444445,2,651.6300000000001,58.99861111111111,325.81500000000005,178.2975306948316,Low-cost digital nurture,0.5,5.348925920844948,4.848925920844948,Low-cost nurture communication and continued monitoring,0,1,528.0
15218,2011-09-01,United Kingdom,0.10458688722968196,8.742774566473988,Low,94.6893063583815,Protect High Value,16.495833333333334,7,3283.69,147.05,1641.845,171.7154578636172,VIP or loyalty service,12.0,13.737236629089375,1.7372366290893755,Proactive loyalty or VIP service without aggressive discounting,0,0,
15219,2011-09-01,United Kingdom,0.9254051068525563,99.60260115606935,Critical,32.297687861271676,Reactivate Efficiently,76.29375,1,305.75,0.0,152.875,141.47130571008455,Automated targeted campaign,5.0,21.22069585651268,16.22069585651268,Automated re-engagement with targeted product recommendations,1,1,165.0
15220,2011-09-01,United Kingdom,0.20269851021477778,15.426300578034683,Low,71.38728323699422,Nurture / Monitor,15.397222222222222,4,967.94,123.87430555555555,483.97,98.09999798864601,Low-cost digital nurture,0.5,2.94299993965938,2.44299993965938,Low-cost nurture communication and continued monitoring,0,1,1119.0
15223,2011-09-01,United Kingdom,0.7804810177699757,89.66763005780348,High,63.692196531791915,Reactivate Efficiently,125.5201388888889,2,755.75,23.968055555555555,377.875,294.9242645898296,Automated targeted campaign,5.0,44.238639688474436,39.238639688474436,Automated re-engagement with targeted product recommendations,1,1,69.0
15225,2011-09-01,United Kingdom,0.7684551610220802,88.15028901734104,High,44.580924855491325,Reactivate Efficiently,134.38125,1,409.40000000000003,0.0,204.70000000000002,157.30277146121983,Automated targeted campaign,5.0,23.595415719182974,18.595415719182974,Automated re-engagement with targeted product recommendations,1,1,149.0
15227,2011-09-01,United Kingdom,0.4632808246941544,39.84826589595375,Low,25.61416184971098,Nurture / Monitor,115.57569444444445,1,251.75,0.0,125.875,58.31547380837668,Low-cost digital nurture,0.5,1.7494642142513004,1.2494642142513004,Low-cost nurture communication and continued monitoring,0,0,
15228,2011-09-01,United Kingdom,0.3699101520915805,29.118497109826592,Low,79.11849710982659,Nurture / Monitor,29.48125,2,1319.18,39.927083333333336,659.59,243.9890372180856,Low-cost digital nurture,0.5,7.319671116542568,6.819671116542568,Low-cost nurture communication and continued monitoring,0,1,344.0
15230,2011-09-01,United Kingdom,0.7842186079737087,90.0650289017341,Critical,46.56791907514451,Reactivate Efficiently,139.38958333333332,2,429.6,1.1493055555555556,214.8,168.45015699275262,Automated targeted campaign,5.0,25.267523548912894,20.267523548912894,Automated re-engagement with targeted product recommendations,1,1,137.0
15232,2011-09-01,United Kingdom,0.45556995839424563,38.547687861271676,Low,57.26156069364162,Nurture / Monitor,13.314583333333333,2,612.06,27.170833333333334,306.03,139.41807436739097,Low-cost digital nurture,0.5,4.182542231021729,3.6825422310217286,Low-cost nurture communication and continued monitoring,1,1,754.0
15234,2011-09-01,United Kingdom,0.8099743367058517,93.46098265895954,Critical,18.930635838150287,Reactivate Efficiently,176.6298611111111,1,197.0,0.0,98.5,79.7824721655264,Automated targeted campaign,5.0,11.96737082482896,6.96737082482896,Automated re-engagement with targeted product recommendations,1,0,
15235,2011-09-01,United Kingdom,0.43380877775398136,35.94653179190752,Low,65.02890173410405,Nurture / Monitor,117.59444444444445,3,786.5699999999999,28.98125,393.28499999999997,170.61048515897454,Low-cost digital nurture,0.5,5.118314554769236,4.618314554769236,Low-cost nurture communication and continued monitoring,1,1,563.0
15237,2011-09-01,United Kingdom,0.5902613652601079,59.5014450867052,Medium,74.67485549132948,Nurture / Monitor,103.38402777777777,2,1093.65,23.988194444444446,546.825,322.7696710583585,Low-cost digital nurture,0.5,9.683090131750754,9.183090131750754,Low-cost nurture communication and continued monitoring,0,1,271.0
15238,2011-09-01,United Kingdom,0.7277439194876576,82.1893063583815,High,30.81647398843931,Reactivate Efficiently,84.33333333333333,1,300.14,0.0,150.07,109.21252999751277,Automated targeted campaign,5.0,16.381879499626915,11.381879499626915,Automated re-engagement with targeted product recommendations,0,0,
15240,2011-09-01,United Kingdom,0.4248861032834446,34.42919075144509,Low,62.608381502890175,Nurture / Monitor,91.52291666666666,2,732.48,50.03958333333333,366.24,155.61028646652875,Low-cost digital nurture,0.5,4.668308593995862,4.168308593995862,Low-cost nurture communication and continued monitoring,0,1,643.0
15241,2011-09-01,United Kingdom,0.28549180584053535,21.640173410404625,Low,71.0621387283237,Nurture / Monitor,27.304861111111112,5,949.5300000000001,70.02083333333333,474.76500000000004,135.54151719988178,Low-cost digital nurture,0.5,4.066245515996453,3.566245515996453,Low-cost nurture communication and continued monitoring,0,1,781.0
15244,2011-09-01,United Kingdom,0.9141514704906936,99.34971098265896,Critical,30.41907514450867,Reactivate Efficiently,148.36666666666667,1,297.94,0.0,148.97,136.18114455899862,Automated targeted campaign,5.0,20.427171683849792,15.427171683849792,Automated re-engagement with targeted product recommendations,0,1,178.0
15245,2011-09-01,United Kingdom,0.2927294403494416,22.36271676300578,Low,91.90751445086705,Protect High Value,34.21111111111111,3,2515.84,127.21805555555555,1257.92,368.2302176043696,VIP or loyalty service,12.0,29.45841740834957,17.45841740834957,Proactive loyalty or VIP service without aggressive discounting,1,0,
15246,2011-09-01,United Kingdom,0.6454597337966841,69.18352601156069,Medium,36.289739884393065,Nurture / Monitor,138.38541666666666,1,328.15000000000003,0.0,164.07500000000002,105.90380582269096,Low-cost digital nurture,0.5,3.1771141746807285,2.6771141746807285,Low-cost nurture communication and continued monitoring,1,1,1047.0
15247,2011-09-01,United Kingdom,0.7869584228353133,90.4985549132948,Critical,39.59537572254335,Reactivate Efficiently,22.46388888888889,1,356.0,0.0,178.0,140.07859926468575,Automated targeted campaign,5.0,21.01178988970286,16.01178988970286,Automated re-engagement with targeted product recommendations,1,1,167.0
15249,2011-09-01,United Kingdom,0.0724406061208191,6.322254335260117,Low,97.29046242774567,Protect High Value,7.570138888888889,10,5357.03,148.89583333333334,2678.515,194.03325010370574,VIP or loyalty service,12.0,15.522660008296459,3.5226600082964588,Proactive loyalty or VIP service without aggressive discounting,0,0,
15251,2011-09-01,United Kingdom,0.05515058235084448,4.949421965317919,Low,98.22976878612717,Protect High Value,6.549305555555556,7,7452.12,135.0076388888889,3726.06,205.4943788741876,VIP or loyalty service,12.0,16.439550309935008,4.439550309935008,Proactive loyalty or VIP service without aggressive discounting,0,0,
15252,2011-09-01,United Kingdom,0.6399941267032978,68.28034682080924,Medium,31.069364161849713,Nurture / Monitor,83.40625,1,300.55,0.0,150.275,96.17511739033809,Low-cost digital nurture,0.5,2.8852535217101427,2.3852535217101427,Low-cost nurture communication and continued monitoring,0,1,1142.0
15253,2011-09-01,United Kingdom,0.5991590661435157,60.91040462427746,Medium,16.004335260115607,Nurture / Monitor,69.48680555555555,1,173.85,0.0,86.925,52.0819018245251,Low-cost digital nurture,0.5,1.5624570547357528,1.0624570547357528,Low-cost nurture communication and continued monitoring,0,0,
15254,2011-09-01,United Kingdom,0.8324950120604894,95.628612716763,Critical,30.924855491329478,Reactivate Efficiently,27.372222222222224,1,300.36,0.0,150.18,125.0241009112443,Automated targeted campaign,5.0,18.753615136686644,13.753615136686644,Automated re-engagement with targeted product recommendations,1,1,209.0
15256,2011-09-01,United Kingdom,0.9012742466820641,98.91618497109826,Critical,4.44364161849711,Reactivate Efficiently,48.509027777777774,1,98.45,0.0,49.225,44.36522479292461,Automated targeted campaign,5.0,6.654783718938691,1.654783718938691,Automated re-engagement with targeted product recommendations,1,0,
15258,2011-09-01,United Kingdom,0.5395242694562473,51.192196531791915,Medium,57.83959537572254,Nurture / Monitor,68.47916666666667,2,623.1600000000001,48.92638888888889,311.58000000000004,168.10497187717755,Low-cost digital nurture,0.5,5.043149156315327,4.543149156315327,Low-cost nurture communication and continued monitoring,1,1,573.0
15260,2011-09-01,United Kingdom,0.08208228919311761,7.008670520231214,Low,80.34682080924856,Protect High Value,0.4201388888888889,5,1390.27,133.13611111111112,695.135,57.05827209825781,VIP or loyalty service,12.0,4.564661767860625,-7.435338232139375,Proactive loyalty or VIP service without aggressive discounting,1,0,
15261,2011-09-01,United Kingdom,0.5749300021511526,56.900289017341045,Medium,26.011560693641616,Nurture / Monitor,35.361111111111114,1,254.82,0.0,127.41,73.25183157407835,Low-cost digital nurture,0.5,2.1975549472223506,1.6975549472223506,Low-cost nurture communication and continued monitoring,1,0,
15263,2011-09-01,United Kingdom,0.6703068332160802,73.30202312138728,Medium,13.439306358381502,Nurture / Monitor,6.565277777777778,1,156.51,0.0,78.255,52.45486123332435,Low-cost digital nurture,0.5,1.5736458369997304,1.0736458369997304,Low-cost nurture communication and continued monitoring,1,0,
15265,2011-09-01,United Kingdom,0.6519815832226076,70.23121387283237,Medium,82.1893063583815,Protect High Value,51.38472222222222,2,1506.12,84.10416666666667,753.06,490.98125106161683,VIP or loyalty service,12.0,39.27850008492935,27.278500084929348,Proactive loyalty or VIP service without aggressive discounting,1,0,
15267,2011-09-01,United Kingdom,0.5758721091488447,57.11705202312138,Medium,80.52745664739885,Protect High Value,55.516666666666666,2,1407.76,27.05,703.88,405.34486018768877,VIP or loyalty service,12.0,32.4275888150151,20.4275888150151,Proactive loyalty or VIP service without aggressive discounting,0,0,
15270,2011-09-01,United Kingdom,0.39296467746201946,31.25,Low,66.70881502890174,Nurture / Monitor,17.556944444444444,2,836.79,121.03819444444444,418.395,164.41445622672163,Low-cost digital nurture,0.5,4.932433686801649,4.432433686801649,Low-cost nurture communication and continued monitoring,0,1,598.0
15271,2011-09-01,United Kingdom,0.09991628806715831,8.489884393063583,Low,72.4349710982659,Nurture / Monitor,16.39236111111111,7,1003.45,123.08125,501.725,50.13049963049501,Low-cost digital nurture,0.5,1.5039149889148502,1.0039149889148502,Low-cost nurture communication and continued monitoring,0,0,
15280,2011-09-01,United Kingdom,0.769684676218402,88.25867052023122,High,6.864161849710983,Reactivate Efficiently,72.28194444444445,1,113.12,0.0,56.56,43.53336528691282,Automated targeted campaign,5.0,6.530004793036922,1.5300047930369223,Automated re-engagement with targeted product recommendations,1,0,
15281,2011-09-01,United Kingdom,0.1501621255214695,11.741329479768787,Low,76.84248554913295,Nurture / Monitor,36.609027777777776,6,1177.21,109.94791666666667,588.605,88.38617789256456,Low-cost digital nurture,0.5,2.651585336776937,2.151585336776937,Low-cost nurture communication and continued monitoring,0,1,1221.0
15288,2011-09-01,United Kingdom,0.3333068824913336,25.252890173410403,Low,86.8135838150289,Protect High Value,55.56388888888889,3,1840.71,108.82847222222222,920.355,306.76065583531135,VIP or loyalty service,12.0,24.54085246682491,12.540852466824909,Proactive loyalty or VIP service without aggressive discounting,0,0,
15289,2011-09-01,United Kingdom,0.5447394030413497,51.842485549132945,Medium,61.27167630057804,Nurture / Monitor,37.54097222222222,2,697.98,111.92847222222223,348.99,190.10860426740064,Low-cost digital nurture,0.5,5.703258128022019,5.203258128022019,Low-cost nurture communication and continued monitoring,0,1,481.0
15290,2011-09-01,United Kingdom,0.04499327448952691,4.118497109826589,Low,92.05202312138728,Protect High Value,3.5458333333333334,8,2539.76,173.8763888888889,1269.88,57.13605940876044,VIP or loyalty service,12.0,4.570884752700835,-7.429115247299165,Proactive loyalty or VIP service without aggressive discounting,0,0,
15291,2011-09-01,United Kingdom,0.09907229475552423,8.417630057803468,Low,87.2471098265896,Protect High Value,72.59444444444445,6,1889.08,101.72083333333333,944.54,93.57774528838286,VIP or loyalty service,12.0,7.486219623070629,-4.513780376929371,Proactive loyalty or VIP service without aggressive discounting,0,0,
15292,2011-09-01,United Kingdom,0.7451228831200448,84.42919075144508,High,16.61849710982659,Reactivate Efficiently,101.375,1,178.39,0.0,89.195,66.46123555989239,Automated targeted campaign,5.0,9.969185333983857,4.969185333983857,Automated re-engagement with targeted product recommendations,1,0,
15296,2011-09-01,United Kingdom,0.19964316651157185,15.173410404624278,Low,80.45520231213872,Protect High Value,9.402777777777779,4,1400.1599999999999,103.04305555555555,700.0799999999999,139.7661880114212,VIP or loyalty service,12.0,11.181295040913696,-0.818704959086304,Proactive loyalty or VIP service without aggressive discounting,0,0,
15298,2011-09-01,United Kingdom,0.18451219129046245,13.800578034682081,Low,87.35549132947978,Protect High Value,42.37638888888889,3,1894.12,120.10208333333334,947.06,174.74411588354536,VIP or loyalty service,12.0,13.97952927068363,1.9795292706836296,Proactive loyalty or VIP service without aggressive discounting,0,0,
15299,2011-09-01,United Kingdom,0.7032977701109921,78.50433526011561,Medium,56.43063583815029,Nurture / Monitor,163.49583333333334,1,600.0,0.0,300.0,210.98933103329765,Low-cost digital nurture,0.5,6.329679930998929,5.829679930998929,Low-cost nurture communication and continued monitoring,0,1,420.0
15301,2011-09-01,United Kingdom,0.0853744011664472,7.297687861271676,Low,93.71387283236994,Protect High Value,13.59375,8,3054.0299999999997,153.95347222222222,1527.0149999999999,130.36799119718236,VIP or loyalty service,12.0,10.42943929577459,-1.5705607042254108,Proactive loyalty or VIP service without aggressive discounting,0,0,
15304,2011-09-01,United Kingdom,0.32438471156362275,24.710982658959537,Low,26.77023121387283,Nurture / Monitor,64.65347222222222,4,263.3,95.65902777777778,131.65,42.705247277350935,Low-cost digital nurture,0.5,1.281157418320528,0.7811574183205281,Low-cost nurture communication and continued monitoring,0,0,
15306,2011-09-01,United Kingdom,0.5679015001330172,55.85260115606936,Medium,38.47543352601156,Nurture / Monitor,48.359722222222224,1,344.62,0.0,172.31,97.8551074879202,Low-cost digital nurture,0.5,2.9356532246376057,2.4356532246376057,Low-cost nurture communication and continued monitoring,0,1,1122.0
15308,2011-09-01,United Kingdom,0.7896313493472519,91.04046242774567,Critical,33.52601156069364,Reactivate Efficiently,174.45277777777778,1,310.47,0.0,155.235,122.57842251592065,Automated targeted campaign,5.0,18.386763377388096,13.386763377388096,Automated re-engagement with targeted product recommendations,1,1,216.0
15311,2011-09-01,United Kingdom,2.4194194373211265e-06,0.2167630057803468,Low,99.56647398843931,Protect High Value,12.370833333333334,35,29811.44,164.07916666666668,14905.72,0.03606318869526626,VIP or loyalty service,12.0,0.0028850550956213005,-11.997114944904379,Proactive loyalty or VIP service without aggressive discounting,0,0,
15312,2011-09-01,United Kingdom,0.4219608261179158,34.104046242774565,Low,51.22832369942196,Nurture / Monitor,3.4166666666666665,2,505.05999999999995,111.94305555555556,252.52999999999997,106.55776741955727,Low-cost digital nurture,0.5,3.196733022586718,2.696733022586718,Low-cost nurture communication and continued monitoring,0,1,1037.0
15313,2011-09-01,United Kingdom,0.7452916948237306,84.53757225433526,High,1.5354046242774566,Reactivate Efficiently,10.331944444444444,1,52.0,0.0,26.0,19.377584065416997,Automated targeted campaign,5.0,2.9066376098125493,-2.0933623901874507,Automated re-engagement with targeted product recommendations,1,0,
15314,2011-09-01,United Kingdom,0.6729444607901585,73.6271676300578,Medium,36.19942196531792,Nurture / Monitor,99.38958333333333,1,327.97,0.0,163.985,110.35279740267414,Low-cost digital nurture,0.5,3.310583922080224,2.810583922080224,Low-cost nurture communication and continued monitoring,1,1,991.0
15315,2011-09-01,United Kingdom,0.6512916801977804,70.08670520231213,Medium,23.627167630057805,Nurture / Monitor,16.363194444444446,1,233.54,0.0,116.77,76.05132949669482,Low-cost digital nurture,0.5,2.2815398849008446,1.7815398849008446,Low-cost nurture communication and continued monitoring,0,0,
15325,2011-09-01,United Kingdom,0.43180342577496783,35.72976878612717,Low,14.378612716763007,Nurture / Monitor,3.5034722222222223,1,161.74,0.0,80.87,34.91994304242165,Low-cost digital nurture,0.5,1.0475982912726494,0.5475982912726494,Low-cost nurture communication and continued monitoring,1,0,
15329,2011-09-01,United Kingdom,0.3842344159376043,30.5635838150289,Low,63.58381502890174,Nurture / Monitor,34.35347222222222,2,754.0,37.204166666666666,377.0,144.85637480847683,Low-cost digital nurture,0.5,4.345691244254304,3.8456912442543043,Low-cost nurture communication and continued monitoring,0,1,707.0
15333,2011-09-01,United Kingdom,0.7475177313545189,84.89884393063583,High,73.08526011560693,Reactivate Efficiently,108.43958333333333,1,1028.56,0.0,514.28,384.43341888100196,Automated targeted campaign,5.0,57.66501283215029,52.66501283215029,Automated re-engagement with targeted product recommendations,1,1,36.0
15334,2011-09-01,United Kingdom,0.4137001295500885,33.164739884393065,Low,38.90895953757225,Nurture / Monitor,56.52638888888889,3,347.87,16.896527777777777,173.935,71.95693203329465,Low-cost digital nurture,0.5,2.1587079609988393,1.6587079609988393,Low-cost nurture communication and continued monitoring,1,0,
15342,2011-09-01,United Kingdom,0.6507022691329322,69.97832369942196,Medium,44.21965317919075,Nurture / Monitor,29.570138888888888,1,406.09,0.0,203.045,132.1218422360962,Low-cost digital nurture,0.5,3.9636552670828857,3.4636552670828857,Low-cost nurture communication and continued monitoring,1,1,802.0
15349,2011-09-01,United Kingdom,0.5732986260740645,56.755780346820806,Medium,48.627167630057805,Nurture / Monitor,58.329166666666666,2,463.90999999999997,29.01388888888889,231.95499999999998,132.9794828110096,Low-cost digital nurture,0.5,3.989384484330288,3.489384484330288,Low-cost nurture communication and continued monitoring,1,1,794.0
15353,2011-09-01,United Kingdom,0.5973575777282151,60.76589595375722,Medium,48.302023121387286,Nurture / Monitor,154.48958333333334,1,458.47,0.0,229.235,136.9352643305274,Low-cost digital nurture,0.5,4.108057929915821,3.6080579299158213,Low-cost nurture communication and continued monitoring,1,1,773.0
15356,2011-09-01,United Kingdom,0.13878940423194072,11.01878612716763,Low,84.5014450867052,Protect High Value,5.440972222222222,5,1640.96,146.90833333333333,820.48,113.87393038422273,VIP or loyalty service,12.0,9.109914430737819,-2.8900855692621814,Proactive loyalty or VIP service without aggressive discounting,0,0,
15358,2011-09-01,United Kingdom,0.04372753434827059,3.901734104046243,Low,89.99277456647398,Protect High Value,20.469444444444445,7,2182.91,120.9173611111111,1091.455,47.726636002091674,VIP or loyalty service,12.0,3.818130880167334,-8.181869119832665,Proactive loyalty or VIP service without aggressive discounting,0,0,
15364,2011-09-01,United Kingdom,0.8330224835839568,95.66473988439307,Critical,36.95809248554913,Reactivate Efficiently,154.43125,1,331.80000000000007,0.0,165.90000000000003,138.19843002657845,Automated targeted campaign,5.0,20.729764503986768,15.729764503986768,Automated re-engagement with targeted product recommendations,0,1,170.0
15367,2011-09-01,United Kingdom,0.5343498118392797,50.54190751445087,Medium,80.7442196531792,Protect High Value,145.50694444444446,2,1416.18,29.914583333333333,708.09,378.36775826527554,VIP or loyalty service,12.0,30.269420661222043,18.269420661222043,Proactive loyalty or VIP service without aggressive discounting,0,0,
15370,2011-09-01,United Kingdom,0.39479430911324614,31.430635838150287,Low,63.8728323699422,Nurture / Monitor,41.225,2,759.24,62.37361111111111,379.62,149.8718156255705,Low-cost digital nurture,0.5,4.496154468767115,3.9961544687671147,Low-cost nurture communication and continued monitoring,0,1,672.0
15372,2011-09-01,United Kingdom,0.6088519148508954,62.933526011560694,Medium,88.15028901734104,Protect High Value,37.30625,1,2007.3999999999999,0.0,1003.6999999999999,611.1046669358436,VIP or loyalty service,12.0,48.88837335486749,36.88837335486749,Proactive loyalty or VIP service without aggressive discounting,1,1,78.0
15373,2011-09-01,United Kingdom,0.1923844327039521,14.414739884393063,Low,65.0650289017341,Nurture / Monitor,15.630555555555556,5,786.9000000000001,138.8986111111111,393.45000000000005,75.69365504736997,Low-cost digital nurture,0.5,2.270809651421099,1.7708096514210991,Low-cost nurture communication and continued monitoring,0,0,
15374,2011-09-01,United Kingdom,0.9302903454925441,99.67485549132948,Critical,15.354046242774565,Reactivate Efficiently,28.584027777777777,1,168.0,0.0,84.0,78.1443890213737,Automated targeted campaign,5.0,11.721658353206054,6.721658353206054,Automated re-engagement with targeted product recommendations,1,0,
15376,2011-09-01,United Kingdom,0.5772564099062972,57.26156069364162,Medium,71.5679190751445,Nurture / Monitor,17.347916666666666,2,977.22,105.07916666666667,488.61,282.0532544443159,Low-cost digital nurture,0.5,8.461597633329475,7.961597633329475,Low-cost nurture communication and continued monitoring,0,1,294.0
15379,2011-09-01,United Kingdom,0.2841652362156258,21.53179190751445,Low,72.97687861271676,Nurture / Monitor,69.44930555555555,4,1021.2,105.97430555555556,510.6,145.09476961169852,Low-cost digital nurture,0.5,4.352843088350956,3.852843088350956,Low-cost nurture communication and continued monitoring,1,1,704.0
15380,2011-09-01,United Kingdom,0.5043663307935651,45.98988439306358,Low,39.30635838150289,Nurture / Monitor,41.31041666666667,1,352.46000000000004,0.0,176.23000000000002,88.88447847574999,Low-cost digital nurture,0.5,2.6665343542724993,2.1665343542724993,Low-cost nurture communication and continued monitoring,0,1,1218.0
15381,2011-09-01,United Kingdom,0.5750049637604004,56.936416184971094,Medium,56.21387283236994,Nurture / Monitor,113.50347222222223,2,596.8499999999999,54.924305555555556,298.42499999999995,171.5958563101975,Low-cost digital nurture,0.5,5.147875689305924,4.647875689305924,Low-cost nurture communication and continued monitoring,1,1,557.0
15382,2011-09-01,United Kingdom,0.34174801558666446,26.011560693641616,Low,75.07225433526011,Nurture / Monitor,84.50208333333333,3,1107.7,25.963194444444444,553.85,189.27713843267412,Low-cost digital nurture,0.5,5.6783141529802235,5.1783141529802235,Low-cost nurture communication and continued monitoring,0,1,484.0
15384,2011-09-01,United Kingdom,0.6299924224984988,66.79913294797689,Medium,37.861271676300575,Nurture / Monitor,69.54375,1,338.84,0.0,169.42,106.73331621969567,Low-cost digital nurture,0.5,3.20199948659087,2.70199948659087,Low-cost nurture communication and continued monitoring,1,1,1035.0
15386,2011-09-01,United Kingdom,0.7184638976040529,80.67196531791907,High,43.46098265895954,Reactivate Efficiently,86.42569444444445,1,394.14,0.0,197.07,141.5876803008307,Automated targeted campaign,5.0,21.238152045124604,16.238152045124604,Automated re-engagement with targeted product recommendations,1,1,164.0
15388,2011-09-01,Canada,0.8779532186092603,97.86849710982659,Critical,10.982658959537572,Reactivate Efficiently,170.42152777777778,1,140.54,0.0,70.27,61.69377267167272,Automated targeted campaign,5.0,9.254065900750907,4.254065900750907,Automated re-engagement with targeted product recommendations,1,0,
15389,2011-09-01,United Kingdom,0.6708571260495034,73.41040462427746,Medium,50.903179190751445,Nurture / Monitor,72.32083333333334,1,500.0,0.0,250.0,167.71428151237586,Low-cost digital nurture,0.5,5.031428445371276,4.531428445371276,Low-cost nurture communication and continued monitoring,1,1,576.0
15394,2011-09-01,United Kingdom,0.5398571448194219,51.26445086705203,Medium,67.12427745664739,Nurture / Monitor,104.39791666666666,1,848.78,0.0,424.39,229.10997368991445,Low-cost digital nurture,0.5,6.873299210697433,6.373299210697433,Low-cost nurture communication and continued monitoring,0,1,373.0
15396,2011-09-01,United Kingdom,0.899310100122166,98.77167630057804,Critical,29.263005780346823,Reactivate Efficiently,12.544444444444444,1,288.18,0.0,144.09,129.5815923266029,Automated targeted campaign,5.0,19.437238848990436,14.437238848990436,Automated re-engagement with targeted product recommendations,1,1,196.0
15400,2011-09-01,United Kingdom,0.2358151149004406,17.810693641618496,Low,57.08092485549133,Nurture / Monitor,13.591666666666667,4,611.2,164.93125,305.6,72.06509911357466,Low-cost digital nurture,0.5,2.1619529734072396,1.6619529734072396,Low-cost nurture communication and continued monitoring,0,0,
15402,2011-09-01,United Kingdom,0.5004073305608715,45.447976878612714,Low,57.98410404624278,Nurture / Monitor,48.488194444444446,2,626.35,47.947916666666664,313.175,156.71506574840095,Low-cost digital nurture,0.5,4.701451972452028,4.201451972452028,Low-cost nurture communication and continued monitoring,1,1,635.0
15405,2011-09-01,United Kingdom,0.8898069553125506,98.41040462427746,Critical,39.1257225433526,Reactivate Efficiently,89.3861111111111,1,349.1,0.0,174.55,155.3158040498057,Automated targeted campaign,5.0,23.297370607470857,18.297370607470857,Automated re-engagement with targeted product recommendations,1,1,153.0
15407,2011-09-01,United Kingdom,0.47786681028672695,42.08815028901734,Low,55.202312138728324,Nurture / Monitor,83.51944444444445,2,575.73,38.856944444444444,287.865,137.56112934318867,Low-cost digital nurture,0.5,4.12683388029566,3.62683388029566,Low-cost nurture communication and continued monitoring,0,1,768.0
15408,2011-09-01,United Kingdom,0.7841553415316874,90.02890173410405,Critical,27.203757225433527,Reactivate Efficiently,164.3736111111111,1,267.18,0.0,133.59,104.75531207521813,Automated targeted campaign,5.0,15.713296811282719,10.713296811282719,Automated re-engagement with targeted product recommendations,1,0,
15410,2011-09-01,United Kingdom,0.3296142391892957,25.072254335260112,Low,92.66618497109826,Protect High Value,29.632638888888888,6,2702.67,131.94027777777777,1351.335,445.41925791486693,VIP or loyalty service,12.0,35.633540633189355,23.633540633189355,Proactive loyalty or VIP service without aggressive discounting,0,0,
15411,2011-09-01,United Kingdom,0.5274505839801211,49.566473988439306,Low,42.232658959537574,Nurture / Monitor,24.4625,2,382.21000000000004,58.016666666666666,191.10500000000002,100.79844385152106,Low-cost digital nurture,0.5,3.0239533155456315,2.5239533155456315,Low-cost nurture communication and continued monitoring,0,1,1089.0
15412,2011-09-01,United Kingdom,0.7634104346760492,87.17485549132948,High,18.28034682080925,Reactivate Efficiently,71.35833333333333,1,190.53,0.0,95.265,72.72629505941383,Automated targeted campaign,5.0,10.908944258912074,5.908944258912074,Automated re-engagement with targeted product recommendations,1,0,
15414,2011-09-01,United Kingdom,0.8143486609734283,94.14739884393065,Critical,0.9393063583815029,Reactivate Efficiently,142.42708333333334,1,36.2,0.0,18.1,14.739710763619053,Automated targeted campaign,5.0,2.210956614542858,-2.789043385457142,Automated re-engagement with targeted product recommendations,0,0,
15416,2011-09-01,United Kingdom,0.4811765154736496,42.630057803468205,Low,86.01878612716763,Protect High Value,55.22986111111111,2,1769.0900000000001,84.31597222222223,884.5450000000001,425.6222808796394,VIP or loyalty service,12.0,34.04978247037115,22.04978247037115,Proactive loyalty or VIP service without aggressive discounting,0,0,
15421,2011-09-01,United Kingdom,0.45519893259143523,38.4393063583815,Low,47.32658959537572,Nurture / Monitor,115.41527777777777,2,444.3,0.001388888888888889,222.15,101.12244287518735,Low-cost digital nurture,0.5,3.0336732862556204,2.5336732862556204,Low-cost nurture communication and continued monitoring,0,1,1085.0
15424,2011-09-01,United Kingdom,0.748144934644727,85.00722543352602,High,42.34104046242775,Reactivate Efficiently,154.45694444444445,2,383.34000000000003,0.001388888888888889,191.67000000000002,143.39693962335483,Automated targeted campaign,5.0,21.50954094350322,16.50954094350322,Automated re-engagement with targeted product recommendations,1,1,163.0
15426,2011-09-01,United Kingdom,0.5951408457243832,60.33236994219653,Medium,25.559971098265894,Nurture / Monitor,157.32986111111111,1,251.56,0.0,125.78,74.85681557521292,Low-cost digital nurture,0.5,2.2457044672563877,1.7457044672563877,Low-cost nurture communication and continued monitoring,0,0,
15433,2011-09-01,United Kingdom,0.6503683003890894,69.79768786127167,Medium,52.92630057803468,Nurture / Monitor,113.55208333333333,2,533.3,53.85625,266.65,173.42070729875067,Low-cost digital nurture,0.5,5.20262121896252,4.70262121896252,Low-cost nurture communication and continued monitoring,1,1,549.0
15434,2011-09-01,United Kingdom,0.5057347438062916,46.17052023121387,Low,55.52745664739884,Nurture / Monitor,7.316666666666666,3,587.28,93.0875,293.64,148.50395017127946,Low-cost digital nurture,0.5,4.455118505138383,3.9551185051383833,Low-cost nurture communication and continued monitoring,0,1,682.0
15436,2011-09-01,United Kingdom,0.6545225861129123,70.48410404624278,Medium,50.108381502890175,Nurture / Monitor,134.29722222222222,1,484.1,0.0,242.05,158.4271919686304,Low-cost digital nurture,0.5,4.752815759058912,4.252815759058912,Low-cost nurture communication and continued monitoring,0,1,626.0
15437,2011-09-01,United Kingdom,0.8836322112387838,98.15751445086705,Critical,19.40028901734104,Reactivate Efficiently,162.45069444444445,1,200.16,0.0,100.08,88.43391170077747,Automated targeted campaign,5.0,13.26508675511662,8.26508675511662,Automated re-engagement with targeted product recommendations,1,0,
15438,2011-09-01,United Kingdom,0.7010130040835711,78.07080924855492,Medium,13.47543352601156,Nurture / Monitor,31.403472222222224,1,156.57999999999998,0.0,78.28999999999999,54.88230808970278,Low-cost digital nurture,0.5,1.6464692426910834,1.1464692426910834,Low-cost nurture communication and continued monitoring,1,0,
15440,2011-09-01,United Kingdom,0.5843556508617207,58.562138728323696,Medium,24.060693641618496,Nurture / Monitor,36.39791666666667,2,237.66,72.12291666666667,118.83,69.43898199189827,Low-cost digital nurture,0.5,2.0831694597569483,1.5831694597569483,Low-cost nurture communication and continued monitoring,0,0,
15442,2011-09-01,United Kingdom,0.8174722577140661,94.6893063583815,Critical,56.01517341040463,Reactivate Efficiently,148.48333333333332,1,594.0,0.0,297.0,242.78926054107762,Automated targeted campaign,5.0,36.41838908116164,31.418389081161642,Automated re-engagement with targeted product recommendations,1,1,97.0
15443,2011-09-01,United Kingdom,0.42222889879710246,34.14017341040462,Low,25.108381502890175,Nurture / Monitor,9.463888888888889,1,247.09,0.0,123.545,52.16426930188803,Low-cost digital nurture,0.5,1.5649280790566407,1.0649280790566407,Low-cost nurture communication and continued monitoring,0,0,
15445,2011-09-01,United Kingdom,0.884096128787287,98.19364161849711,Critical,6.954479768786127,Reactivate Efficiently,164.37083333333334,1,113.5,0.0,56.75,50.17245530867854,Automated targeted campaign,5.0,7.525868296301781,2.5258682963017813,Automated re-engagement with targeted product recommendations,1,0,
15449,2011-09-01,United Kingdom,0.5684739019954482,55.9971098265896,Medium,59.14017341040463,Nurture / Monitor,85.30416666666666,2,647.7,76.24930555555555,323.85,184.1002731612259,Low-cost digital nurture,0.5,5.523008194836777,5.023008194836777,Low-cost nurture communication and continued monitoring,0,1,504.0
15452,2011-09-01,United Kingdom,0.62424431990034,65.64306358381504,Medium,23.916184971098268,Nurture / Monitor,164.36041666666668,1,237.0,0.0,118.5,73.9729519081903,Low-cost digital nurture,0.5,2.2191885572457086,1.7191885572457086,Low-cost nurture communication and continued monitoring,0,0,
15453,2011-09-01,United Kingdom,0.3205247623542922,24.34971098265896,Low,49.67485549132948,Nurture / Monitor,31.45347222222222,3,479.36,56.020833333333336,239.68,76.82337504107676,Low-cost digital nurture,0.5,2.3047012512323026,1.8047012512323026,Low-cost nurture communication and continued monitoring,0,0,
15457,2011-09-01,United Kingdom,0.7619025985251828,87.03034682080924,High,23.952312138728324,Reactivate Efficiently,162.35347222222222,1,237.07,0.0,118.535,90.31212451618255,Automated targeted campaign,5.0,13.546818677427382,8.546818677427382,Automated re-engagement with targeted product recommendations,1,0,
15462,2011-09-01,United Kingdom,0.6951676617049667,76.878612716763,Medium,15.462427745664739,Nurture / Monitor,43.50277777777778,2,169.8,43.84722222222222,84.9,59.01973447875167,Low-cost digital nurture,0.5,1.77059203436255,1.27059203436255,Low-cost nurture communication and continued monitoring,0,0,
15465,2011-09-01,United Kingdom,0.06682608917396386,5.924855491329479,Low,94.83381502890174,Protect High Value,38.58125,9,3415.72,139.99722222222223,1707.86,114.12960465664591,VIP or loyalty service,12.0,9.130368372531674,-2.8696316274683262,Proactive loyalty or VIP service without aggressive discounting,0,0,
15467,2011-09-01,United Kingdom,0.5451168389130102,51.91473988439307,Medium,43.89450867052023,Nurture / Monitor,45.358333333333334,2,402.56,7.029166666666667,201.28,109.7211173364107,Low-cost digital nurture,0.5,3.291633520092321,2.791633520092321,Low-cost nurture communication and continued monitoring,1,1,1001.0
15469,2011-09-01,United Kingdom,0.7874486887523212,90.60693641618496,Critical,31.954479768786126,Reactivate Efficiently,20.295833333333334,1,304.3,0.0,152.15,119.81031799366568,Automated targeted campaign,5.0,17.97154769904985,12.97154769904985,Automated re-engagement with targeted product recommendations,0,1,224.0
15472,2011-09-01,United Kingdom,0.5881631904579518,59.21242774566474,Medium,41.40173410404625,Nurture / Monitor,13.363194444444444,1,371.56,0.0,185.78,109.26895752327829,Low-cost digital nurture,0.5,3.2780687256983487,2.7780687256983487,Low-cost nurture communication and continued monitoring,1,1,1006.0
15480,2011-09-01,Malta,0.763802536801304,87.2471098265896,High,69.47254335260115,Reactivate Efficiently,16.394444444444446,1,905.5,0.0,452.75,345.8115985367904,Automated targeted campaign,5.0,51.87173978051856,46.87173978051856,Automated re-engagement with targeted product recommendations,1,1,48.0
15482,2011-09-01,United Kingdom,0.5298884362384313,49.81936416184971,Low,80.16618497109826,Protect High Value,65.56319444444445,2,1379.86,84.98611111111111,689.93,365.5859288139809,VIP or loyalty service,12.0,29.24687430511847,17.24687430511847,Proactive loyalty or VIP service without aggressive discounting,0,0,
15483,2011-09-01,United Kingdom,0.42966294316606557,35.36849710982659,Low,22.65173410404624,Nurture / Monitor,61.453472222222224,4,225.26,105.02847222222222,112.63,48.392937288793966,Low-cost digital nurture,0.5,1.4517881186638188,0.9517881186638188,Low-cost nurture communication and continued monitoring,1,0,
15489,2011-09-01,United Kingdom,0.5221087244822534,48.77167630057804,Low,39.017341040462426,Nurture / Monitor,111.4625,1,348.26,0.0,174.13,90.91479219409479,Low-cost digital nurture,0.5,2.7274437658228434,2.2274437658228434,Low-cost nurture communication and continued monitoring,0,1,1194.0
15491,2011-09-01,United Kingdom,0.2616145652879563,19.61705202312139,Low,93.02745664739885,Protect High Value,0.5625,5,2800.9300000000003,135.01805555555555,1400.4650000000001,366.38204217599775,VIP or loyalty service,12.0,29.31056337407982,17.31056337407982,Proactive loyalty or VIP service without aggressive discounting,0,0,
15493,2011-09-01,United Kingdom,0.37011142180670287,29.154624277456648,Low,78.54046242774567,Nurture / Monitor,49.52847222222222,3,1286.95,120.98263888888889,643.475,238.15744714706813,Low-cost digital nurture,0.5,7.144723414412043,6.644723414412043,Low-cost nurture communication and continued monitoring,0,1,349.0
15494,2011-09-01,United Kingdom,0.6076045585126164,62.68063583815029,Medium,75.57803468208093,Nurture / Monitor,21.354861111111113,1,1119.88,0.0,559.94,340.2220964935545,Low-cost digital nurture,0.5,10.206662894806634,9.706662894806634,Low-cost nurture communication and continued monitoring,0,1,262.0
15498,2011-09-01,United Kingdom,0.027650880690379142,2.8901734104046244,Low,97.61560693641619,Protect High Value,20.639583333333334,14,5621.7300000000005,156.79305555555555,2810.8650000000002,77.72289275176257,VIP or loyalty service,12.0,6.217831420141006,-5.782168579858994,Proactive loyalty or VIP service without aggressive discounting,0,0,
15502,2011-09-01,United Kingdom,0.3230712341962994,24.602601156069365,Low,97.0014450867052,Protect High Value,23.510416666666668,2,5026.129999999999,151.99027777777778,2513.0649999999996,811.899011165523,VIP or loyalty service,12.0,64.95192089324185,52.95192089324185,Proactive loyalty or VIP service without aggressive discounting,0,1,34.0
15505,2011-09-01,United Kingdom,0.2618173703931971,19.72543352601156,Low,89.08959537572254,Protect High Value,13.54375,3,2091.1400000000003,41.891666666666666,1045.5700000000002,273.7483879620151,VIP or loyalty service,12.0,21.89987103696121,9.899871036961208,Proactive loyalty or VIP service without aggressive discounting,0,0,
15506,2011-09-01,United Kingdom,0.5515862663164982,52.92630057803468,Medium,20.700867052023124,Nurture / Monitor,38.510416666666664,1,208.77,0.0,104.385,57.57733240944767,Low-cost digital nurture,0.5,1.72731997228343,1.22731997228343,Low-cost nurture communication and continued monitoring,0,0,
15507,2011-09-01,United Kingdom,0.6985288748936587,77.63728323699422,Medium,49.45809248554913,Nurture / Monitor,71.52847222222222,1,475.86,0.0,237.93,166.20097520344822,Low-cost digital nurture,0.5,4.986029256103446,4.486029256103446,Low-cost nurture communication and continued monitoring,1,1,587.0
15508,2011-09-01,United Kingdom,0.47091374234886785,41.040462427745666,Low,72.36271676300578,Nurture / Monitor,89.34513888888888,6,1000.27,46.00833333333333,500.135,235.52044452965103,Low-cost digital nurture,0.5,7.06561333588953,6.56561333588953,Low-cost nurture communication and continued monitoring,1,1,356.0
15512,2011-09-01,United Kingdom,0.7963071936605429,91.6907514450867,Critical,0.3973988439306358,Reactivate Efficiently,55.56944444444444,1,19.799999999999997,0.0,9.899999999999999,7.8834412172393735,Automated targeted campaign,5.0,1.182516182585906,-3.817483817414094,Automated re-engagement with targeted product recommendations,1,0,
15513,2011-09-01,United Kingdom,0.034663379151794876,3.251445086705202,Low,97.97687861271676,Protect High Value,6.393055555555556,10,6514.610000000001,167.12222222222223,3257.3050000000003,112.90919822803723,VIP or loyalty service,12.0,9.032735858242978,-2.9672641417570222,Proactive loyalty or VIP service without aggressive discounting,0,0,
15514,2011-09-01,United Kingdom,0.517506056686983,47.940751445086704,Low,42.52167630057804,Nurture / Monitor,125.49583333333334,1,385.2,0.0,192.6,99.67166651791293,Low-cost digital nurture,0.5,2.990149995537388,2.490149995537388,Low-cost nurture communication and continued monitoring,0,1,1103.0
15517,2011-09-01,United Kingdom,0.7664884308742802,87.60838150289018,High,27.131502890173408,Reactivate Efficiently,133.4152777777778,1,267.03,0.0,133.515,102.3377028481795,Automated targeted campaign,5.0,15.350655427226926,10.350655427226926,Automated re-engagement with targeted product recommendations,1,0,
15518,2011-09-01,United Kingdom,0.18739639163788335,14.017341040462428,Low,71.85693641618496,Nurture / Monitor,24.45277777777778,4,984.91,90.9576388888889,492.455,92.28429004403384,Low-cost digital nurture,0.5,2.768528701321015,2.268528701321015,Low-cost nurture communication and continued monitoring,0,1,1184.0
15521,2011-09-01,United Kingdom,0.262672562719681,19.833815028901732,Low,89.41473988439307,Protect High Value,48.325,5,2116.98,106.28958333333334,1058.49,278.0362809131551,VIP or loyalty service,12.0,22.24290247305241,10.24290247305241,Proactive loyalty or VIP service without aggressive discounting,0,0,
15527,2011-09-01,United Kingdom,0.2063888471893909,15.679190751445088,Low,63.4393063583815,Nurture / Monitor,44.5125,3,750.49,75.00208333333333,375.245,77.44638296358299,Low-cost digital nurture,0.5,2.3233914889074896,1.8233914889074896,Low-cost nurture communication and continued monitoring,0,0,
15528,2011-09-01,United Kingdom,0.7918959881192144,91.32947976878613,Critical,23.19364161849711,Reactivate Efficiently,154.32361111111112,1,229.33,0.0,114.665,90.80275347768972,Automated targeted campaign,5.0,13.620413021653457,8.620413021653457,Automated re-engagement with targeted product recommendations,1,0,
15529,2011-09-01,United Kingdom,0.20115573511745358,15.28179190751445,Low,86.41618497109826,Protect High Value,42.515277777777776,5,1816.34,132.96041666666667,908.17,182.68360396161782,VIP or loyalty service,12.0,14.614688316929426,2.614688316929426,Proactive loyalty or VIP service without aggressive discounting,0,0,
15530,2011-09-01,United Kingdom,0.5645139380675337,55.49132947976878,Medium,76.51734104046243,Nurture / Monitor,49.489583333333336,3,1163.69,97.04097222222222,581.845,328.45961229490416,Low-cost digital nurture,0.5,9.853788368847125,9.353788368847125,Low-cost nurture communication and continued monitoring,0,1,269.0
15532,2011-09-01,United Kingdom,0.294929365773962,22.6878612716763,Low,67.16040462427746,Nurture / Monitor,31.449305555555554,2,850.79,34.99236111111111,425.395,125.46147755341457,Low-cost digital nurture,0.5,3.763844326602437,3.263844326602437,Low-cost nurture communication and continued monitoring,0,1,854.0
15535,2011-09-01,United Kingdom,0.44208326934489356,36.84971098265896,Low,24.783236994219653,Nurture / Monitor,73.33194444444445,2,243.86,63.05972222222222,121.93,53.903213031222876,Low-cost digital nurture,0.5,1.6170963909366862,1.1170963909366862,Low-cost nurture communication and continued monitoring,1,0,
15537,2011-09-01,United Kingdom,0.7215259461036602,81.0693641618497,High,6.069364161849711,Reactivate Efficiently,63.451388888888886,1,110.92,0.0,55.46,40.01582897090899,Automated targeted campaign,5.0,6.0023743456363485,1.0023743456363485,Automated re-engagement with targeted product recommendations,1,0,
15541,2011-09-01,United Kingdom,0.6562056613144756,70.66473988439307,Medium,3.504335260115607,Nurture / Monitor,14.376388888888888,1,85.13000000000001,0.0,42.565000000000005,27.931393973850653,Low-cost digital nurture,0.5,0.8379418192155196,0.3379418192155196,Low-cost nurture communication and continued monitoring,1,0,
15544,2011-09-01,United Kingdom,0.14685421208973434,11.560693641618498,Low,83.45375722543352,Protect High Value,19.618055555555557,4,1573.25,91.68402777777777,786.625,115.51919458508728,VIP or loyalty service,12.0,9.241535566806983,-2.7584644331930175,Proactive loyalty or VIP service without aggressive discounting,0,0,
15547,2011-09-01,United Kingdom,0.1377248210791803,10.946531791907514,Low,79.1907514450867,Nurture / Monitor,10.316666666666666,4,1331.3300000000002,161.19861111111112,665.6650000000001,91.67859302367256,Low-cost digital nurture,0.5,2.7503577907101766,2.2503577907101766,Low-cost nurture communication and continued monitoring,0,1,1187.0
15549,2011-09-01,United Kingdom,0.46887797488306543,40.57080924855491,Low,60.83815028901734,Nurture / Monitor,57.46736111111111,1,689.58,0.0,344.79,161.66443695993215,Low-cost digital nurture,0.5,4.8499331087979645,4.3499331087979645,Low-cost nurture communication and continued monitoring,0,1,608.0
15550,2011-09-01,United Kingdom,0.4070021773270973,32.297687861271676,Low,30.13005780346821,Nurture / Monitor,6.3625,2,295.38,63.97013888888889,147.69,60.110151569439005,Low-cost digital nurture,0.5,1.8033045470831701,1.3033045470831701,Low-cost nurture communication and continued monitoring,1,0,
15552,2011-09-01,United Kingdom,0.8983227917672388,98.73554913294798,Critical,3.9378612716763004,Reactivate Efficiently,117.38402777777777,1,90.12,0.0,45.06,40.47842499703179,Automated targeted campaign,5.0,6.071763749554768,1.0717637495547683,Automated re-engagement with targeted product recommendations,1,0,
15554,2011-09-01,United Kingdom,0.8124332798540123,93.82225433526011,Critical,21.929190751445088,Reactivate Efficiently,177.625,1,217.2,0.0,108.6,88.23025419214572,Automated targeted campaign,5.0,13.234538128821859,8.234538128821859,Automated re-engagement with targeted product recommendations,1,0,
15555,2011-09-01,United Kingdom,0.0658152269691528,5.780346820809249,Low,86.45231213872833,Protect High Value,3.488888888888889,7,1819.81,132.93958333333333,909.905,59.88560409536698,VIP or loyalty service,12.0,4.790848327629359,-7.209151672370641,Proactive loyalty or VIP service without aggressive discounting,0,0,
15561,2011-09-01,United Kingdom,0.5513744207217931,52.89017341040463,Medium,47.72398843930636,Nurture / Monitor,49.52777777777778,3,449.67,65.9875,224.835,123.96826788298435,Low-cost digital nurture,0.5,3.7190480364895304,3.2190480364895304,Low-cost nurture communication and continued monitoring,0,1,864.0
15563,2011-09-01,United Kingdom,0.5081350338316737,46.56791907514451,Low,48.880057803468205,Nurture / Monitor,100.5111111111111,1,465.43,0.0,232.715,118.25064439813795,Low-cost digital nurture,0.5,3.5475193319441383,3.0475193319441383,Low-cost nurture communication and continued monitoring,0,1,905.0
15569,2011-09-01,United Kingdom,0.3692331535851994,29.046242774566473,Low,74.4942196531792,Nurture / Monitor,3.5729166666666665,4,1087.21,27.98402777777778,543.605,200.71698845468234,Low-cost digital nurture,0.5,6.02150965364047,5.52150965364047,Low-cost nurture communication and continued monitoring,1,1,450.0
15570,2011-09-01,United Kingdom,0.25254610840203134,18.930635838150287,Low,66.94364161849711,Nurture / Monitor,41.47986111111111,3,842.59,98.09166666666667,421.295,106.3964127392338,Low-cost digital nurture,0.5,3.1918923821770138,2.6918923821770138,Low-cost nurture communication and continued monitoring,0,1,1038.0
15572,2011-09-01,United Kingdom,0.3634087067608811,28.28757225433526,Low,83.05635838150289,Protect High Value,9.552777777777777,4,1552.79,168.83333333333334,776.395,282.1487028856143,VIP or loyalty service,12.0,22.571896230849145,10.571896230849145,Proactive loyalty or VIP service without aggressive discounting,0,0,
15574,2011-09-01,United Kingdom,0.5267034208243832,49.38583815028902,Low,6.430635838150289,Nurture / Monitor,77.49930555555555,1,112.1,0.0,56.05,29.521726737206674,Low-cost digital nurture,0.5,0.8856518021162002,0.3856518021162002,Low-cost nurture communication and continued monitoring,1,0,
15577,2011-09-01,United Kingdom,0.7298750427902967,82.26156069364163,High,23.121387283236995,Reactivate Efficiently,51.28958333333333,2,229.23,0.002777777777777778,114.615,83.65462802940985,Automated targeted campaign,5.0,12.548194204411477,7.548194204411477,Automated re-engagement with targeted product recommendations,1,0,
15578,2011-09-01,United Kingdom,0.738828133421768,83.45375722543352,High,8.959537572254336,Reactivate Efficiently,62.45625,1,127.1,0.0,63.55,46.952527878953354,Automated targeted campaign,5.0,7.042879181843003,2.042879181843003,Automated re-engagement with targeted product recommendations,1,0,
15581,2011-09-01,United Kingdom,0.13670582594179242,10.657514450867051,Low,43.35260115606936,Nurture / Monitor,56.41388888888889,6,393.57000000000005,118.98055555555555,196.78500000000003,26.901655957955626,Low-cost digital nurture,0.5,0.8070496787386687,0.30704967873866873,Low-cost nurture communication and continued monitoring,1,0,
15582,2011-09-01,United Kingdom,0.6128037594572932,63.76445086705203,Medium,53.4320809248555,Nurture / Monitor,0.38055555555555554,2,541.51,120.05277777777778,270.755,165.9196818918594,Low-cost digital nurture,0.5,4.977590456755782,4.477590456755782,Low-cost nurture communication and continued monitoring,0,1,588.0
15584,2011-09-01,United Kingdom,0.6519325159991783,70.19508670520231,Medium,12.536127167630056,Nurture / Monitor,62.30625,1,150.4,0.0,75.2,49.025325203138216,Low-cost digital nurture,0.5,1.4707597560941463,0.9707597560941463,Low-cost nurture communication and continued monitoring,0,0,
15585,2011-09-01,United Kingdom,0.709364264470102,79.51589595375722,Medium,48.15751445086705,Nurture / Monitor,76.64027777777778,1,455.3,0.0,227.65,161.48677480661874,Low-cost digital nurture,0.5,4.844603244198562,4.344603244198562,Low-cost nurture communication and continued monitoring,1,1,609.0
15587,2011-09-01,United Kingdom,0.6091238169272158,63.04190751445087,Medium,6.394508670520231,Nurture / Monitor,42.541666666666664,1,111.96,0.0,55.98,34.09875127158554,Low-cost digital nurture,0.5,1.0229625381475662,0.5229625381475662,Low-cost nurture communication and continued monitoring,0,0,
15589,2011-09-01,United Kingdom,0.6330914428885226,67.30491329479769,Medium,29.84104046242775,Nurture / Monitor,155.5875,2,293.58,0.0006944444444444445,146.79,92.93149290160622,Low-cost digital nurture,0.5,2.7879447870481866,2.2879447870481866,Low-cost nurture communication and continued monitoring,1,1,1179.0
15594,2011-09-01,United Kingdom,0.7637494742372748,87.21098265895954,High,27.239884393063583,Reactivate Efficiently,134.57777777777778,1,267.91,0.0,133.955,102.30806082145415,Automated targeted campaign,5.0,15.346209123218122,10.346209123218122,Automated re-engagement with targeted product recommendations,0,0,
15596,2011-09-01,United Kingdom,0.3450917150300961,26.40895953757225,Low,35.76589595375722,Nurture / Monitor,0.5451388888888888,2,326.09,114.03680555555556,163.045,56.265478677082015,Low-cost digital nurture,0.5,1.6879643603124603,1.1879643603124603,Low-cost nurture communication and continued monitoring,1,0,
15599,2011-09-01,United Kingdom,0.7606087659741887,86.84971098265896,High,47.65173410404625,Reactivate Efficiently,104.45486111111111,1,448.83,0.0,224.415,170.69201621609756,Automated targeted campaign,5.0,25.603802432414632,20.603802432414632,Automated re-engagement with targeted product recommendations,0,1,135.0
15601,2011-09-01,United Kingdom,0.09275462190339481,7.839595375722544,Low,86.27167630057804,Protect High Value,22.606944444444444,4,1795.26,129.87291666666667,897.63,83.25933125914429,VIP or loyalty service,12.0,6.660746500731543,-5.339253499268457,Proactive loyalty or VIP service without aggressive discounting,0,0,
15602,2011-09-01,United Kingdom,0.5201849598481227,48.41040462427746,Low,10.513005780346822,Nurture / Monitor,100.47569444444444,1,138.2,0.0,69.1,35.944780725505275,Low-cost digital nurture,0.5,1.0783434217651582,0.5783434217651582,Low-cost nurture communication and continued monitoring,0,0,
15605,2011-09-01,United Kingdom,0.6450755178270732,69.0028901734104,Medium,33.92341040462428,Nurture / Monitor,152.42569444444445,1,312.58,0.0,156.29,100.81885268119326,Low-cost digital nurture,0.5,3.0245655804357976,2.5245655804357976,Low-cost nurture communication and continued monitoring,0,1,1088.0
15606,2011-09-01,United Kingdom,0.13699635447318115,10.802023121387283,Low,82.55057803468208,Protect High Value,19.375,5,1524.51,159.13055555555556,762.255,104.4261561789547,VIP or loyalty service,12.0,8.354092494316376,-3.645907505683624,Proactive loyalty or VIP service without aggressive discounting,0,0,
15608,2011-09-01,United Kingdom,0.7676773118304555,87.89739884393065,High,29.046242774566473,Reactivate Efficiently,20.586111111111112,1,285.68,0.0,142.84,109.65502722186227,Automated targeted campaign,5.0,16.44825408327934,11.448254083279341,Automated re-engagement with targeted product recommendations,0,0,
15609,2011-09-01,United Kingdom,0.7221106995682371,81.28612716763006,High,30.5635838150289,Reactivate Efficiently,84.45833333333333,1,298.48,0.0,149.24,107.76780080356372,Automated targeted campaign,5.0,16.165170120534558,11.165170120534558,Automated re-engagement with targeted product recommendations,1,0,
15611,2011-09-01,United Kingdom,0.11313404629776548,9.320809248554914,Low,62.46387283236994,Nurture / Monitor,3.5555555555555554,5,728.1400000000001,152.83194444444445,364.07000000000005,41.188712235627484,Low-cost digital nurture,0.5,1.2356613670688246,0.7356613670688246,Low-cost nurture communication and continued monitoring,0,0,
15615,2011-09-01,United Kingdom,0.014310555745726717,2.023121387283237,Low,96.89306358381504,Protect High Value,5.471527777777778,14,4932.75,158.09027777777777,2466.375,35.29519692736673,VIP or loyalty service,12.0,2.8236157541893387,-9.176384245810661,Proactive loyalty or VIP service without aggressive discounting,0,0,
15618,2011-09-01,United Kingdom,0.7183767663858094,80.63583815028902,High,22.326589595375722,Reactivate Efficiently,36.574305555555554,1,222.82999999999998,0.0,111.41499999999999,80.03794742687495,Automated targeted campaign,5.0,12.005692114031243,7.005692114031243,Automated re-engagement with targeted product recommendations,0,0,
15620,2011-09-01,United Kingdom,0.5172034862221729,47.832369942196536,Low,47.86849710982659,Nurture / Monitor,120.52638888888889,1,450.52,0.0,225.26,116.50525730640668,Low-cost digital nurture,0.5,3.4951577191922003,2.9951577191922003,Low-cost nurture communication and continued monitoring,0,1,924.0
15622,2011-09-01,United Kingdom,0.3664062509108443,28.684971098265894,Low,88.29479768786128,Protect High Value,97.41041666666666,4,2026.0,28.023611111111112,1013.0,371.16953217268525,VIP or loyalty service,12.0,29.69356257381482,17.69356257381482,Proactive loyalty or VIP service without aggressive discounting,0,0,
15623,2011-09-01,United Kingdom,0.4803801188714213,42.52167630057804,Low,31.177745664739888,Nurture / Monitor,41.27361111111111,1,301.03,0.0,150.515,72.30441359193198,Low-cost digital nurture,0.5,2.1691324077579592,1.6691324077579592,Low-cost nurture communication and continued monitoring,1,0,
15624,2011-09-01,United Kingdom,0.26369718541036147,19.942196531791907,Low,55.563583815028906,Nurture / Monitor,16.51527777777778,4,588.13,139.92083333333332,294.065,77.54411282769794,Low-cost digital nurture,0.5,2.326323384830938,1.8263233848309381,Low-cost nurture communication and continued monitoring,1,0,
15625,2011-09-01,United Kingdom,0.15965931094005958,12.391618497109826,Low,82.73121387283237,Protect High Value,3.56875,4,1534.2599999999998,131.84722222222223,767.1299999999999,122.4794472014479,VIP or loyalty service,12.0,9.798355776115832,-2.201644223884168,Proactive loyalty or VIP service without aggressive discounting,1,0,
15628,2011-09-01,United Kingdom,0.24376873737138555,18.38872832369942,Low,72.07369942196532,Nurture / Monitor,28.495833333333334,3,994.3700000000001,126.88055555555556,497.18500000000006,121.19815968999234,Low-cost digital nurture,0.5,3.63594479069977,3.13594479069977,Low-cost nurture communication and continued monitoring,0,1,881.0
15630,2011-09-01,United Kingdom,0.9006965314033513,98.84393063583815,Critical,43.641618497109825,Reactivate Efficiently,104.57222222222222,1,396.86,0.0,198.43,178.725212726367,Automated targeted campaign,5.0,26.80878190895505,21.80878190895505,Automated re-engagement with targeted product recommendations,0,1,130.0
15632,2011-09-01,United Kingdom,0.1199308721647602,9.645953757225435,Low,91.04046242774567,Protect High Value,21.54375,6,2351.84,153.1027777777778,1175.92,141.02911119598483,VIP or loyalty service,12.0,11.282328895678786,-0.7176711043212141,Proactive loyalty or VIP service without aggressive discounting,0,0,
15639,2011-09-01,United Kingdom,0.725415035431327,81.7557803468208,High,46.206647398843934,Reactivate Efficiently,34.395833333333336,1,425.32,0.0,212.66,154.266761434826,Automated targeted campaign,5.0,23.1400142152239,18.1400142152239,Automated re-engagement with targeted product recommendations,1,1,154.0
15640,2011-09-01,United Kingdom,0.052390293941537165,4.696531791907514,Low,96.38728323699422,Protect High Value,21.552083333333332,6,4558.360000000001,118.78263888888888,2279.1800000000003,119.4069101456727,VIP or loyalty service,12.0,9.552552811653817,-2.4474471883461835,Proactive loyalty or VIP service without aggressive discounting,0,0,
15641,2011-09-01,United Kingdom,0.33599431023693765,25.50578034682081,Low,75.79479768786128,Nurture / Monitor,5.413888888888889,2,1125.04,155.10763888888889,562.52,189.00351939448217,Low-cost digital nurture,0.5,5.670105581834465,5.170105581834465,Low-cost nurture communication and continued monitoring,1,1,485.0
15643,2011-09-01,United Kingdom,0.5957632304626118,60.40462427745664,Medium,36.054913294797686,Nurture / Monitor,91.68194444444444,2,326.9,0.0006944444444444445,163.45,97.3775000191139,Low-cost digital nurture,0.5,2.921325000573417,2.421325000573417,Low-cost nurture communication and continued monitoring,1,1,1126.0
15644,2011-09-01,United Kingdom,0.532933074577146,50.32514450867052,Medium,65.4985549132948,Nurture / Monitor,66.37916666666666,4,803.54,94.97013888888888,401.77,214.11652137285995,Low-cost digital nurture,0.5,6.423495641185799,5.923495641185799,Low-cost nurture communication and continued monitoring,1,1,410.0
15646,2011-09-01,United Kingdom,0.4692682887631362,40.60693641618497,Low,26.228323699421964,Nurture / Monitor,57.58819444444445,2,257.84000000000003,89.02847222222222,128.92000000000002,60.49806778734353,Low-cost digital nurture,0.5,1.814942033620306,1.314942033620306,Low-cost nurture communication and continued monitoring,1,0,
15648,2011-09-01,United Kingdom,0.5437256228796454,51.66184971098266,Medium,58.74277456647399,Nurture / Monitor,104.33819444444444,2,639.5,62.87083333333333,319.75,173.85626791576664,Low-cost digital nurture,0.5,5.215688037472999,4.715688037472999,Low-cost nurture communication and continued monitoring,1,1,548.0
15651,2011-09-01,United Kingdom,0.6337031388820965,67.41329479768787,Medium,22.904624277456648,Nurture / Monitor,160.62777777777777,1,227.32,0.0,113.66,72.02669876533909,Low-cost digital nurture,0.5,2.1608009629601725,1.6608009629601725,Low-cost nurture communication and continued monitoring,0,0,
15653,2011-09-01,United Kingdom,0.7025598424569646,78.35982658959537,Medium,1.2644508670520231,Nurture / Monitor,15.590277777777779,1,48.0,0.0,24.0,16.86143621896715,Low-cost digital nurture,0.5,0.5058430865690144,0.005843086569014444,Low-cost nurture communication and continued monitoring,0,0,
15655,2011-09-01,United Kingdom,0.743590445898856,84.10404624277457,High,54.407514450867055,Reactivate Efficiently,143.35763888888889,1,560.67,0.0,280.335,208.4544276510558,Automated targeted campaign,5.0,31.268164147658368,26.268164147658368,Automated re-engagement with targeted product recommendations,1,1,117.0
15656,2011-09-01,United Kingdom,0.43946270274381266,36.452312138728324,Low,35.15173410404625,Nurture / Monitor,78.425,2,320.68,42.06319444444444,160.34,70.46344975794293,Low-cost digital nurture,0.5,2.1139034927382876,1.6139034927382876,Low-cost nurture communication and continued monitoring,0,0,
15658,2011-09-01,United Kingdom,0.4725532079490728,41.40173410404625,Low,47.543352601156066,Nurture / Monitor,90.35972222222222,3,447.7,71.26944444444445,223.85,105.78103559939994,Low-cost digital nurture,0.5,3.173431067981998,2.673431067981998,Low-cost nurture communication and continued monitoring,1,1,1049.0
15660,2011-09-01,United Kingdom,0.31528480681477206,23.952312138728324,Low,51.95086705202312,Nurture / Monitor,35.61527777777778,4,520.04,68.95694444444445,260.02,81.98035546797702,Low-cost digital nurture,0.5,2.4594106640393103,1.9594106640393103,Low-cost nurture communication and continued monitoring,0,0,
15663,2011-09-01,United Kingdom,0.6776463951184211,74.34971098265896,Medium,10.440751445086706,Nurture / Monitor,6.340277777777778,1,138.14,0.0,69.07,46.80503651082934,Low-cost digital nurture,0.5,1.4041510953248801,0.9041510953248801,Low-cost nurture communication and continued monitoring,1,0,
15665,2011-09-01,United Kingdom,0.4880403039505585,43.4971098265896,Low,90.46242774566474,Protect High Value,68.37708333333333,2,2222.21,74.99166666666666,1111.105,542.2640219209853,VIP or loyalty service,12.0,43.381121753678826,31.381121753678826,Proactive loyalty or VIP service without aggressive discounting,1,1,98.0
15668,2011-09-01,United Kingdom,0.8263049756705811,95.26734104046243,Critical,2.9624277456647397,Reactivate Efficiently,117.55625,1,76.32000000000001,0.0,38.160000000000004,31.53179787158938,Automated targeted campaign,5.0,4.729769680738407,-0.2702303192615929,Automated re-engagement with targeted product recommendations,1,0,
15669,2011-09-01,United Kingdom,0.2662078505174502,20.08670520231214,Low,54.6242774566474,Nurture / Monitor,3.5284722222222222,3,565.54,160.0875,282.77,75.2755938908194,Low-cost digital nurture,0.5,2.2582678167245818,1.7582678167245818,Low-cost nurture communication and continued monitoring,0,0,
15671,2011-09-01,United Kingdom,0.35300297646443385,27.3121387283237,Low,79.29913294797689,Nurture / Monitor,26.30763888888889,4,1334.49,144.29166666666666,667.245,235.53947103101117,Low-cost digital nurture,0.5,7.066184130930335,6.566184130930335,Low-cost nurture communication and continued monitoring,0,1,355.0
15673,2011-09-01,United Kingdom,0.37344174833442667,29.552023121387283,Low,75.90317919075144,Nurture / Monitor,56.572916666666664,2,1134.44,57.91319444444444,567.22,211.8236284902535,Low-cost digital nurture,0.5,6.354708854707605,5.854708854707605,Low-cost nurture communication and continued monitoring,0,1,418.0
15674,2011-09-01,United Kingdom,0.4713963520205251,41.148843930635834,Low,73.66329479768787,Nurture / Monitor,115.32569444444445,3,1044.95,39.28611111111111,522.475,246.29280902192386,Low-cost digital nurture,0.5,7.388784270657715,6.888784270657715,Low-cost nurture communication and continued monitoring,0,1,341.0
15675,2011-09-01,United Kingdom,0.5198754949880462,48.3742774566474,Low,17.052023121387283,Nurture / Monitor,55.19861111111111,1,180.39,0.0,90.195,46.89017027044682,Low-cost digital nurture,0.5,1.4067051081134045,0.9067051081134045,Low-cost nurture communication and continued monitoring,0,0,
15679,2011-09-01,United Kingdom,0.5256315046381876,49.24132947976879,Low,26.553468208092486,Nurture / Monitor,54.43680555555556,2,260.26,28.213194444444444,130.13,68.40042769856736,Low-cost digital nurture,0.5,2.0520128309570205,1.5520128309570205,Low-cost nurture communication and continued monitoring,0,0,
15681,2011-09-01,United Kingdom,0.5183552572912072,48.12138728323699,Low,39.812138728323696,Nurture / Monitor,83.30972222222222,2,357.53999999999996,0.0006944444444444445,178.76999999999998,92.66636934594911,Low-cost digital nurture,0.5,2.779991080378473,2.279991080378473,Low-cost nurture communication and continued monitoring,0,1,1182.0
15683,2011-09-01,United Kingdom,0.8368591795932702,95.95375722543352,Critical,18.569364161849713,Reactivate Efficiently,17.461111111111112,1,193.75,0.0,96.875,81.07073302309804,Automated targeted campaign,5.0,12.160609953464705,7.160609953464705,Automated re-engagement with targeted product recommendations,1,0,
15687,2011-09-01,United Kingdom,0.49600675167058633,44.6893063583815,Low,59.104046242774565,Nurture / Monitor,86.61597222222223,2,646.9,81.97291666666666,323.45,160.43338382785115,Low-cost digital nurture,0.5,4.813001514835534,4.313001514835534,Low-cost nurture communication and continued monitoring,0,1,618.0
15689,2011-09-01,United Kingdom,0.6739743351949418,73.69942196531792,Medium,12.608381502890174,Nurture / Monitor,19.599305555555556,1,150.6,0.0,75.3,50.750267440179115,Low-cost digital nurture,0.5,1.5225080232053734,1.0225080232053734,Low-cost nurture communication and continued monitoring,1,0,
15690,2011-09-01,United Kingdom,0.6898273078548799,76.15606936416185,Medium,6.177745664739884,Nurture / Monitor,0.5138888888888888,1,111.0,0.0,55.5,38.285415585945834,Low-cost digital nurture,0.5,1.148562467578375,0.648562467578375,Low-cost nurture communication and continued monitoring,1,0,
15691,2011-09-01,United Kingdom,0.6857037769366396,75.65028901734104,Medium,10.223988439306359,Nurture / Monitor,152.3659722222222,1,136.8,0.0,68.4,46.90213834246615,Low-cost digital nurture,0.5,1.4070641502739845,0.9070641502739845,Low-cost nurture communication and continued monitoring,1,0,
15694,2011-09-01,United Kingdom,0.26701338790669155,20.19508670520231,Low,88.80057803468208,Protect High Value,76.32916666666667,5,2060.66,92.05,1030.33,275.1119039619015,VIP or loyalty service,12.0,22.00895231695212,10.008952316952119,Proactive loyalty or VIP service without aggressive discounting,0,0,
15695,2011-09-01,United Kingdom,0.7614929779985683,86.88583815028902,High,44.76156069364162,Reactivate Efficiently,166.64444444444445,2,409.98,0.0006944444444444445,204.99,156.09844555992652,Automated targeted campaign,5.0,23.414766833988978,18.414766833988978,Automated re-engagement with targeted product recommendations,1,1,150.0
15696,2011-09-01,United Kingdom,0.40803095698516684,32.40606936416185,Low,67.26878612716763,Nurture / Monitor,120.51805555555555,3,852.44,57.884027777777774,426.22,173.91095448621783,Low-cost digital nurture,0.5,5.217328634586535,4.717328634586535,Low-cost nurture communication and continued monitoring,0,1,547.0
15700,2011-09-01,United Kingdom,0.5936886257098275,60.07947976878613,Medium,61.1271676300578,Nurture / Monitor,72.29652777777778,2,696.68,1.0534722222222221,348.34,206.8054958797613,Low-cost digital nurture,0.5,6.204164876392839,5.704164876392839,Low-cost nurture communication and continued monitoring,1,1,436.0
15701,2011-09-01,United Kingdom,0.5161201823023439,47.615606936416185,Low,67.30491329479769,Nurture / Monitor,10.475,1,853.9,0.0,426.95,220.35751183398574,Low-cost digital nurture,0.5,6.610725355019572,6.110725355019572,Low-cost nurture communication and continued monitoring,0,1,395.0
15703,2011-09-01,United Kingdom,0.8293179882650814,95.44797687861272,Critical,20.845375722543352,Reactivate Efficiently,164.54791666666668,1,211.5,0.0,105.75,87.70037725903236,Automated targeted campaign,5.0,13.155056588854855,8.155056588854855,Automated re-engagement with targeted product recommendations,1,0,
15704,2011-09-01,United Kingdom,0.4628553283774116,39.73988439306358,Low,90.82369942196532,Protect High Value,40.43402777777778,4,2293.62,75.03680555555556,1146.81,530.8071191364994,VIP or loyalty service,12.0,42.46456953091995,30.464569530919952,Proactive loyalty or VIP service without aggressive discounting,1,1,100.0
15705,2011-09-01,United Kingdom,0.7850558732351658,90.24566473988439,Critical,11.578757225433527,Reactivate Efficiently,101.34930555555556,1,143.1,0.0,71.55,56.17074772997611,Automated targeted campaign,5.0,8.425612159496415,3.4256121594964153,Automated re-engagement with targeted product recommendations,1,0,
15706,2011-09-01,United Kingdom,0.6302740187741949,66.83526011560693,Medium,47.8143063583815,Nurture / Monitor,16.394444444444446,1,450.05,0.0,225.025,141.82741107466322,Low-cost digital nurture,0.5,4.254822332239897,3.754822332239897,Low-cost nurture communication and continued monitoring,0,1,738.0
15708,2011-09-01,United Kingdom,0.2907285138384823,22.109826589595375,Low,74.24132947976878,Nurture / Monitor,38.486111111111114,2,1075.98,84.03055555555555,537.99,156.4090331599651,Low-cost digital nurture,0.5,4.692270994798953,4.192270994798953,Low-cost nurture communication and continued monitoring,0,1,638.0
15712,2011-09-01,United Kingdom,0.37280897928745194,29.443641618497107,Low,49.02456647398844,Nurture / Monitor,9.511111111111111,2,466.51,73.83055555555555,233.255,86.9595584636946,Low-cost digital nurture,0.5,2.608786753910838,2.108786753910838,Low-cost nurture communication and continued monitoring,0,1,1245.0
15713,2011-09-01,United Kingdom,0.6916870321061257,76.44508670520231,Medium,17.666184971098268,Nurture / Monitor,43.43472222222222,1,185.55,0.0,92.775,64.17126440364582,Low-cost digital nurture,0.5,1.9251379321093747,1.4251379321093747,Low-cost nurture communication and continued monitoring,1,0,
15716,2011-09-01,United Kingdom,0.2613769472032422,19.58092485549133,Low,54.98554913294797,Nurture / Monitor,45.50069444444444,3,571.71,111.95069444444445,285.855,74.7159072427828,Low-cost digital nurture,0.5,2.2414772172834843,1.7414772172834843,Low-cost nurture communication and continued monitoring,1,0,
15717,2011-09-01,United Kingdom,0.6778773203464017,74.45809248554913,Medium,12.463872832369942,Nurture / Monitor,134.44375,1,150.3,0.0,75.15,50.94248062403209,Low-cost digital nurture,0.5,1.5282744187209627,1.0282744187209627,Low-cost nurture communication and continued monitoring,1,0,
15719,2011-09-01,United Kingdom,0.07009150029738323,6.25,Low,91.79913294797689,Protect High Value,26.48125,7,2504.1,136.0,1252.05,87.75806294733867,VIP or loyalty service,12.0,7.020645035787094,-4.979354964212906,Proactive loyalty or VIP service without aggressive discounting,0,0,
15722,2011-09-01,United Kingdom,0.3867164064666265,30.70809248554913,Low,74.56647398843931,Nurture / Monitor,8.520833333333334,2,1089.4,78.97083333333333,544.7,210.64442660237148,Low-cost digital nurture,0.5,6.3193327980711445,5.8193327980711445,Low-cost nurture communication and continued monitoring,0,1,424.0
15724,2011-09-01,United Kingdom,0.5340487988906959,50.433526011560694,Medium,7.261560693641618,Nurture / Monitor,101.38888888888889,1,114.60000000000001,0.0,57.300000000000004,30.600996176436876,Low-cost digital nurture,0.5,0.9180298852931063,0.41802988529310625,Low-cost nurture communication and continued monitoring,1,0,
15727,2011-09-01,United Kingdom,0.13187239938674183,10.296242774566473,Low,91.94364161849711,Protect High Value,7.379166666666666,4,2517.69,141.11527777777778,1258.845,166.00691060600303,VIP or loyalty service,12.0,13.280552848480243,1.2805528484802426,Proactive loyalty or VIP service without aggressive discounting,0,0,
15729,2011-09-01,United Kingdom,0.6851333213477772,75.43352601156069,Medium,3.4501445086705202,Nurture / Monitor,112.475,1,85.0,0.0,42.5,29.11816615728053,Low-cost digital nurture,0.5,0.8735449847184159,0.3735449847184159,Low-cost nurture communication and continued monitoring,1,0,
15730,2011-09-01,United Kingdom,0.5833559605958472,58.41763005780347,Medium,49.0606936416185,Nurture / Monitor,106.47013888888888,1,467.43,0.0,233.715,136.3390383306584,Low-cost digital nurture,0.5,4.090171149919752,3.590171149919752,Low-cost nurture communication and continued monitoring,0,1,777.0
15732,2011-09-01,United Kingdom,0.5768889213696878,57.22543352601156,Medium,13.367052023121387,Nurture / Monitor,112.4,1,156.02,0.0,78.01,45.00310475604935,Low-cost digital nurture,0.5,1.3500931426814806,0.8500931426814806,Low-cost nurture communication and continued monitoring,1,0,
15734,2011-09-01,United Kingdom,0.5938734326212638,60.115606936416185,Medium,79.40751445086705,Nurture / Monitor,14.54861111111111,2,1339.4500000000003,85.82708333333333,669.7250000000001,397.731884662276,Low-cost digital nurture,0.5,11.93195653986828,11.43195653986828,Low-cost nurture communication and continued monitoring,1,1,252.0
15737,2011-09-01,United Kingdom,0.2926407251196159,22.254335260115607,Low,68.5693641618497,Nurture / Monitor,47.47708333333333,5,880.9300000000001,95.10555555555555,440.46500000000003,128.89799698981165,Low-cost digital nurture,0.5,3.866939909694349,3.366939909694349,Low-cost nurture communication and continued monitoring,0,1,828.0
15738,2011-09-01,United Kingdom,0.03477392980555309,3.2875722543352603,Low,90.71531791907515,Protect High Value,9.589583333333334,8,2273.27,160.84444444444443,1136.635,39.52526570453484,VIP or loyalty service,12.0,3.162021256362787,-8.837978743637212,Proactive loyalty or VIP service without aggressive discounting,0,0,
15743,2011-09-01,United Kingdom,0.5605929306135083,54.804913294797686,Medium,46.7485549132948,Nurture / Monitor,13.470138888888888,2,434.05,71.10347222222222,217.025,121.66268076639665,Low-cost digital nurture,0.5,3.6498804229918993,3.1498804229918993,Low-cost nurture communication and continued monitoring,0,1,877.0
15745,2011-09-01,United Kingdom,0.7770459109989581,88.98121387283237,High,31.502890173410403,Reactivate Efficiently,136.45555555555555,1,302.85,0.0,151.425,117.66417707301724,Automated targeted campaign,5.0,17.649626560952587,12.649626560952587,Automated re-engagement with targeted product recommendations,0,1,235.0
15746,2011-09-01,United Kingdom,0.6762093001265835,74.0606936416185,Medium,18.89450867052023,Nurture / Monitor,34.360416666666666,1,196.88,0.0,98.44,66.56604350446088,Low-cost digital nurture,0.5,1.9969813051338263,1.4969813051338263,Low-cost nurture communication and continued monitoring,1,0,
15747,2011-09-01,United Kingdom,0.4711533637059052,41.11271676300578,Low,52.27601156069365,Nurture / Monitor,20.413888888888888,2,525.37,52.106944444444444,262.685,123.76492134508571,Low-cost digital nurture,0.5,3.712947640352571,3.212947640352571,Low-cost nurture communication and continued monitoring,0,1,866.0
15749,2011-09-01,United Kingdom,0.42706354033575966,34.790462427745666,Low,99.34971098265896,Protect High Value,135.44444444444446,1,21535.9,0.0,10767.95,4598.598849158444,VIP or loyalty service,12.0,367.88790793267555,355.88790793267555,Proactive loyalty or VIP service without aggressive discounting,1,1,1.0
15750,2011-09-01,United Kingdom,0.3875726202511215,30.78034682080925,Low,50.75867052023122,Nurture / Monitor,70.4888888888889,1,497.26,0.0,248.63,96.36218057303634,Low-cost digital nurture,0.5,2.89086541719109,2.39086541719109,Low-cost nurture communication and continued monitoring,0,1,1140.0
15752,2011-09-01,United Kingdom,0.21282218180417192,16.29335260115607,Low,79.80491329479769,Nurture / Monitor,15.558333333333334,4,1353.2,161.82291666666666,676.6,143.99548820870274,Low-cost digital nurture,0.5,4.319864646261082,3.819864646261082,Low-cost nurture communication and continued monitoring,0,1,714.0
15754,2011-09-01,United Kingdom,0.6686361011804439,72.9407514450867,Medium,4.118497109826589,Nurture / Monitor,146.48333333333332,1,91.8,0.0,45.9,30.690397044182376,Low-cost digital nurture,0.5,0.9207119113254713,0.42071191132547126,Low-cost nurture communication and continued monitoring,0,0,
15755,2011-09-01,United Kingdom,0.3036107244120554,23.157514450867055,Low,66.36560693641619,Nurture / Monitor,8.36111111111111,2,830.1500000000001,127.05486111111111,415.07500000000005,126.0212214353339,Low-cost digital nurture,0.5,3.7806366430600167,3.2806366430600167,Low-cost nurture communication and continued monitoring,0,1,849.0
15756,2011-09-01,United Kingdom,0.3439981935567786,26.33670520231214,Low,40.31791907514451,Nurture / Monitor,52.52847222222222,3,359.89,96.88819444444445,179.945,61.90075493957452,Low-cost digital nurture,0.5,1.8570226481872354,1.3570226481872354,Low-cost nurture communication and continued monitoring,0,0,
15757,2011-09-01,United Kingdom,0.5997950157974282,60.982658959537574,Medium,26.734104046242773,Nurture / Monitor,117.51388888888889,1,261.36,0.0,130.68,78.38121266440793,Low-cost digital nurture,0.5,2.3514363799322378,1.8514363799322378,Low-cost nurture communication and continued monitoring,0,0,
15759,2011-09-01,United Kingdom,0.6354309794022335,67.77456647398844,Medium,2.4566473988439306,Nurture / Monitor,118.36597222222223,1,68.0,0.0,34.0,21.604653299675938,Low-cost digital nurture,0.5,0.6481395989902782,0.14813959899027818,Low-cost nurture communication and continued monitoring,1,0,
15764,2011-09-01,United Kingdom,0.20894248093414813,15.859826589595375,Low,94.65317919075144,Protect High Value,7.36875,5,3276.6200000000003,169.24027777777778,1638.3100000000002,342.31255593922424,VIP or loyalty service,12.0,27.38500447513794,15.38500447513794,Proactive loyalty or VIP service without aggressive discounting,0,0,
15768,2011-09-01,United Kingdom,0.2723933554908005,20.628612716763005,Low,57.767341040462426,Nurture / Monitor,15.55,3,621.8299999999999,110.06111111111112,310.91499999999996,84.69118012242224,Low-cost digital nurture,0.5,2.540735403672667,2.040735403672667,Low-cost nurture communication and continued monitoring,1,0,
15769,2011-09-01,United Kingdom,0.004883950687291441,1.1921965317919074,Low,99.67485549132948,Protect High Value,1.5159722222222223,14,31674.64,175.88888888888889,15837.32,77.34868989885449,VIP or loyalty service,12.0,6.18789519190836,-5.81210480809164,Proactive loyalty or VIP service without aggressive discounting,0,0,
15775,2011-09-01,United Kingdom,0.9038892009530033,98.95231213872833,Critical,5.310693641618497,Reactivate Efficiently,145.4611111111111,1,104.9,0.0,52.45,47.40898858998503,Automated targeted campaign,5.0,7.111348288497754,2.111348288497754,Automated re-engagement with targeted product recommendations,1,0,
15776,2011-09-01,United Kingdom,0.7067494152461399,79.11849710982659,Medium,24.566473988439306,Nurture / Monitor,33.42638888888889,1,241.62,0.0,120.81,85.38239685588616,Low-cost digital nurture,0.5,2.5614719056765844,2.0614719056765844,Low-cost nurture communication and continued monitoring,1,0,
15777,2011-09-01,United Kingdom,0.6208519184768496,64.95664739884393,Medium,29.91329479768786,Nurture / Monitor,141.3034722222222,1,293.96,0.0,146.98,91.25281497772735,Low-cost digital nurture,0.5,2.7375844493318207,2.2375844493318207,Low-cost nurture communication and continued monitoring,1,1,1189.0
15780,2011-09-01,United Kingdom,0.5192710861701192,48.22976878612717,Low,30.527456647398843,Nurture / Monitor,83.49930555555555,2,298.13,59.113194444444446,149.065,77.40514445994881,Low-cost digital nurture,0.5,2.3221543337984643,1.8221543337984643,Low-cost nurture communication and continued monitoring,1,0,
15781,2011-09-01,United Kingdom,0.69783439899258,77.45664739884393,Medium,9.06791907514451,Nurture / Monitor,37.482638888888886,1,127.95000000000002,0.0,63.97500000000001,44.643955675550316,Low-cost digital nurture,0.5,1.3393186702665094,0.8393186702665094,Low-cost nurture communication and continued monitoring,0,0,
15785,2011-09-01,United Kingdom,0.3436782749446232,26.300578034682083,Low,62.96965317919076,Nurture / Monitor,57.577777777777776,3,737.25,39.824305555555554,368.625,126.68840410146173,Low-cost digital nurture,0.5,3.800652123043852,3.300652123043852,Low-cost nurture communication and continued monitoring,0,1,845.0
15786,2011-09-01,United Kingdom,0.4114651879846609,32.80346820809248,Low,93.9306358381503,Protect High Value,14.435416666666667,1,3147.64,0.0,1573.82,647.572142154019,VIP or loyalty service,12.0,51.80577137232152,39.80577137232152,Proactive loyalty or VIP service without aggressive discounting,0,1,66.0
15791,2011-09-01,United Kingdom,0.6166923885757767,64.19797687861272,Medium,77.38439306358381,Nurture / Monitor,104.36458333333333,1,1223.24,0.0,611.62,377.18139870071656,Low-cost digital nurture,0.5,11.315441961021497,10.815441961021497,Low-cost nurture communication and continued monitoring,0,1,256.0
15793,2011-09-01,United Kingdom,0.618947754486121,64.63150289017341,Medium,32.55057803468208,Nurture / Monitor,168.55208333333334,1,306.64,0.0,153.32,94.89706971781207,Low-cost digital nurture,0.5,2.846912091534362,2.346912091534362,Low-cost nurture communication and continued monitoring,0,1,1165.0
15795,2011-09-01,United Kingdom,0.49878242805540274,45.23121387283237,Low,56.97254335260116,Nurture / Monitor,49.553472222222226,1,610.01,0.0,305.005,152.1311344690381,Low-cost digital nurture,0.5,4.563934034071143,4.063934034071143,Low-cost nurture communication and continued monitoring,1,1,659.0
15796,2011-09-01,United Kingdom,0.2616824866982275,19.653179190751445,Low,77.60115606936417,Nurture / Monitor,9.39236111111111,4,1227.85,106.14027777777778,613.925,160.65342064620933,Low-cost digital nurture,0.5,4.81960261938628,4.31960261938628,Low-cost nurture communication and continued monitoring,0,1,615.0
15797,2011-09-01,United Kingdom,0.5972402886017782,60.72976878612717,Medium,61.199421965317924,Nurture / Monitor,13.28888888888889,2,697.2,101.01805555555555,348.6,208.19796460657992,Low-cost digital nurture,0.5,6.245938938197397,5.745938938197397,Low-cost nurture communication and continued monitoring,1,1,433.0
15799,2011-09-01,United Kingdom,0.5578694584752186,54.04624277456648,Medium,14.270231213872833,Nurture / Monitor,85.35555555555555,1,161.02,0.0,80.51,44.914070101839854,Low-cost digital nurture,0.5,1.3474221030551956,0.8474221030551956,Low-cost nurture communication and continued monitoring,0,0,
15800,2011-09-01,United Kingdom,0.4680288670759768,40.39017341040462,Low,61.16329479768786,Nurture / Monitor,7.4006944444444445,2,696.89,139.07222222222222,348.445,163.08231858828873,Low-cost digital nurture,0.5,4.892469557648662,4.392469557648662,Low-cost nurture communication and continued monitoring,1,1,601.0
15801,2011-09-01,United Kingdom,0.6788837443845733,74.60260115606935,Medium,10.296242774566473,Nurture / Monitor,9.588194444444444,1,137.22,0.0,68.61,46.578213702225575,Low-cost digital nurture,0.5,1.3973464110667673,0.8973464110667673,Low-cost nurture communication and continued monitoring,0,0,
15804,2011-09-01,United Kingdom,0.18308823572934732,13.65606936416185,Low,88.90895953757226,Protect High Value,8.585416666666667,4,2076.91,89.98958333333333,1038.455,190.12889383431937,VIP or loyalty service,12.0,15.21031150674555,3.2103115067455494,Proactive loyalty or VIP service without aggressive discounting,0,0,
15805,2011-09-01,United Kingdom,0.08375611983154661,7.153179190751445,Low,92.41329479768787,Protect High Value,6.381944444444445,9,2623.94,127.06388888888888,1311.97,109.88551653539422,VIP or loyalty service,12.0,8.790841322831538,-3.209158677168462,Proactive loyalty or VIP service without aggressive discounting,0,0,
15806,2011-09-01,United Kingdom,0.6471710497557478,69.40028901734104,Medium,52.059248554913296,Nurture / Monitor,57.489583333333336,2,521.88,119.11875,260.94,168.87281372326484,Low-cost digital nurture,0.5,5.066184411697945,4.566184411697945,Low-cost nurture communication and continued monitoring,0,1,569.0
15809,2011-09-01,United Kingdom,0.457652102008037,38.72832369942196,Low,19.472543352601157,Nurture / Monitor,84.35347222222222,3,200.41,71.9888888888889,100.205,45.859028881715346,Low-cost digital nurture,0.5,1.3757708664514603,0.8757708664514603,Low-cost nurture communication and continued monitoring,0,0,
15810,2011-09-01,United Kingdom,0.4128914252184683,33.02023121387283,Low,71.82080924855492,Nurture / Monitor,70.41597222222222,2,983.87,61.75694444444444,491.935,203.1157432648472,Low-cost digital nurture,0.5,6.093472297945416,5.593472297945416,Low-cost nurture communication and continued monitoring,0,1,444.0
15811,2011-09-01,United Kingdom,0.3532133819514093,27.348265895953755,Low,68.38872832369943,Nurture / Monitor,5.5993055555555555,2,876.47,99.87013888888889,438.235,154.79046643947584,Low-cost digital nurture,0.5,4.643713993184275,4.143713993184275,Low-cost nurture communication and continued monitoring,0,1,650.0
15812,2011-09-01,United Kingdom,0.15495698506801275,12.138728323699421,Low,83.128612716763,Protect High Value,7.403472222222222,4,1556.3400000000001,146.98611111111111,778.1700000000001,120.5828770703755,VIP or loyalty service,12.0,9.646630165630041,-2.3533698343699587,Proactive loyalty or VIP service without aggressive discounting,1,0,
15813,2011-09-01,United Kingdom,0.6273432970656126,66.14884393063583,Medium,78.9378612716763,Nurture / Monitor,107.65763888888888,2,1303.9099999999999,31.961111111111112,651.9549999999999,408.99959923841146,Low-cost digital nurture,0.5,12.269987977152343,11.769987977152343,Low-cost nurture communication and continued monitoring,1,1,251.0
15815,2011-09-01,United Kingdom,0.327139278280732,24.85549132947977,Low,87.13872832369943,Protect High Value,40.486111111111114,4,1874.7,119.15069444444444,937.35,306.64400249644416,VIP or loyalty service,12.0,24.531520199715533,12.531520199715533,Proactive loyalty or VIP service without aggressive discounting,0,0,
15819,2011-09-01,United Kingdom,0.26916628489683314,20.3757225433526,Low,83.5621387283237,Protect High Value,31.35972222222222,3,1585.47,145.23402777777778,792.735,213.37753485769102,VIP or loyalty service,12.0,17.070202788615283,5.070202788615283,Proactive loyalty or VIP service without aggressive discounting,0,0,
15825,2011-09-01,United Kingdom,0.7427817504627832,83.99566473988439,High,52.854046242774565,Reactivate Efficiently,72.43958333333333,1,532.94,0.0,266.47,197.92905304581785,Automated targeted campaign,5.0,29.689357956872676,24.689357956872676,Automated re-engagement with targeted product recommendations,1,1,121.0
15826,2011-09-01,United Kingdom,0.8492833128412479,96.53179190751445,Critical,62.10260115606936,Reactivate Efficiently,110.55277777777778,1,720.0,0.0,360.0,305.74199262284924,Automated targeted campaign,5.0,45.86129889342738,40.86129889342738,Automated re-engagement with targeted product recommendations,0,1,63.0
15827,2011-09-01,United Kingdom,0.06661283676138494,5.888728323699422,Low,67.73843930635837,Nurture / Monitor,14.371527777777779,6,863.88,122.06805555555556,431.94,28.77274871071261,Low-cost digital nurture,0.5,0.8631824613213782,0.3631824613213782,Low-cost nurture communication and continued monitoring,0,0,
15829,2011-09-01,United Kingdom,0.6965000045715031,77.13150289017341,Medium,35.72976878612717,Nurture / Monitor,40.56736111111111,1,325.44,0.0,162.72,113.33448074387498,Low-cost digital nurture,0.5,3.4000344223162493,2.9000344223162493,Low-cost nurture communication and continued monitoring,0,1,952.0
15831,2011-09-01,United Kingdom,0.7222013542471061,81.35838150289018,High,11.054913294797688,Reactivate Efficiently,24.420833333333334,1,141.17,0.0,70.585,50.97658258953198,Automated targeted campaign,5.0,7.646487388429796,2.6464873884297964,Automated re-engagement with targeted product recommendations,0,0,
15832,2011-09-01,United Kingdom,0.7435864640309204,84.0679190751445,High,66.70881502890174,Reactivate Efficiently,154.35486111111112,1,836.79,0.0,418.395,311.11285861821693,Automated targeted campaign,5.0,46.66692879273254,41.66692879273254,Automated re-engagement with targeted product recommendations,1,1,58.0
15834,2011-09-01,United Kingdom,0.4365206436889327,36.23554913294797,Low,86.1271676300578,Protect High Value,65.57222222222222,3,1780.72,111.68333333333334,890.36,388.6605203148781,VIP or loyalty service,12.0,31.09284162519025,19.09284162519025,Proactive loyalty or VIP service without aggressive discounting,0,0,
15835,2011-09-01,United Kingdom,0.49200204187671603,44.03901734104046,Low,41.61849710982659,Nurture / Monitor,37.46527777777778,2,374.4,122.95208333333333,187.2,92.10278223932123,Low-cost digital nurture,0.5,2.7630834671796367,2.2630834671796367,Low-cost nurture communication and continued monitoring,0,1,1185.0
15838,2011-09-01,United Kingdom,0.009583114476919211,1.5895953757225432,Low,99.02456647398844,Protect High Value,8.4875,10,12918.5,166.10347222222222,6459.25,61.89973218504041,VIP or loyalty service,12.0,4.951978574803233,-7.048021425196767,Proactive loyalty or VIP service without aggressive discounting,0,0,
15839,2011-09-01,United Kingdom,0.7134229148814679,79.8771676300578,Medium,30.671965317919074,Nurture / Monitor,48.30902777777778,1,299.18,0.0,149.59,106.72093383711879,Low-cost digital nurture,0.5,3.2016280151135637,2.7016280151135637,Low-cost nurture communication and continued monitoring,0,1,1036.0
15840,2011-09-01,United Kingdom,0.7096011117053266,79.55202312138728,Medium,24.602601156069365,Nurture / Monitor,72.5125,1,241.74,0.0,120.87,85.76948637182282,Low-cost digital nurture,0.5,2.5730845911546845,2.0730845911546845,Low-cost nurture communication and continued monitoring,0,0,
15841,2011-09-01,United Kingdom,0.5161419558603272,47.65173410404625,Low,28.395953757225435,Nurture / Monitor,118.39097222222222,1,281.66,0.0,140.83,72.68827164380988,Low-cost digital nurture,0.5,2.1806481493142966,1.6806481493142966,Low-cost nurture communication and continued monitoring,0,0,
15845,2011-09-01,United Kingdom,0.31717921683704164,24.096820809248555,Low,78.64884393063583,Nurture / Monitor,44.579861111111114,3,1294.18,66.04444444444445,647.09,205.2434994230813,Low-cost digital nurture,0.5,6.157304982692438,5.657304982692438,Low-cost nurture communication and continued monitoring,0,1,442.0
15850,2011-09-01,United Kingdom,0.595981163962028,60.513005780346816,Medium,7.514450867052023,Nurture / Monitor,68.40555555555555,1,116.16,0.0,58.08,34.614586002914585,Low-cost digital nurture,0.5,1.0384375800874375,0.5384375800874375,Low-cost nurture communication and continued monitoring,0,0,
15852,2011-09-01,United Kingdom,0.8152442635886417,94.29190751445087,Critical,14.197976878612717,Reactivate Efficiently,86.52638888888889,2,160.71,10.91388888888889,80.355,65.5089528006653,Automated targeted campaign,5.0,9.826342920099794,4.826342920099794,Automated re-engagement with targeted product recommendations,1,0,
15854,2011-09-01,United Kingdom,0.15771450605203277,12.247109826589595,Low,84.53757225433526,Protect High Value,40.446527777777774,6,1646.3899999999999,126.16527777777777,823.1949999999999,129.82979280950312,VIP or loyalty service,12.0,10.38638342476025,-1.6136165752397496,Proactive loyalty or VIP service without aggressive discounting,0,0,
15855,2011-09-01,United Kingdom,0.2748772751056441,20.773121387283236,Low,61.77745664739884,Nurture / Monitor,36.56944444444444,5,712.24,126.90833333333333,356.12,97.88929521062197,Low-cost digital nurture,0.5,2.9366788563186588,2.4366788563186588,Low-cost nurture communication and continued monitoring,1,1,1121.0
15856,2011-09-01,United Kingdom,0.011609984897330228,1.7341040462427744,Low,97.57947976878613,Protect High Value,0.28055555555555556,11,5578.01,153.24722222222223,2789.005,32.380305928578494,VIP or loyalty service,12.0,2.5904244742862796,-9.40957552571372,Proactive loyalty or VIP service without aggressive discounting,0,0,
15860,2011-09-01,United Kingdom,0.2490863639018461,18.677745664739884,Low,54.01011560693642,Nurture / Monitor,24.428472222222222,4,551.62,128.09375,275.81,68.70051002776817,Low-cost digital nurture,0.5,2.061015300833045,1.561015300833045,Low-cost nurture communication and continued monitoring,0,0,
15861,2011-09-01,United Kingdom,0.5082078640965046,46.604046242774565,Low,75.72254335260115,Nurture / Monitor,34.52152777777778,3,1123.76,132.63680555555555,561.88,285.551834678544,Low-cost digital nurture,0.5,8.56655504035632,8.06655504035632,Low-cost nurture communication and continued monitoring,0,1,290.0
15862,2011-09-01,United Kingdom,0.40043259349688476,31.828034682080926,Low,32.1893063583815,Nurture / Monitor,12.309722222222222,2,305.5,92.10138888888889,152.75,61.16607865664915,Low-cost digital nurture,0.5,1.8349823596994743,1.3349823596994743,Low-cost nurture communication and continued monitoring,1,0,
15863,2011-09-01,United Kingdom,0.8172932497042367,94.58092485549133,Critical,0.1445086705202312,Reactivate Efficiently,92.51666666666667,1,9.2,0.0,4.6,3.7595489486394884,Automated targeted campaign,5.0,0.5639323422959233,-4.4360676577040765,Automated re-engagement with targeted product recommendations,0,0,
15864,2011-09-01,United Kingdom,0.6328366522852004,67.23265895953757,Medium,15.679190751445088,Nurture / Monitor,77.35069444444444,1,171.84,0.0,85.92,54.373325164344415,Low-cost digital nurture,0.5,1.6311997549303323,1.1311997549303323,Low-cost nurture communication and continued monitoring,0,0,
15865,2011-09-01,United Kingdom,0.7254862266944934,81.79190751445087,High,34.17630057803468,Reactivate Efficiently,113.5111111111111,1,313.93,0.0,156.965,113.87594557310115,Automated targeted campaign,5.0,17.08139183596517,12.08139183596517,Automated re-engagement with targeted product recommendations,0,0,
15866,2011-09-01,United Kingdom,0.6252393594700817,65.82369942196532,Medium,20.953757225433524,Nurture / Monitor,1.4104166666666667,1,211.89,0.0,105.945,66.2409839390578,Low-cost digital nurture,0.5,1.9872295181717339,1.4872295181717339,Low-cost nurture communication and continued monitoring,1,0,
15867,2011-09-01,United Kingdom,0.05853856991675369,5.238439306358381,Low,87.03034682080924,Protect High Value,13.316666666666666,6,1872.0,156.05416666666667,936.0,54.79210144208145,VIP or loyalty service,12.0,4.383368115366516,-7.616631884633484,Proactive loyalty or VIP service without aggressive discounting,0,0,
15869,2011-09-01,United Kingdom,0.8766503148075542,97.79624277456648,Critical,12.355491329479769,Reactivate Efficiently,177.27569444444444,2,149.64,0.002777777777777778,74.82,65.5909765539012,Automated targeted campaign,5.0,9.83864648308518,4.83864648308518,Automated re-engagement with targeted product recommendations,1,0,
15874,2011-09-01,United Kingdom,0.2359021564024456,17.846820809248555,Low,84.2485549132948,Protect High Value,77.54097222222222,5,1623.4,78.8625,811.7,191.4817803518651,VIP or loyalty service,12.0,15.318542428149208,3.3185424281492075,Proactive loyalty or VIP service without aggressive discounting,0,0,
15882,2011-09-01,United Kingdom,0.5640728232533346,55.45520231213873,Medium,11.813583815028903,Nurture / Monitor,98.51736111111111,2,145.04000000000002,0.0006944444444444445,72.52000000000001,40.90656114233183,Low-cost digital nurture,0.5,1.2271968342699549,0.7271968342699549,Low-cost nurture communication and continued monitoring,1,0,
15889,2011-09-01,United Kingdom,0.6057636121255832,62.17485549132948,Medium,9.55563583815029,Nurture / Monitor,56.53472222222222,1,132.1,0.0,66.05,40.01068658089476,Low-cost digital nurture,0.5,1.200320597426843,0.7003205974268429,Low-cost nurture communication and continued monitoring,1,0,
15891,2011-09-01,United Kingdom,0.7219498117382699,81.25,High,51.445086705202314,Reactivate Efficiently,126.47569444444444,1,509.13,0.0,254.565,183.78315382515268,Automated targeted campaign,5.0,27.567473073772902,22.567473073772902,Automated re-engagement with targeted product recommendations,1,1,127.0
15894,2011-09-01,United Kingdom,0.7371892225564809,83.3092485549133,High,5.455202312138728,Reactivate Efficiently,153.42361111111111,1,106.81,0.0,53.405,39.36959043062886,Automated targeted campaign,5.0,5.905438564594329,0.9054385645943288,Automated re-engagement with targeted product recommendations,1,0,
15895,2011-09-01,United Kingdom,0.7704992527148689,88.36705202312139,High,16.907514450867055,Reactivate Efficiently,49.56458333333333,1,179.17,0.0,89.585,69.02517555446153,Automated targeted campaign,5.0,10.353776333169229,5.353776333169229,Automated re-engagement with targeted product recommendations,1,0,
15897,2011-09-01,United Kingdom,0.7783186690146574,89.16184971098265,High,20.628612716763005,Reactivate Efficiently,94.42361111111111,2,208.59,0.0125,104.295,81.1747455848837,Automated targeted campaign,5.0,12.176211837732554,7.176211837732554,Automated re-engagement with targeted product recommendations,1,0,
15898,2011-09-01,United Kingdom,0.4258472598886425,34.60982658959538,Low,49.92774566473989,Nurture / Monitor,126.58125,2,481.3,37.982638888888886,240.65,102.48014309220183,Low-cost digital nurture,0.5,3.074404292766055,2.574404292766055,Low-cost nurture communication and continued monitoring,1,1,1073.0
15901,2011-09-01,United Kingdom,0.6676946846672387,72.65173410404624,Medium,5.960982658959538,Nurture / Monitor,54.4875,1,110.49,0.0,55.245,36.8867928544416,Low-cost digital nurture,0.5,1.106603785633248,0.606603785633248,Low-cost nurture communication and continued monitoring,0,0,
15903,2011-09-01,United Kingdom,0.610605391744779,63.36705202312138,Medium,49.85549132947977,Nurture / Monitor,127.50625,1,480.36,0.0,240.18,146.65520298926103,Low-cost digital nurture,0.5,4.399656089677831,3.8996560896778307,Low-cost nurture communication and continued monitoring,0,1,695.0
15906,2011-09-01,United Kingdom,0.3291370836345284,25.036127167630056,Low,65.28179190751445,Nurture / Monitor,44.515972222222224,4,797.7099999999999,110.92291666666667,398.85499999999996,131.27797149304982,Low-cost digital nurture,0.5,3.9383391447914944,3.4383391447914944,Low-cost nurture communication and continued monitoring,0,1,809.0
15907,2011-09-01,United Kingdom,0.592216831633351,59.82658959537572,Medium,49.53034682080925,Nurture / Monitor,76.46875,2,477.59000000000003,33.98888888888889,238.79500000000002,141.41841830988608,Low-cost digital nurture,0.5,4.242552549296582,3.7425525492965823,Low-cost nurture communication and continued monitoring,1,1,740.0
15909,2011-09-01,United Kingdom,0.7526563119707637,85.69364161849711,High,18.38872832369942,Reactivate Efficiently,73.55694444444444,1,191.94,0.0,95.97,72.23242625983418,Automated targeted campaign,5.0,10.834863938975127,5.834863938975127,Automated re-engagement with targeted product recommendations,1,0,
15910,2011-09-01,United Kingdom,0.45278272619734944,38.22254335260116,Low,24.277456647398843,Nurture / Monitor,107.30833333333334,2,239.71,39.20763888888889,119.855,54.26827364838332,Low-cost digital nurture,0.5,1.6280482094514996,1.1280482094514996,Low-cost nurture communication and continued monitoring,0,0,
15912,2011-09-01,United Kingdom,0.5013626182801847,45.62861271676301,Low,26.878612716763005,Nurture / Monitor,78.39652777777778,2,264.62,54.888194444444444,132.31,66.33528802465123,Low-cost digital nurture,0.5,1.9900586407395369,1.4900586407395369,Low-cost nurture communication and continued monitoring,1,0,
15916,2011-09-01,United Kingdom,0.43348201693003746,35.83815028901734,Low,27.74566473988439,Nurture / Monitor,91.50555555555556,2,271.89,54.946527777777774,135.945,58.92971279155394,Low-cost digital nurture,0.5,1.7678913837466181,1.2678913837466181,Low-cost nurture communication and continued monitoring,0,0,
15917,2011-09-01,United Kingdom,0.8003225145723997,92.30491329479769,Critical,8.453757225433527,Reactivate Efficiently,147.55555555555554,1,123.1,0.0,61.55,49.2598507719312,Automated targeted campaign,5.0,7.388977615789679,2.3889776157896794,Automated re-engagement with targeted product recommendations,1,0,
15918,2011-09-01,United Kingdom,0.8065323809248014,92.88294797687861,Critical,37.35549132947977,Reactivate Efficiently,90.5125,2,334.23,80.82430555555555,167.115,134.7836588382482,Automated targeted campaign,5.0,20.21754882573723,15.217548825737229,Automated re-engagement with targeted product recommendations,1,1,180.0
15920,2011-09-01,United Kingdom,0.6049014106184905,61.88583815028902,Medium,14.739884393063585,Nurture / Monitor,54.357638888888886,3,163.55,0.00625,81.775,49.46581285332706,Low-cost digital nurture,0.5,1.4839743855998118,0.9839743855998118,Low-cost nurture communication and continued monitoring,1,0,
15921,2011-09-01,United Kingdom,0.7033458442657087,78.57658959537572,Medium,35.40462427745665,Nurture / Monitor,72.53958333333334,1,323.03000000000003,0.0,161.51500000000001,113.60090403657594,Low-cost digital nurture,0.5,3.408027121097278,2.908027121097278,Low-cost nurture communication and continued monitoring,1,1,947.0
15925,2011-09-01,United Kingdom,0.7543695196637801,86.01878612716763,High,20.23121387283237,Reactivate Efficiently,94.35069444444444,1,207.15,0.0,103.575,78.13382299917602,Automated targeted campaign,5.0,11.720073449876402,6.720073449876402,Automated re-engagement with targeted product recommendations,1,0,
15932,2011-09-01,United Kingdom,0.14304569032705206,11.271676300578035,Low,83.38150289017341,Protect High Value,7.5,5,1568.22,161.9388888888889,784.11,112.16355624234478,VIP or loyalty service,12.0,8.973084499387582,-3.026915500612418,Proactive loyalty or VIP service without aggressive discounting,0,0,
15935,2011-09-01,United Kingdom,0.7897411953487528,91.07658959537572,Critical,5.5997109826589595,Reactivate Efficiently,139.43958333333333,1,108.03999999999999,0.0,54.019999999999996,42.66181937273962,Automated targeted campaign,5.0,6.399272905910943,1.3992729059109434,Automated re-engagement with targeted product recommendations,1,0,
15938,2011-09-01,United Kingdom,0.29765414572406895,22.940751445086704,Low,36.70520231213873,Nurture / Monitor,12.46111111111111,4,329.68,152.08541666666667,164.84,49.06530938115553,Low-cost digital nurture,0.5,1.4719592814346658,0.9719592814346658,Low-cost nurture communication and continued monitoring,1,0,
15939,2011-09-01,United Kingdom,0.05967815356015989,5.310693641618497,Low,96.3150289017341,Protect High Value,7.384722222222222,10,4496.15,167.19583333333333,2248.075,134.16096506475643,VIP or loyalty service,12.0,10.732877205180515,-1.2671227948194854,Proactive loyalty or VIP service without aggressive discounting,0,0,
15942,2011-09-01,United Kingdom,0.70666457214528,79.08236994219652,Medium,37.7528901734104,Nurture / Monitor,33.62430555555556,1,337.44,0.0,168.72,119.22844661235165,Low-cost digital nurture,0.5,3.5768533983705493,3.0768533983705493,Low-cost nurture communication and continued monitoring,1,1,894.0
15944,2011-09-01,United Kingdom,0.7031128565154096,78.46820809248555,Medium,35.69364161849711,Nurture / Monitor,176.56041666666667,1,325.1,0.0,162.55,114.29099482657983,Low-cost digital nurture,0.5,3.428729844797395,2.928729844797395,Low-cost nurture communication and continued monitoring,1,1,939.0
15950,2011-09-01,United Kingdom,0.3656843667817947,28.540462427745666,Low,60.00722543352601,Nurture / Monitor,6.407638888888889,1,662.5600000000001,0.0,331.28000000000003,121.14391702747297,Low-cost digital nurture,0.5,3.634317510824189,3.134317510824189,Low-cost nurture communication and continued monitoring,0,1,882.0
15952,2011-09-01,United Kingdom,0.5792616405996147,57.51445086705203,Medium,33.12861271676301,Nurture / Monitor,59.43541666666667,2,309.2,66.02638888888889,154.6,89.55384963670043,Low-cost digital nurture,0.5,2.6866154891010128,2.1866154891010128,Low-cost nurture communication and continued monitoring,0,1,1210.0
15953,2011-09-01,United Kingdom,0.5251529908030488,49.0606936416185,Low,15.715317919075144,Nurture / Monitor,111.5111111111111,1,171.92,0.0,85.96,45.14215108943007,Low-cost digital nurture,0.5,1.3542645326829021,0.8542645326829021,Low-cost nurture communication and continued monitoring,0,0,
15955,2011-09-01,United Kingdom,0.14346201199832317,11.34393063583815,Low,87.28323699421965,Protect High Value,6.516666666666667,7,1891.27,136.99166666666667,945.635,135.66269971603433,VIP or loyalty service,12.0,10.853015977282746,-1.1469840227172536,Proactive loyalty or VIP service without aggressive discounting,0,0,
15969,2011-09-01,United Kingdom,0.6994218603072034,77.89017341040463,Medium,33.05635838150289,Nurture / Monitor,85.48680555555555,1,308.7,0.0,154.35,107.95576413841685,Low-cost digital nurture,0.5,3.2386729241525054,2.7386729241525054,Low-cost nurture communication and continued monitoring,0,1,1022.0
15971,2011-09-01,United Kingdom,0.17579067469416051,13.367052023121387,Low,77.45664739884393,Nurture / Monitor,8.588194444444444,5,1225.5,161.90416666666667,612.75,107.71573591884686,Low-cost digital nurture,0.5,3.2314720775654058,2.7314720775654058,Low-cost nurture communication and continued monitoring,0,1,1026.0
15974,2011-09-01,United Kingdom,0.1841927169920708,13.764450867052021,Low,86.09104046242774,Protect High Value,33.56875,4,1777.8899999999999,143.77847222222223,888.9449999999999,163.73719480651636,VIP or loyalty service,12.0,13.098975584521309,1.098975584521309,Proactive loyalty or VIP service without aggressive discounting,0,0,
15976,2011-09-01,United Kingdom,0.45380885298104434,38.29479768786127,Low,46.38728323699422,Nurture / Monitor,65.45833333333333,2,427.64,54.825,213.82,97.0334089444069,Low-cost digital nurture,0.5,2.911002268332207,2.411002268332207,Low-cost nurture communication and continued monitoring,1,1,1130.0
15980,2011-09-01,United Kingdom,0.666983623599018,72.50722543352602,Medium,63.945086705202314,Nurture / Monitor,154.37152777777777,1,760.18,0.0,380.09,253.51380549375074,Low-cost digital nurture,0.5,7.6054141648125215,7.1054141648125215,Low-cost nurture communication and continued monitoring,0,1,329.0
15981,2011-09-01,United Kingdom,0.13863238658831603,10.982658959537572,Low,90.13728323699422,Protect High Value,37.550694444444446,5,2188.2,116.82013888888889,1094.1,151.67769416627655,VIP or loyalty service,12.0,12.134215533302125,0.13421553330212532,Proactive loyalty or VIP service without aggressive discounting,0,0,
15984,2011-09-01,United Kingdom,0.17577353065680634,13.33092485549133,Low,77.9985549132948,Nurture / Monitor,0.49236111111111114,3,1244.37,132.96875,622.185,109.36365417170505,Low-cost digital nurture,0.5,3.2809096251511516,2.7809096251511516,Low-cost nurture communication and continued monitoring,0,1,1005.0
15985,2011-09-01,United Kingdom,0.5078025523298348,46.53179190751445,Low,76.01156069364163,Nurture / Monitor,23.311805555555555,2,1142.42,113.22708333333334,571.21,290.061895916325,Low-cost digital nurture,0.5,8.70185687748975,8.20185687748975,Low-cost nurture communication and continued monitoring,1,1,289.0
15987,2011-09-01,United Kingdom,0.3133570543213064,23.843930635838152,Low,74.34971098265896,Nurture / Monitor,20.59375,5,1080.15,98.85694444444445,540.075,169.23631111257956,Low-cost digital nurture,0.5,5.077089333377386,4.577089333377386,Low-cost nurture communication and continued monitoring,0,1,568.0
15996,2011-09-01,United Kingdom,0.2953078012533246,22.760115606936417,Low,44.29190751445087,Nurture / Monitor,16.452083333333334,3,406.42,147.05,203.21,60.0094982926881,Low-cost digital nurture,0.5,1.800284948780643,1.300284948780643,Low-cost nurture communication and continued monitoring,0,0,
15998,2011-09-01,United Kingdom,0.2356082135166531,17.73843930635838,Low,77.89017341040463,Nurture / Monitor,71.55,2,1241.87,90.93263888888889,620.935,146.29738605996297,Low-cost digital nurture,0.5,4.388921581798889,3.888921581798889,Low-cost nurture communication and continued monitoring,0,1,699.0
16003,2011-09-01,United Kingdom,0.43366698330898423,35.8742774566474,Low,57.36994219653179,Nurture / Monitor,34.52777777777778,2,612.9000000000001,31.104166666666668,306.45000000000005,132.89724703503825,Low-cost digital nurture,0.5,3.9869174110511474,3.4869174110511474,Low-cost nurture communication and continued monitoring,0,1,795.0
16005,2011-09-01,United Kingdom,0.4775256723041426,42.01589595375722,Low,28.070809248554912,Nurture / Monitor,82.49930555555555,2,275.41,88.01041666666667,137.705,65.75767270464196,Low-cost digital nurture,0.5,1.9727301811392588,1.4727301811392588,Low-cost nurture communication and continued monitoring,0,0,
16006,2011-09-01,United Kingdom,0.7412847531706045,83.77890173410405,High,4.913294797687861,Reactivate Efficiently,111.45,1,101.4,0.0,50.7,37.58313698574965,Automated targeted campaign,5.0,5.6374705478624465,0.6374705478624465,Automated re-engagement with targeted product recommendations,1,0,
16007,2011-09-01,United Kingdom,0.4534128662248646,38.25867052023121,Low,62.42774566473989,Nurture / Monitor,80.49930555555555,2,727.6700000000001,34.93680555555556,363.83500000000004,164.96747018292362,Low-cost digital nurture,0.5,4.949024105487708,4.449024105487708,Low-cost nurture communication and continued monitoring,0,1,595.0
16008,2011-09-01,United Kingdom,0.5036611770958497,45.84537572254335,Low,10.765895953757225,Nurture / Monitor,104.54583333333333,1,139.15,0.0,69.575,35.042226396443745,Low-cost digital nurture,0.5,1.0512667918933123,0.5512667918933123,Low-cost nurture communication and continued monitoring,0,0,
16009,2011-09-01,United Kingdom,0.6801315281636752,74.7471098265896,Medium,47.145953757225435,Nurture / Monitor,59.52361111111111,1,441.59000000000003,0.0,220.79500000000002,150.16964076089866,Low-cost digital nurture,0.5,4.5050892228269594,4.0050892228269594,Low-cost nurture communication and continued monitoring,0,1,669.0
16010,2011-09-01,United Kingdom,0.6013949983557345,61.199421965317924,Medium,28.468208092485547,Nurture / Monitor,145.57361111111112,2,282.3,4.942361111111111,141.15,84.88690401791193,Low-cost digital nurture,0.5,2.5466071205373577,2.0466071205373577,Low-cost nurture communication and continued monitoring,1,0,
16011,2011-09-01,United Kingdom,0.08608455826108398,7.369942196531793,Low,71.42341040462428,Nurture / Monitor,19.408333333333335,6,969.84,135.9361111111111,484.92,41.74412399196485,Low-cost digital nurture,0.5,1.2523237197589454,0.7523237197589454,Low-cost nurture communication and continued monitoring,0,0,
16012,2011-09-01,United Kingdom,0.5286872521828426,49.638728323699425,Low,75.86705202312139,Nurture / Monitor,28.511111111111113,2,1132.12,26.7375,566.06,299.26870597061986,Low-cost digital nurture,0.5,8.978061179118596,8.478061179118596,Low-cost nurture communication and continued monitoring,0,1,284.0
16013,2011-09-01,United Kingdom,0.0020999782135841653,0.8670520231213872,Low,99.16907514450867,Protect High Value,9.444444444444445,22,14216.539999999999,168.09305555555557,7108.2699999999995,14.927212136273914,VIP or loyalty service,12.0,1.1941769709019132,-10.805823029098086,Proactive loyalty or VIP service without aggressive discounting,0,0,
16014,2011-09-01,United Kingdom,0.5603024686208607,54.732658959537574,Medium,26.697976878612717,Nurture / Monitor,52.31319444444444,1,260.75,0.0,130.375,73.04943434644473,Low-cost digital nurture,0.5,2.191483030393342,1.691483030393342,Low-cost nurture communication and continued monitoring,0,0,
16016,2011-09-01,United Kingdom,0.5891209831710464,59.39306358381503,Medium,46.42341040462428,Nurture / Monitor,96.42152777777778,3,428.04999999999995,30.03263888888889,214.02499999999998,126.0866184231832,Low-cost digital nurture,0.5,3.7825985526954957,3.2825985526954957,Low-cost nurture communication and continued monitoring,0,1,848.0
16018,2011-09-01,United Kingdom,0.7739277905191028,88.61994219653178,High,14.414739884393063,Reactivate Efficiently,80.42222222222222,1,161.9,0.0,80.95,62.64945464252137,Automated targeted campaign,5.0,9.397418196378204,4.397418196378204,Automated re-engagement with targeted product recommendations,0,0,
16019,2011-09-01,United Kingdom,0.15965274741918126,12.355491329479769,Low,72.29046242774567,Nurture / Monitor,36.41458333333333,3,998.75,118.06180555555555,499.375,79.72659074245364,Low-cost digital nurture,0.5,2.391797722273609,1.8917977222736089,Low-cost nurture communication and continued monitoring,0,0,
16022,2011-09-01,United Kingdom,0.7437641160416062,84.17630057803468,High,56.57514450867052,Reactivate Efficiently,160.44722222222222,1,602.63,0.0,301.315,224.10728462507657,Automated targeted campaign,5.0,33.61609269376149,28.616092693761487,Automated re-engagement with targeted product recommendations,1,1,109.0
16023,2011-09-01,United Kingdom,0.5699521905320146,56.28612716763006,Medium,51.047687861271676,Nurture / Monitor,92.40347222222222,2,500.69000000000005,74.03263888888888,250.34500000000003,142.6846811387372,Low-cost digital nurture,0.5,4.280540434162116,3.7805404341621163,Low-cost nurture communication and continued monitoring,0,1,730.0
16027,2011-09-01,United Kingdom,0.33371335459284146,25.289017341040466,Low,41.79913294797688,Nurture / Monitor,37.44722222222222,3,376.5,81.10069444444444,188.25,62.821539002102405,Low-cost digital nurture,0.5,1.8846461700630721,1.3846461700630721,Low-cost nurture communication and continued monitoring,0,0,
16029,2011-09-01,United Kingdom,0.00014022981337046106,0.46965317919075145,Low,99.53034682080924,Protect High Value,7.435416666666667,30,24618.22,161.07361111111112,12309.11,1.726104198056476,VIP or loyalty service,12.0,0.13808833584451807,-11.861911664155482,Proactive loyalty or VIP service without aggressive discounting,0,0,
16031,2011-09-01,United Kingdom,0.7668633357944215,87.6806358381503,High,32.26156069364162,Reactivate Efficiently,147.40069444444444,1,305.63,0.0,152.815,117.18822065942452,Automated targeted campaign,5.0,17.578233098913678,12.578233098913678,Automated re-engagement with targeted product recommendations,0,1,238.0
16033,2011-09-01,United Kingdom,0.030161492593953693,2.9985549132947975,Low,96.49566473988439,Protect High Value,8.403472222222222,11,4603.95,170.0673611111111,2301.975,69.43100191396655,VIP or loyalty service,12.0,5.554480153117324,-6.445519846882676,Proactive loyalty or VIP service without aggressive discounting,0,0,
16034,2011-09-01,United Kingdom,0.6122509701675349,63.65606936416185,Medium,28.757225433526013,Nurture / Monitor,96.32152777777777,2,284.1,12.04375,142.05,86.97025031229835,Low-cost digital nurture,0.5,2.6091075093689504,2.1091075093689504,Low-cost nurture communication and continued monitoring,1,1,1244.0
16036,2011-09-01,United Kingdom,0.644633962164398,68.9306358381503,Medium,18.063583815028903,Nurture / Monitor,163.45763888888888,1,188.73,0.0,94.365,60.830883839643406,Low-cost digital nurture,0.5,1.8249265151893022,1.3249265151893022,Low-cost nurture communication and continued monitoring,0,0,
16037,2011-09-01,United Kingdom,0.6826945534990496,75.10838150289018,Medium,25.559971098265894,Nurture / Monitor,169.6159722222222,1,251.56,0.0,125.78,85.86932093911047,Low-cost digital nurture,0.5,2.576079628173314,2.076079628173314,Low-cost nurture communication and continued monitoring,1,0,
16038,2011-09-01,United Kingdom,0.5878008164052928,59.0679190751445,Medium,43.28034682080925,Nurture / Monitor,77.42361111111111,2,393.33,24.097916666666666,196.665,115.59984755834691,Low-cost digital nurture,0.5,3.467995426750407,2.967995426750407,Low-cost nurture communication and continued monitoring,1,1,933.0
16040,2011-09-01,United Kingdom,0.47029942079920006,40.78757225433526,Low,68.31647398843931,Nurture / Monitor,48.325,2,876.1800000000001,120.25972222222222,438.09000000000003,206.03347325792157,Low-cost digital nurture,0.5,6.181004197737647,5.681004197737647,Low-cost nurture communication and continued monitoring,0,1,439.0
16041,2011-09-01,United Kingdom,0.6034555011678325,61.48843930635838,Medium,92.8106936416185,Protect High Value,41.31388888888889,2,2739.8,0.0006944444444444445,1369.9,826.6736910498138,VIP or loyalty service,12.0,66.1338952839851,54.1338952839851,Proactive loyalty or VIP service without aggressive discounting,0,1,32.0
16042,2011-09-01,United Kingdom,0.4925157524845995,44.07514450867052,Low,45.41184971098266,Nurture / Monitor,7.497222222222222,1,415.53,0.0,207.765,102.3275353149628,Low-cost digital nurture,0.5,3.069826059448884,2.569826059448884,Low-cost nurture communication and continued monitoring,0,1,1076.0
16043,2011-09-01,United Kingdom,0.5463291228506361,52.02312138728323,Medium,41.07658959537572,Nurture / Monitor,111.42847222222223,2,368.64000000000004,35.080555555555556,184.32000000000002,100.69938392382925,Low-cost digital nurture,0.5,3.020981517714877,2.520981517714877,Low-cost nurture communication and continued monitoring,0,1,1090.0
16045,2011-09-01,United Kingdom,0.3302260365688204,25.14450867052023,Low,60.47687861271677,Nurture / Monitor,19.471527777777776,3,676.25,126.08958333333334,338.125,111.65767861483239,Low-cost digital nurture,0.5,3.3497303584449716,2.8497303584449716,Low-cost nurture communication and continued monitoring,1,1,974.0
16050,2011-09-01,United Kingdom,0.6832690349358891,75.21676300578035,Medium,10.36849710982659,Nurture / Monitor,73.5111111111111,1,137.9,0.0,68.95,47.11139995882955,Low-cost digital nurture,0.5,1.4133419987648865,0.9133419987648865,Low-cost nurture communication and continued monitoring,1,0,
16053,2011-09-01,United Kingdom,0.52528002179552,49.169075144508675,Low,75.75867052023122,Nurture / Monitor,22.377083333333335,1,1124.19,0.0,562.095,295.25727385115283,Low-cost digital nurture,0.5,8.857718215534584,8.357718215534584,Low-cost nurture communication and continued monitoring,0,1,288.0
16054,2011-09-01,United Kingdom,0.5320497721558721,50.18063583815029,Medium,64.92052023121387,Nurture / Monitor,45.452777777777776,1,783.9,0.0,391.95,208.53690819649407,Low-cost digital nurture,0.5,6.256107245894822,5.756107245894822,Low-cost nurture communication and continued monitoring,1,1,430.0
16055,2011-09-01,United Kingdom,0.7874047182066674,90.57080924855492,Critical,9.898843930635838,Reactivate Efficiently,120.60694444444445,1,134.8,0.0,67.4,53.07107800712939,Automated targeted campaign,5.0,7.960661701069408,2.960661701069408,Automated re-engagement with targeted product recommendations,1,0,
16057,2011-09-01,United Kingdom,0.5348073856820466,50.57803468208093,Medium,41.76300578034682,Nurture / Monitor,111.45138888888889,2,375.55999999999995,0.003472222222222222,187.77999999999997,100.42613088337468,Low-cost digital nurture,0.5,3.0127839265012404,2.5127839265012404,Low-cost nurture communication and continued monitoring,0,1,1093.0
16059,2011-09-01,United Kingdom,0.3504218141345783,27.02312138728324,Low,60.657514450867055,Nurture / Monitor,63.548611111111114,2,685.1,90.94305555555556,342.55,120.0369924317998,Low-cost digital nurture,0.5,3.601109772953994,3.101109772953994,Low-cost nurture communication and continued monitoring,0,1,889.0
16062,2011-09-01,United Kingdom,0.45218531829359404,38.11416184971098,Low,52.70953757225434,Nurture / Monitor,33.46527777777778,2,530.58,107.90416666666667,265.29,119.96024309010757,Low-cost digital nurture,0.5,3.598807292703227,3.098807292703227,Low-cost nurture communication and continued monitoring,1,1,890.0
16063,2011-09-01,United Kingdom,0.7872828569879705,90.53468208092485,Critical,37.5,Reactivate Efficiently,160.37847222222223,1,335.32,0.0,167.66,131.99584380260313,Automated targeted campaign,5.0,19.799376570390468,14.799376570390468,Automated re-engagement with targeted product recommendations,1,1,189.0
16066,2011-09-01,United Kingdom,0.7088461515467848,79.40751445086705,Medium,34.60982658959538,Nurture / Monitor,24.39375,1,316.38,0.0,158.19,112.13237271318587,Low-cost digital nurture,0.5,3.363971181395576,2.863971181395576,Low-cost nurture communication and continued monitoring,0,1,967.0
16076,2011-09-01,United Kingdom,0.41688164536824335,33.48988439306358,Low,68.9306358381503,Nurture / Monitor,20.389583333333334,3,887.8,88.08888888888889,443.9,185.0537623789632,Low-cost digital nurture,0.5,5.551612871368896,5.051612871368896,Low-cost nurture communication and continued monitoring,0,1,498.0
16080,2011-09-01,United Kingdom,0.5873595859366914,59.03179190751445,Medium,9.248554913294797,Nurture / Monitor,174.38611111111112,1,130.26,0.0,65.13,38.254729832056704,Low-cost digital nurture,0.5,1.147641894961701,0.6476418949617011,Low-cost nurture communication and continued monitoring,0,0,
16081,2011-09-01,United Kingdom,0.5012833071788382,45.59248554913295,Low,66.58236994219652,Nurture / Monitor,85.43680555555555,2,834.77,73.92152777777778,417.385,209.22813316683937,Low-cost digital nurture,0.5,6.276843995005181,5.776843995005181,Low-cost nurture communication and continued monitoring,0,1,427.0
16083,2011-09-01,United Kingdom,0.5586452275612638,54.190751445086704,Medium,71.64017341040463,Nurture / Monitor,0.5506944444444445,1,979.64,0.0,489.82,273.6356053640582,Low-cost digital nurture,0.5,8.209068160921746,7.7090681609217455,Low-cost nurture communication and continued monitoring,1,1,308.0
16085,2011-09-01,United Kingdom,0.54770418616049,52.312138728323696,Medium,11.705202312138727,Nurture / Monitor,136.48263888888889,1,143.69,0.0,71.845,39.3498072547004,Low-cost digital nurture,0.5,1.180494217641012,0.680494217641012,Low-cost nurture communication and continued monitoring,0,0,
16086,2011-09-01,United Kingdom,0.475166690077056,41.65462427745665,Low,32.98410404624278,Nurture / Monitor,100.3548611111111,1,308.61,0.0,154.305,73.32059611234013,Low-cost digital nurture,0.5,2.1996178833702036,1.6996178833702036,Low-cost nurture communication and continued monitoring,0,0,
16091,2011-09-01,United Kingdom,0.5586470811859005,54.22687861271677,Medium,34.5014450867052,Nurture / Monitor,54.635416666666664,2,315.06,43.97708333333333,157.53,88.0036746992149,Low-cost digital nurture,0.5,2.6401102409764468,2.1401102409764468,Low-cost nurture communication and continued monitoring,1,1,1231.0
16092,2011-09-01,United Kingdom,0.42801495852976895,35.043352601156066,Low,66.04046242774567,Nurture / Monitor,14.551388888888889,3,817.86,139.79722222222222,408.93,175.0281569915784,Low-cost digital nurture,0.5,5.250844709747352,4.750844709747352,Low-cost nurture communication and continued monitoring,1,1,544.0
16093,2011-09-01,United Kingdom,0.7374561295311712,83.34537572254335,High,0.36127167630057805,Reactivate Efficiently,6.535416666666666,1,17.0,0.0,8.5,6.268377101014956,Automated targeted campaign,5.0,0.9402565651522433,-4.059743434847757,Automated re-engagement with targeted product recommendations,1,0,
16094,2011-09-01,United Kingdom,0.5291626993798918,49.67485549132948,Low,25.704479768786126,Nurture / Monitor,119.41875,1,252.1,0.0,126.05,66.70095825683536,Low-cost digital nurture,0.5,2.001028747705061,1.5010287477050608,Low-cost nurture communication and continued monitoring,0,0,
16096,2011-09-01,United Kingdom,0.6773455593867952,74.27745664739885,Medium,35.115606936416185,Nurture / Monitor,164.43194444444444,1,320.62,0.0,160.31,108.58526662529714,Low-cost digital nurture,0.5,3.257557998758914,2.757557998758914,Low-cost nurture communication and continued monitoring,1,1,1015.0
16097,2011-09-01,United Kingdom,0.7944002918904479,91.47398843930635,Critical,17.593930635838152,Reactivate Efficiently,140.42569444444445,1,185.04999999999998,0.0,92.52499999999999,73.50188700716369,Automated targeted campaign,5.0,11.025283051074553,6.0252830510745525,Automated re-engagement with targeted product recommendations,1,0,
16098,2011-09-01,United Kingdom,0.1993840384306787,15.13728323699422,Low,67.55780346820809,Nurture / Monitor,28.288194444444443,4,860.0899999999999,106.02430555555556,430.04499999999996,85.74410880692122,Low-cost digital nurture,0.5,2.5723232642076366,2.0723232642076366,Low-cost nurture communication and continued monitoring,0,0,
16099,2011-09-01,United Kingdom,0.49649884311084663,44.83381502890174,Low,55.816473988439306,Nurture / Monitor,37.56388888888889,2,592.1,88.07916666666667,296.05,146.98848250296615,Low-cost digital nurture,0.5,4.409654475088984,3.909654475088984,Low-cost nurture communication and continued monitoring,0,1,693.0
16102,2011-09-01,United Kingdom,0.6532609560955468,70.37572254335261,Medium,66.76300578034682,Nurture / Monitor,28.46527777777778,1,839.76,0.0,419.88,274.2912102453982,Low-cost digital nurture,0.5,8.228736307361945,7.728736307361945,Low-cost nurture communication and continued monitoring,0,1,306.0
16103,2011-09-01,United Kingdom,0.3096064735753833,23.627167630057805,Low,76.33670520231213,Nurture / Monitor,57.545833333333334,4,1156.4,75.93472222222222,578.2,179.01446302128664,Low-cost digital nurture,0.5,5.3704338906385996,4.8704338906385996,Low-cost nurture communication and continued monitoring,0,1,524.0
16105,2011-09-01,United Kingdom,0.6613900477074087,71.5679190751445,Medium,37.716763005780344,Nurture / Monitor,148.57430555555555,1,336.96,0.0,168.48,111.43099523774421,Low-cost digital nurture,0.5,3.3429298571323263,2.8429298571323263,Low-cost nurture communication and continued monitoring,1,1,979.0
16107,2011-09-01,United Kingdom,0.24682938753789174,18.497109826589593,Low,82.11705202312139,Protect High Value,3.379861111111111,3,1494.1200000000001,79.84097222222222,747.0600000000001,184.3963622540574,VIP or loyalty service,12.0,14.751708980324594,2.7517089803245938,Proactive loyalty or VIP service without aggressive discounting,0,0,
16109,2011-09-01,United Kingdom,0.848281587224951,96.42341040462428,Critical,30.310693641618496,Reactivate Efficiently,118.61319444444445,1,296.88,0.0,148.44,125.91891880767172,Automated targeted campaign,5.0,18.887837821150757,13.887837821150757,Automated re-engagement with targeted product recommendations,1,1,205.0
16110,2011-09-01,United Kingdom,0.6304224163646894,66.871387283237,Medium,27.89017341040462,Nurture / Monitor,162.42083333333332,1,274.18,0.0,137.09,86.42460905943527,Low-cost digital nurture,0.5,2.592738271783058,2.092738271783058,Low-cost nurture communication and continued monitoring,0,0,
16112,2011-09-01,United Kingdom,0.6341819611754187,67.63005780346822,Medium,2.023121387283237,Nurture / Monitor,43.397222222222226,2,59.6,11.94513888888889,29.8,18.898622443027477,Low-cost digital nurture,0.5,0.5669586732908243,0.06695867329082428,Low-cost nurture communication and continued monitoring,1,0,
16113,2011-09-01,United Kingdom,0.7273249249467083,82.08092485549133,High,14.30635838150289,Reactivate Efficiently,83.32222222222222,1,161.38,0.0,80.69,58.68784819394989,Automated targeted campaign,5.0,8.803177229092483,3.8031772290924835,Automated re-engagement with targeted product recommendations,1,0,
16114,2011-09-01,United Kingdom,0.7414396988606863,83.8150289017341,High,10.04335260115607,Reactivate Efficiently,70.57430555555555,1,135.75000000000003,0.0,67.87500000000001,50.32521956016909,Automated targeted campaign,5.0,7.548782934025363,2.548782934025363,Automated re-engagement with targeted product recommendations,1,0,
16115,2011-09-01,United Kingdom,0.21126591447865742,16.076589595375722,Low,64.99277456647398,Nurture / Monitor,17.461805555555557,4,785.76,146.95625,392.88,83.00215248037493,Low-cost digital nurture,0.5,2.4900645744112477,1.9900645744112477,Low-cost nurture communication and continued monitoring,0,0,
16116,2011-09-01,United Kingdom,0.7168337722867908,80.38294797687861,High,57.297687861271676,Reactivate Efficiently,111.49930555555555,1,612.78,0.0,306.39,219.6306994909498,Automated targeted campaign,5.0,32.94460492364247,27.944604923642473,Automated re-engagement with targeted product recommendations,1,1,113.0
16117,2011-09-01,United Kingdom,0.608113683284674,62.78901734104046,Medium,23.410404624277454,Nurture / Monitor,89.5125,1,232.21,0.0,116.105,70.60503919776707,Low-cost digital nurture,0.5,2.118151175933012,1.6181511759330118,Low-cost nurture communication and continued monitoring,1,0,
16121,2011-09-01,United Kingdom,0.6240190026038621,65.53468208092485,Medium,29.082369942196536,Nurture / Monitor,115.50555555555556,1,285.94,0.0,142.97,89.21599680227416,Low-cost digital nurture,0.5,2.676479904068225,2.176479904068225,Low-cost nurture communication and continued monitoring,0,1,1215.0
16122,2011-09-01,United Kingdom,0.5092578408789747,46.71242774566474,Low,30.997109826589597,Nurture / Monitor,12.570833333333333,1,300.42,0.0,150.21,76.4956202784308,Low-cost digital nurture,0.5,2.294868608352924,1.7948686083529242,Low-cost nurture communication and continued monitoring,0,0,
16126,2011-09-01,United Kingdom,0.24788268629828675,18.569364161849713,Low,93.09971098265896,Protect High Value,1.5784722222222223,2,2815.35,82.79861111111111,1407.675,348.9382604349408,VIP or loyalty service,12.0,27.915060834795263,15.915060834795263,Proactive loyalty or VIP service without aggressive discounting,0,0,
16128,2011-09-01,United Kingdom,0.42780945475099835,34.971098265895954,Low,32.51445086705203,Nurture / Monitor,43.486805555555556,1,306.4,0.0,153.2,65.54040846785294,Low-cost digital nurture,0.5,1.9662122540355882,1.4662122540355882,Low-cost nurture communication and continued monitoring,0,0,
16131,2011-09-01,United Kingdom,0.33111881031584134,25.180635838150287,Low,90.7514450867052,Protect High Value,15.477777777777778,4,2278.5,124.16666666666667,1139.25,377.2271046523222,VIP or loyalty service,12.0,30.17816837218578,18.17816837218578,Proactive loyalty or VIP service without aggressive discounting,0,0,
16133,2011-09-01,United Kingdom,0.0025075630814574614,1.0476878612716762,Low,98.69942196531792,Protect High Value,1.4256944444444444,21,9988.36,144.2138888888889,4994.18,12.523221390153225,VIP or loyalty service,12.0,1.001857711212258,-10.998142288787742,Proactive loyalty or VIP service without aggressive discounting,0,0,
16135,2011-09-01,United Kingdom,0.871818343517649,97.6878612716763,Critical,51.842485549132945,Reactivate Efficiently,162.47916666666666,1,517.55,0.0,258.775,225.6047918437796,Automated targeted campaign,5.0,33.84071877656694,28.840718776566938,Automated re-engagement with targeted product recommendations,1,1,108.0
16136,2011-09-01,United Kingdom,0.911729028737396,99.27745664739885,Critical,13.94508670520231,Reactivate Efficiently,177.5888888888889,1,159.3,0.0,79.65,72.61921713893359,Automated targeted campaign,5.0,10.892882570840039,5.8928825708400385,Automated re-engagement with targeted product recommendations,0,0,
16139,2011-09-01,United Kingdom,0.8074096583048275,93.13583815028902,Critical,32.47832369942196,Reactivate Efficiently,12.38263888888889,2,306.37,94.18472222222222,153.185,123.683048507425,Automated targeted campaign,5.0,18.55245727611375,13.55245727611375,Automated re-engagement with targeted product recommendations,0,1,212.0
16142,2011-09-01,United Kingdom,0.7651283518441939,87.46387283236994,High,53.14306358381503,Reactivate Efficiently,149.57222222222222,1,535.34,0.0,267.67,204.8019059381354,Automated targeted campaign,5.0,30.72028589072031,25.72028589072031,Automated re-engagement with targeted product recommendations,1,1,119.0
16143,2011-09-01,United Kingdom,0.3496018822724048,26.914739884393065,Low,62.89739884393064,Nurture / Monitor,8.332638888888889,2,736.51,104.31180555555555,368.255,128.74264115622444,Low-cost digital nurture,0.5,3.862279234686733,3.362279234686733,Low-cost nurture communication and continued monitoring,1,1,830.0
16144,2011-09-01,United Kingdom,0.8519929877474552,96.71242774566474,Critical,16.203034682080926,Reactivate Efficiently,146.57708333333332,1,175.2,0.0,87.6,74.63458572667707,Automated targeted campaign,5.0,11.19518785900156,6.19518785900156,Automated re-engagement with targeted product recommendations,1,0,
16145,2011-09-01,United Kingdom,0.11924642522996008,9.609826589595375,Low,78.86560693641619,Nurture / Monitor,23.60972222222222,4,1303.38,102.76666666666667,651.69,77.71170285811269,Low-cost digital nurture,0.5,2.3313510857433806,1.8313510857433806,Low-cost nurture communication and continued monitoring,0,0,
16146,2011-09-01,United Kingdom,0.5443719356365837,51.73410404624278,Medium,62.68063583815029,Nurture / Monitor,57.40277777777778,3,734.13,74.95486111111111,367.065,199.8198845544426,Low-cost digital nurture,0.5,5.994596536633278,5.494596536633278,Low-cost nurture communication and continued monitoring,1,1,454.0
16147,2011-09-01,United Kingdom,0.5854986746314345,58.74277456647399,Medium,41.690751445086704,Nurture / Monitor,33.58541666666667,1,375.0,0.0,187.5,109.78100149339396,Low-cost digital nurture,0.5,3.2934300448018186,2.7934300448018186,Low-cost nurture communication and continued monitoring,1,1,1000.0
16149,2011-09-01,United Kingdom,0.8100346021414501,93.4971098265896,Critical,14.776011560693641,Reactivate Efficiently,42.37916666666667,1,163.68,0.0,81.84,66.29323183925628,Automated targeted campaign,5.0,9.943984775888442,4.943984775888442,Automated re-engagement with targeted product recommendations,1,0,
16150,2011-09-01,United Kingdom,0.3772458988365597,29.877167630057805,Low,72.79624277456648,Nurture / Monitor,28.620833333333334,2,1015.28,141.79861111111111,507.64,191.50510808539116,Low-cost digital nurture,0.5,5.745153242561734,5.245153242561734,Low-cost nurture communication and continued monitoring,0,1,477.0
16152,2011-09-01,United Kingdom,0.7679887269431093,88.04190751445087,High,86.5606936416185,Rescue Now,168.5923611111111,1,1829.04,0.0,914.52,702.3410505640122,Personal outreach,50.0,175.58526264100306,125.58526264100306,"Priority personal outreach, tailored incentive, and rapid follow-up",1,1,6.0
16153,2011-09-01,United Kingdom,0.2971983705820274,22.904624277456648,Low,65.67919075144508,Nurture / Monitor,15.60138888888889,3,808.53,101.97083333333333,404.265,120.14689928334332,Low-cost digital nurture,0.5,3.6044069785002995,3.1044069785002995,Low-cost nurture communication and continued monitoring,0,1,887.0
16156,2011-09-01,United Kingdom,0.17478973649207222,13.222543352601157,Low,75.28901734104046,Nurture / Monitor,51.56666666666667,4,1111.33,118.03611111111111,555.665,97.1245389278673,Low-cost digital nurture,0.5,2.913736167836019,2.413736167836019,Low-cost nurture communication and continued monitoring,0,1,1128.0
16161,2011-09-01,United Kingdom,0.09847685906941334,8.345375722543352,Low,85.40462427745665,Protect High Value,40.37361111111111,5,1720.72,107.24375,860.36,84.72555046896046,VIP or loyalty service,12.0,6.778044037516837,-5.221955962483163,Proactive loyalty or VIP service without aggressive discounting,0,0,
16162,2011-09-01,United Kingdom,0.8410067000276436,96.02601156069365,Critical,0.9754335260115607,Reactivate Efficiently,152.37291666666667,1,37.4,0.0,18.7,15.726825290516933,Automated targeted campaign,5.0,2.3590237935775398,-2.6409762064224602,Automated re-engagement with targeted product recommendations,1,0,
16163,2011-09-01,United Kingdom,0.6506128202005683,69.90606936416185,Medium,45.30346820809248,Nurture / Monitor,132.36458333333334,1,415.00000000000006,0.0,207.50000000000003,135.00216019161795,Low-cost digital nurture,0.5,4.050064805748538,3.550064805748538,Low-cost nurture communication and continued monitoring,1,1,787.0
16168,2011-09-01,United Kingdom,0.008783165953254613,1.5173410404624277,Low,87.96965317919076,Protect High Value,3.4923611111111112,14,1957.7,166.00347222222223,978.85,8.597401993343277,VIP or loyalty service,12.0,0.6877921594674622,-11.312207840532539,Proactive loyalty or VIP service without aggressive discounting,0,0,
16170,2011-09-01,United Kingdom,0.10692459873324232,8.959537572254336,Low,83.27312138728324,Protect High Value,12.579166666666667,5,1560.6599999999999,135.85,780.3299999999999,83.43647212951097,VIP or loyalty service,12.0,6.674917770360878,-5.325082229639122,Proactive loyalty or VIP service without aggressive discounting,0,0,
16172,2011-09-01,United Kingdom,0.3885770039755099,30.924855491329478,Low,65.35404624277457,Nurture / Monitor,30.349305555555556,3,800.35,111.14930555555556,400.175,155.4988025658997,Low-cost digital nurture,0.5,4.6649640769769904,4.1649640769769904,Low-cost nurture communication and continued monitoring,0,1,644.0
16174,2011-09-01,United Kingdom,0.49037299023318476,43.786127167630056,Low,72.57947976878613,Nurture / Monitor,26.440277777777776,3,1009.55,25.16875,504.775,247.52802614495582,Low-cost digital nurture,0.5,7.425840784348674,6.925840784348674,Low-cost nurture communication and continued monitoring,1,1,337.0
16175,2011-09-01,United Kingdom,0.4544167442090747,38.403179190751445,Low,62.933526011560694,Nurture / Monitor,69.20902777777778,3,736.89,71.18125,368.445,167.42757732011253,Low-cost digital nurture,0.5,5.022827319603376,4.522827319603376,Low-cost nurture communication and continued monitoring,0,1,577.0
16178,2011-09-01,United Kingdom,0.7885576402222433,90.7514450867052,Critical,19.11127167630058,Reactivate Efficiently,38.329861111111114,1,197.9,0.0,98.95,78.02777849999097,Automated targeted campaign,5.0,11.704166774998646,6.7041667749986456,Automated re-engagement with targeted product recommendations,1,0,
16180,2011-09-01,United Kingdom,0.06843063770354227,6.069364161849711,Low,98.73554913294798,Protect High Value,0.3138888888888889,8,10254.18,152.25347222222223,5127.09,350.85003826345456,VIP or loyalty service,12.0,28.068003061076364,16.068003061076364,Proactive loyalty or VIP service without aggressive discounting,1,0,
16182,2011-09-01,United Kingdom,0.4299492752010671,35.440751445086704,Low,95.8092485549133,Protect High Value,30.304861111111112,2,4019.0,73.23472222222222,2009.5,863.9830685165443,VIP or loyalty service,12.0,69.11864548132355,57.118645481323554,Proactive loyalty or VIP service without aggressive discounting,0,1,27.0
16184,2011-09-01,United Kingdom,0.1710941915937404,13.005780346820808,Low,71.92919075144508,Nurture / Monitor,5.586805555555555,5,985.8000000000001,105.84861111111111,492.90000000000003,84.33232703655464,Low-cost digital nurture,0.5,2.529969811096639,2.029969811096639,Low-cost nurture communication and continued monitoring,0,0,
16185,2011-09-01,United Kingdom,0.8620111593016664,97.1820809248555,Critical,37.42774566473989,Reactivate Efficiently,132.50069444444443,1,335.0,0.0,167.5,144.38686918302912,Automated targeted campaign,5.0,21.658030377454367,16.658030377454367,Automated re-engagement with targeted product recommendations,0,1,161.0
16186,2011-09-01,United Kingdom,0.07365246988721334,6.430635838150289,Low,91.36560693641619,Protect High Value,3.4604166666666667,8,2388.85,138.11944444444444,1194.425,87.9723513450348,VIP or loyalty service,12.0,7.0377881076027835,-4.9622118923972165,Proactive loyalty or VIP service without aggressive discounting,0,0,
16187,2011-09-01,United Kingdom,0.1621654173902466,12.644508670520233,Low,95.70086705202311,Protect High Value,13.561805555555555,8,3925.42,125.94652777777777,1962.71,318.2836863660109,VIP or loyalty service,12.0,25.462694909280874,13.462694909280874,Proactive loyalty or VIP service without aggressive discounting,0,0,
16188,2011-09-01,United Kingdom,0.5076726856371875,46.459537572254334,Low,63.65606936416185,Nurture / Monitor,41.31944444444444,3,755.03,101.275,377.515,191.65405391832283,Low-cost digital nurture,0.5,5.749621617549685,5.249621617549685,Low-cost nurture communication and continued monitoring,0,1,476.0
16191,2011-09-01,United Kingdom,0.4576102001968026,38.69219653179191,Low,56.17774566473989,Nurture / Monitor,162.62916666666666,1,596.4,0.0,298.2,136.45936169868654,Low-cost digital nurture,0.5,4.093780850960596,3.593780850960596,Low-cost nurture communication and continued monitoring,0,1,775.0
16193,2011-09-01,United Kingdom,0.7273769308489606,82.11705202312139,High,34.32080924855491,Reactivate Efficiently,136.51041666666666,1,314.45,0.0,157.225,114.36183795272783,Automated targeted campaign,5.0,17.154275692909174,12.154275692909174,Automated re-engagement with targeted product recommendations,1,1,249.0
16200,2011-09-01,United Kingdom,0.3648877772601493,28.468208092485547,Low,53.937861271676304,Nurture / Monitor,64.34236111111112,1,550.57,0.0,275.285,100.44813176306022,Low-cost digital nurture,0.5,3.0134439528918064,2.5134439528918064,Low-cost nurture communication and continued monitoring,1,1,1092.0
16201,2011-09-01,United Kingdom,0.7803184753009231,89.5592485549133,High,31.71965317919075,Reactivate Efficiently,9.550694444444444,1,303.8,0.0,151.9,118.53037639821022,Automated targeted campaign,5.0,17.779556459731534,12.779556459731534,Automated re-engagement with targeted product recommendations,0,1,229.0
16203,2011-09-01,United Kingdom,0.5218408864088164,48.69942196531792,Low,20.339595375722546,Nurture / Monitor,47.46875,2,207.6,79.90486111111112,103.8,54.16708400923515,Low-cost digital nurture,0.5,1.6250125202770545,1.1250125202770545,Low-cost nurture communication and continued monitoring,0,0,
16205,2011-09-01,United Kingdom,0.5801843160605417,57.8757225433526,Medium,5.346820809248555,Nurture / Monitor,79.51875,1,105.75,0.0,52.875,30.67724571170114,Low-cost digital nurture,0.5,0.9203173713510342,0.4203173713510342,Low-cost nurture communication and continued monitoring,0,0,
16206,2011-09-01,United Kingdom,0.40100065925005896,31.900289017341038,Low,25.325144508670522,Nurture / Monitor,24.552083333333332,2,248.56,83.98680555555555,124.28,49.836361931597324,Low-cost digital nurture,0.5,1.4950908579479196,0.9950908579479196,Low-cost nurture communication and continued monitoring,0,0,
16209,2011-09-01,United Kingdom,0.31441915826201644,23.916184971098268,Low,89.378612716763,Protect High Value,19.399305555555557,4,2116.9,127.08472222222223,1058.45,332.7969580624313,VIP or loyalty service,12.0,26.623756644994504,14.623756644994504,Proactive loyalty or VIP service without aggressive discounting,0,0,
16210,2011-09-01,United Kingdom,0.19280889930268907,14.486994219653178,Low,88.40317919075144,Protect High Value,16.386111111111113,4,2027.14,104.15902777777778,1013.57,195.42531606622657,VIP or loyalty service,12.0,15.634025285298126,3.634025285298126,Proactive loyalty or VIP service without aggressive discounting,0,0,
16214,2011-09-01,United Kingdom,0.5092525669040644,46.67630057803468,Low,73.98843930635837,Nurture / Monitor,70.52083333333333,3,1062.75,98.92152777777778,531.375,270.6040827386472,Low-cost digital nurture,0.5,8.118122482159416,7.618122482159416,Low-cost nurture communication and continued monitoring,1,1,314.0
16216,2011-09-01,United Kingdom,0.77706441575,89.01734104046243,High,69.94219653179191,Reactivate Efficiently,167.3513888888889,1,914.9300000000001,0.0,457.46500000000003,355.47977295107376,Automated targeted campaign,5.0,53.32196594266106,48.32196594266106,Automated re-engagement with targeted product recommendations,1,1,45.0
16217,2011-09-01,United Kingdom,0.7029881886686792,78.39595375722543,Medium,8.236994219653178,Nurture / Monitor,135.43680555555557,1,121.25000000000001,0.0,60.62500000000001,42.61865893803868,Low-cost digital nurture,0.5,1.2785597681411602,0.7785597681411602,Low-cost nurture communication and continued monitoring,1,0,
16218,2011-09-01,United Kingdom,0.19479254446342562,14.739884393063585,Low,89.88439306358381,Protect High Value,14.613888888888889,5,2164.18,139.94583333333333,1082.09,210.7830644384282,VIP or loyalty service,12.0,16.862645155074254,4.862645155074254,Proactive loyalty or VIP service without aggressive discounting,0,0,
16221,2011-09-01,United Kingdom,0.5763251644444223,57.1893063583815,Medium,12.138728323699421,Nurture / Monitor,175.54791666666668,1,148.63,0.0,74.315,42.82960459568724,Low-cost digital nurture,0.5,1.2848881378706172,0.7848881378706172,Low-cost nurture communication and continued monitoring,0,0,
16224,2011-09-01,United Kingdom,0.5116811793386872,46.92919075144509,Low,67.8106936416185,Nurture / Monitor,41.196527777777774,3,865.8800000000001,108.30347222222223,432.94000000000005,221.52724978289126,Low-cost digital nurture,0.5,6.645817493486738,6.145817493486738,Low-cost nurture communication and continued monitoring,0,1,392.0
16225,2011-09-01,United Kingdom,0.2666617262589715,20.158959537572255,Low,71.09826589595376,Nurture / Monitor,49.4875,4,953.6400000000001,128.00069444444443,476.82000000000005,127.1496443148028,Low-cost digital nurture,0.5,3.814489329444084,3.314489329444084,Low-cost nurture communication and continued monitoring,0,1,840.0
16226,2011-09-01,United Kingdom,0.6413910923134946,68.53323699421965,Medium,26.04768786127168,Nurture / Monitor,103.38819444444445,3,255.12,32.071527777777774,127.56,81.81584773550937,Low-cost digital nurture,0.5,2.454475432065281,1.9544754320652808,Low-cost nurture communication and continued monitoring,1,0,
16227,2011-09-01,United Kingdom,0.767003708525555,87.78901734104046,High,34.28468208092485,Reactivate Efficiently,125.43541666666667,1,314.22,0.0,157.11,120.50395264644996,Automated targeted campaign,5.0,18.075592896967493,13.075592896967493,Automated re-engagement with targeted product recommendations,1,1,221.0
16229,2011-09-01,United Kingdom,0.5712215949638788,56.46676300578035,Medium,39.92052023121387,Nurture / Monitor,112.57083333333334,1,358.2,0.0,179.1,102.3057876580307,Low-cost digital nurture,0.5,3.069173629740921,2.569173629740921,Low-cost nurture communication and continued monitoring,0,1,1077.0
16230,2011-09-01,United Kingdom,0.6222398444757958,65.24566473988439,Medium,53.46820809248555,Nurture / Monitor,89.57916666666667,2,542.03,30.7875,271.015,168.6363314506078,Low-cost digital nurture,0.5,5.0590899435182335,4.5590899435182335,Low-cost nurture communication and continued monitoring,1,1,570.0
16232,2011-09-01,United Kingdom,0.5439414474881644,51.697976878612714,Medium,62.31936416184971,Nurture / Monitor,43.45763888888889,3,725.04,71.95555555555555,362.52,197.18965354340935,Low-cost digital nurture,0.5,5.91568960630228,5.41568960630228,Low-cost nurture communication and continued monitoring,0,1,460.0
16235,2011-09-01,United Kingdom,0.5266343988314898,49.34971098265896,Low,35.187861271676304,Nurture / Monitor,86.52361111111111,1,320.83,0.0,160.415,84.48005708855342,Low-cost digital nurture,0.5,2.5344017126566025,2.0344017126566025,Low-cost nurture communication and continued monitoring,0,0,
16239,2011-09-01,United Kingdom,0.6149740223026928,63.945086705202314,Medium,38.945086705202314,Nurture / Monitor,89.60416666666667,1,347.9,0.0,173.95,106.97473117955342,Low-cost digital nurture,0.5,3.2092419353866024,2.7092419353866024,Low-cost nurture communication and continued monitoring,0,1,1031.0
16241,2011-09-01,United Kingdom,0.12467715396260325,9.971098265895954,Low,74.02456647398844,Nurture / Monitor,14.531944444444445,6,1065.44,133.0048611111111,532.72,66.418013458958,Low-cost digital nurture,0.5,1.99254040376874,1.49254040376874,Low-cost nurture communication and continued monitoring,0,0,
16242,2011-09-01,United Kingdom,0.24578323639538238,18.460982658959537,Low,67.05202312138728,Nurture / Monitor,65.38819444444445,3,846.59,111.90069444444444,423.295,104.03881504998338,Low-cost digital nurture,0.5,3.1211644514995016,2.6211644514995016,Low-cost nurture communication and continued monitoring,0,1,1063.0
16244,2011-09-01,United Kingdom,0.6218489829018382,65.13728323699422,Medium,48.98843930635838,Nurture / Monitor,111.57083333333334,1,466.12,0.0,233.06,144.92812395510242,Low-cost digital nurture,0.5,4.347843718653072,3.8478437186530723,Low-cost nurture communication and continued monitoring,1,1,706.0
16245,2011-09-01,United Kingdom,0.6117626706251819,63.58381502890174,Medium,64.45086705202311,Nurture / Monitor,21.601388888888888,2,769.7,135.00277777777777,384.85,235.43686379010126,Low-cost digital nurture,0.5,7.063105913703038,6.563105913703038,Low-cost nurture communication and continued monitoring,0,1,358.0
16247,2011-09-01,United Kingdom,0.7357011536219169,83.02023121387283,High,7.207369942196531,Reactivate Efficiently,70.40069444444444,1,114.56,0.0,57.28,42.1409620794634,Automated targeted campaign,5.0,6.32114431191951,1.32114431191951,Automated re-engagement with targeted product recommendations,1,0,
16249,2011-09-01,United Kingdom,0.23705626820767417,18.027456647398843,Low,81.28612716763006,Protect High Value,12.509027777777778,4,1440.77,126.91458333333334,720.385,170.77177977278535,VIP or loyalty service,12.0,13.661742381822828,1.6617423818228279,Proactive loyalty or VIP service without aggressive discounting,0,0,
16250,2011-09-01,United Kingdom,0.6882807866332334,75.90317919075144,Medium,14.703757225433526,Nurture / Monitor,161.3701388888889,1,163.3,0.0,81.65,56.19812622860351,Low-cost digital nurture,0.5,1.6859437868581053,1.1859437868581053,Low-cost nurture communication and continued monitoring,1,0,
16253,2011-09-01,United Kingdom,0.5530731691420887,53.21531791907515,Medium,85.1878612716763,Protect High Value,155.43541666666667,1,1700.4,0.0,850.2,470.2228084046038,VIP or loyalty service,12.0,37.61782467236831,25.617824672368307,Proactive loyalty or VIP service without aggressive discounting,0,0,
16255,2011-09-01,United Kingdom,0.2400654121548254,18.13583815028902,Low,69.40028901734104,Nurture / Monitor,31.49861111111111,3,904.54,114.9486111111111,452.27,108.57438395526289,Low-cost digital nurture,0.5,3.2572315186578864,2.7572315186578864,Low-cost nurture communication and continued monitoring,0,1,1016.0
16256,2011-09-01,United Kingdom,0.7049971930013604,78.79335260115607,Medium,63.51156069364162,Nurture / Monitor,166.4875,1,752.4300000000001,0.0,376.21500000000003,265.23051896500687,Low-cost digital nurture,0.5,7.956915568950206,7.456915568950206,Low-cost nurture communication and continued monitoring,1,1,318.0
16257,2011-09-01,United Kingdom,0.8265278108785851,95.3034682080925,Critical,0.5057803468208093,Reactivate Efficiently,76.57569444444445,1,21.95,0.0,10.975,9.071142724392471,Automated targeted campaign,5.0,1.3606714086588707,-3.6393285913411293,Automated re-engagement with targeted product recommendations,1,0,
16258,2011-09-01,United Kingdom,0.2082012795683285,15.823699421965317,Low,95.52023121387283,Protect High Value,27.39375,4,3741.06,92.0,1870.53,389.44673947094554,VIP or loyalty service,12.0,31.155739157675644,19.155739157675644,Proactive loyalty or VIP service without aggressive discounting,0,0,
16261,2011-09-01,United Kingdom,0.5208271508050093,48.51878612716763,Low,44.797687861271676,Nurture / Monitor,13.214583333333334,2,409.99,132.99027777777778,204.995,106.76696177927289,Low-cost digital nurture,0.5,3.2030088533781864,2.7030088533781864,Low-cost nurture communication and continued monitoring,0,1,1034.0
16265,2011-09-01,United Kingdom,0.21275340903388543,16.221098265895954,Low,82.47832369942196,Protect High Value,10.472916666666666,3,1519.1799999999998,150.1159722222222,759.5899999999999,161.605361968049,VIP or loyalty service,12.0,12.928428957443922,0.9284289574439217,Proactive loyalty or VIP service without aggressive discounting,0,0,
16266,2011-09-01,United Kingdom,0.2513894773612802,18.786127167630056,Low,63.98121387283236,Nurture / Monitor,15.5,6,761.12,90.88194444444444,380.56,95.66877950460879,Low-cost digital nurture,0.5,2.8700633851382635,2.3700633851382635,Low-cost nurture communication and continued monitoring,0,1,1150.0
16271,2011-09-01,United Kingdom,0.42863018774834943,35.15173410404625,Low,62.71676300578035,Nurture / Monitor,26.261805555555554,2,735.21,16.264583333333334,367.605,157.566600167232,Low-cost digital nurture,0.5,4.726998005016959,4.226998005016959,Low-cost nurture communication and continued monitoring,0,1,629.0
16272,2011-09-01,United Kingdom,0.6537898067634623,70.41184971098265,Medium,44.94219653179191,Nurture / Monitor,16.54652777777778,1,411.7,0.0,205.85,134.58263172225872,Low-cost digital nurture,0.5,4.037478951667762,3.5374789516677616,Low-cost nurture communication and continued monitoring,1,1,789.0
16275,2011-09-01,United Kingdom,0.674136725878382,73.77167630057804,Medium,54.37138728323699,Nurture / Monitor,96.47152777777778,1,559.87,0.0,279.935,188.71446435876487,Low-cost digital nurture,0.5,5.6614339307629455,5.1614339307629455,Low-cost nurture communication and continued monitoring,1,1,487.0
16276,2011-09-01,United Kingdom,0.7575477979088333,86.45231213872833,High,65.78757225433526,Reactivate Efficiently,76.60138888888889,1,810.6000000000001,0.0,405.30000000000007,307.0341224924502,Automated targeted campaign,5.0,46.05511837386753,41.05511837386753,Automated re-engagement with targeted product recommendations,1,1,62.0
16278,2011-09-01,United Kingdom,0.8065191540769406,92.8106936416185,Critical,54.66040462427746,Reactivate Efficiently,0.2833333333333333,1,566.38,0.0,283.19,228.3981592430488,Automated targeted campaign,5.0,34.25972388645732,29.259723886457323,Automated re-engagement with targeted product recommendations,1,1,105.0
16279,2011-09-01,United Kingdom,0.4504528354140173,37.96965317919075,Low,40.209537572254334,Nurture / Monitor,76.50694444444444,1,359.08000000000004,0.0,179.54000000000002,80.87430207023267,Low-cost digital nurture,0.5,2.42622906210698,1.9262290621069802,Low-cost nurture communication and continued monitoring,0,0,
16283,2011-09-01,United Kingdom,0.38569662795000637,30.671965317919074,Low,55.38294797687862,Nurture / Monitor,20.5,3,584.65,87.93263888888889,292.325,112.74876676548561,Low-cost digital nurture,0.5,3.382463002964568,2.882463002964568,Low-cost nurture communication and continued monitoring,0,1,959.0
16287,2011-09-01,United Kingdom,0.6151557212173815,63.98121387283236,Medium,11.416184971098266,Nurture / Monitor,69.61944444444444,1,142.5,0.0,71.25,43.829845136738435,Low-cost digital nurture,0.5,1.314895354102153,0.8148953541021531,Low-cost nurture communication and continued monitoring,1,0,
16292,2011-09-01,United Kingdom,0.5119039019890222,47.0014450867052,Low,31.358381502890175,Nurture / Monitor,21.483333333333334,1,302.25,0.0,151.125,77.36147718809099,Low-cost digital nurture,0.5,2.3208443156427294,1.8208443156427294,Low-cost nurture communication and continued monitoring,1,0,
16293,2011-09-01,United Kingdom,0.504886780093403,46.02601156069364,Low,63.47543352601156,Nurture / Monitor,107.48194444444445,3,750.99,62.07013888888889,375.495,189.58246149117238,Low-cost digital nurture,0.5,5.687473844735171,5.187473844735171,Low-cost nurture communication and continued monitoring,0,1,482.0
16297,2011-09-01,United Kingdom,0.7679258534337631,88.0057803468208,High,31.322254335260112,Reactivate Efficiently,168.64652777777778,1,301.9,0.0,150.95,115.91840757582652,Automated targeted campaign,5.0,17.387761136373978,12.387761136373978,Automated re-engagement with targeted product recommendations,1,1,244.0
16298,2011-09-01,United Kingdom,0.6689551815914218,73.01300578034682,Medium,7.117052023121387,Nurture / Monitor,86.57916666666667,1,114.3,0.0,57.15,38.23078862794975,Low-cost digital nurture,0.5,1.1469236588384923,0.6469236588384923,Low-cost nurture communication and continued monitoring,0,0,
16302,2011-09-01,United Kingdom,0.6772126392321687,74.24132947976878,Medium,23.591040462427745,Nurture / Monitor,26.594444444444445,1,233.22,0.0,116.61,78.96976586086319,Low-cost digital nurture,0.5,2.369092975825896,1.8690929758258958,Low-cost nurture communication and continued monitoring,1,0,
16303,2011-09-01,United Kingdom,0.35284309270877423,27.276011560693643,Low,94.21965317919076,Protect High Value,15.53888888888889,1,3209.15,0.0,1604.575,566.1632054831814,VIP or loyalty service,12.0,45.29305643865451,33.29305643865451,Proactive loyalty or VIP service without aggressive discounting,0,1,88.0
16305,2011-09-01,United Kingdom,0.6947189366270882,76.80635838150289,Medium,40.42630057803468,Nurture / Monitor,38.4875,1,361.21999999999997,0.0,180.60999999999999,125.47318714421839,Low-cost digital nurture,0.5,3.7641956143265514,3.2641956143265514,Low-cost nurture communication and continued monitoring,1,1,853.0
16306,2011-09-01,United Kingdom,0.5757191349672764,57.08092485549133,Medium,1.0115606936416186,Nurture / Monitor,113.49166666666666,1,37.8,0.0,18.9,10.881091650881524,Low-cost digital nurture,0.5,0.32643274952644574,-0.17356725047355426,Low-cost nurture communication and continued monitoring,1,0,
16308,2011-09-01,United Kingdom,0.5637081519292159,55.3106936416185,Medium,83.92341040462428,Protect High Value,7.5472222222222225,3,1600.0,153.8375,800.0,450.96652154337266,VIP or loyalty service,12.0,36.077321723469815,24.077321723469815,Proactive loyalty or VIP service without aggressive discounting,0,0,
16309,2011-09-01,United Kingdom,0.6283472533428027,66.4378612716763,Medium,61.63294797687862,Nurture / Monitor,6.350694444444445,2,706.5699999999999,134.15902777777777,353.28499999999997,221.98565939721203,Low-cost digital nurture,0.5,6.65956978191636,6.15956978191636,Low-cost nurture communication and continued monitoring,1,1,390.0
16316,2011-09-01,United Kingdom,0.22553039986711695,17.160404624277454,Low,87.5,Protect High Value,57.3875,6,1904.59,120.11527777777778,952.295,214.77147214145614,VIP or loyalty service,12.0,17.181717771316492,5.181717771316492,Proactive loyalty or VIP service without aggressive discounting,0,0,
16317,2011-09-01,United Kingdom,0.5553272389322859,53.54046242774566,Medium,64.52312138728324,Nurture / Monitor,19.468055555555555,2,770.89,42.1875,385.445,214.04810761025493,Low-cost digital nurture,0.5,6.4214432283076475,5.9214432283076475,Low-cost nurture communication and continued monitoring,1,1,411.0
16319,2011-09-01,United Kingdom,0.7908440691784973,91.25722543352602,Critical,44.07514450867052,Reactivate Efficiently,117.52291666666666,1,404.40000000000003,0.0,202.20000000000002,159.90867078789216,Automated targeted campaign,5.0,23.986300618183822,18.986300618183822,Automated re-engagement with targeted product recommendations,1,1,144.0
16320,2011-09-01,Unspecified,0.48249117479576376,42.846820809248555,Low,73.55491329479769,Nurture / Monitor,72.35763888888889,2,1038.46,40.99583333333333,519.23,250.52389268920442,Low-cost digital nurture,0.5,7.515716780676132,7.015716780676132,Low-cost nurture communication and continued monitoring,1,1,333.0
16323,2011-09-01,United Kingdom,0.9145435229455999,99.38583815028902,Critical,20.303468208092486,Reactivate Efficiently,96.38333333333334,1,207.50000000000003,0.0,103.75000000000001,94.883890505606,Automated targeted campaign,5.0,14.2325835758409,9.2325835758409,Automated re-engagement with targeted product recommendations,1,0,
16324,2011-09-01,United Kingdom,0.45690375534091154,38.58381502890174,Low,44.47254335260116,Nurture / Monitor,28.459722222222222,3,408.59000000000003,48.93888888888889,204.29500000000002,93.34315269737154,Low-cost digital nurture,0.5,2.800294580921146,2.300294580921146,Low-cost nurture communication and continued monitoring,1,1,1176.0
16325,2011-09-01,United Kingdom,0.4227648885252285,34.21242774566474,Low,45.447976878612714,Nurture / Monitor,55.42777777777778,2,416.02000000000004,90.18333333333334,208.01000000000002,87.93932446213279,Low-cost digital nurture,0.5,2.6381797338639834,2.1381797338639834,Low-cost nurture communication and continued monitoring,0,1,1233.0
16326,2011-09-01,United Kingdom,0.2035873184487714,15.498554913294798,Low,65.10115606936417,Nurture / Monitor,17.556944444444444,5,790.34,96.92222222222222,395.17,80.45160063140099,Low-cost digital nurture,0.5,2.4135480189420297,1.9135480189420297,Low-cost nurture communication and continued monitoring,0,0,
16327,2011-09-01,United Kingdom,0.3483280320396444,26.553468208092486,Low,79.01011560693641,Nurture / Monitor,99.41666666666667,2,1311.42,70.96458333333334,655.71,228.40217388871525,Low-cost digital nurture,0.5,6.852065216661457,6.352065216661457,Low-cost nurture communication and continued monitoring,0,1,374.0
16330,2011-09-01,United Kingdom,0.5703333081427725,56.32225433526011,Medium,1.3367052023121389,Nurture / Monitor,12.284722222222221,2,48.96,0.001388888888888889,24.48,13.961759383335071,Low-cost digital nurture,0.5,0.4188527815000521,-0.08114721849994788,Low-cost nurture communication and continued monitoring,0,0,
16332,2011-09-01,United Kingdom,0.4495375152156123,37.7528901734104,Low,52.52890173410405,Nurture / Monitor,30.438194444444445,2,529.47,20.9875,264.735,119.00831409060513,Low-cost digital nurture,0.5,3.570249422718154,3.070249422718154,Low-cost nurture communication and continued monitoring,0,1,896.0
16333,2011-09-01,United Kingdom,0.3318897903563647,25.216763005780347,Low,98.66329479768787,Protect High Value,23.502777777777776,13,9940.24,128.98402777777778,4970.12,1649.532084845975,VIP or loyalty service,12.0,131.962566787678,119.96256678767801,Proactive loyalty or VIP service without aggressive discounting,0,1,7.0
16338,2011-09-01,United Kingdom,0.7439988923995068,84.2485549132948,High,21.640173410404625,Reactivate Efficiently,57.419444444444444,1,214.79999999999998,0.0,107.39999999999999,79.90548104370703,Automated targeted campaign,5.0,11.985822156556054,6.985822156556054,Automated re-engagement with targeted product recommendations,1,0,
16340,2011-09-01,United Kingdom,0.6031772046453366,61.452312138728324,Medium,53.070809248554916,Nurture / Monitor,7.379861111111111,1,534.31,0.0,267.155,161.1418061070249,Low-cost digital nurture,0.5,4.834254183210747,4.334254183210747,Low-cost nurture communication and continued monitoring,1,1,612.0
16341,2011-09-01,United Kingdom,0.6334882827667985,67.34104046242774,Medium,65.24566473988439,Nurture / Monitor,101.44444444444444,1,797.65,0.0,398.825,252.6509643744684,Low-cost digital nurture,0.5,7.5795289312340515,7.0795289312340515,Low-cost nurture communication and continued monitoring,0,1,331.0
16342,2011-09-01,United Kingdom,0.29843933244840554,23.01300578034682,Low,28.66690751445087,Nurture / Monitor,7.647916666666666,3,283.71,71.92847222222223,141.855,42.335111504468564,Low-cost digital nurture,0.5,1.270053345134057,0.770053345134057,Low-cost nurture communication and continued monitoring,0,0,
16344,2011-09-01,United Kingdom,0.7982367886042857,91.97976878612717,Critical,4.76878612716763,Reactivate Efficiently,58.34027777777778,1,101.10000000000001,0.0,50.550000000000004,40.350869663946646,Automated targeted campaign,5.0,6.052630449591997,1.0526304495919971,Automated re-engagement with targeted product recommendations,1,0,
16348,2011-09-01,United Kingdom,0.45813573282025033,38.80057803468208,Low,62.82514450867052,Nurture / Monitor,28.355555555555554,4,735.95,111.98541666666667,367.975,168.58249628453163,Low-cost digital nurture,0.5,5.057474888535949,4.557474888535949,Low-cost nurture communication and continued monitoring,0,1,571.0
16353,2011-09-01,United Kingdom,0.1041912725302774,8.70664739884393,Low,88.47543352601156,Protect High Value,3.4291666666666667,5,2030.71,167.05902777777777,1015.355,105.79112951997982,VIP or loyalty service,12.0,8.463290361598386,-3.5367096384016143,Proactive loyalty or VIP service without aggressive discounting,0,0,
16356,2011-09-01,United Kingdom,0.4615115953264093,39.48699421965318,Low,20.917630057803468,Nurture / Monitor,97.50625,3,211.76999999999998,79.97222222222223,105.88499999999999,48.867155271136845,Low-cost digital nurture,0.5,1.4660146581341054,0.9660146581341054,Low-cost nurture communication and continued monitoring,1,0,
16357,2011-09-01,United Kingdom,0.6195053816790159,64.8121387283237,Medium,26.300578034682083,Nurture / Monitor,62.297916666666666,2,257.95000000000005,51.26111111111111,128.97500000000002,79.90070660205109,Low-cost digital nurture,0.5,2.3970211980615326,1.8970211980615326,Low-cost nurture communication and continued monitoring,0,0,
16358,2011-09-01,United Kingdom,0.6953770152254772,76.91473988439307,Medium,48.482658959537574,Nurture / Monitor,84.37152777777777,1,462.15000000000003,0.0,231.07500000000002,160.68424379322715,Low-cost digital nurture,0.5,4.8205273137968145,4.3205273137968145,Low-cost nurture communication and continued monitoring,0,1,614.0
16359,2011-09-01,United Kingdom,0.3113578076958927,23.771676300578033,Low,70.98988439306359,Nurture / Monitor,76.23680555555555,4,945.18,98.325,472.59,147.14458633900193,Low-cost digital nurture,0.5,4.4143375901700574,3.9143375901700574,Low-cost nurture communication and continued monitoring,0,1,691.0
16364,2011-09-01,United Kingdom,0.6935085440932617,76.66184971098265,Medium,38.65606936416185,Nurture / Monitor,37.392361111111114,1,346.3,0.0,173.15,120.08100440974826,Low-cost digital nurture,0.5,3.6024301322924477,3.1024301322924477,Low-cost nurture communication and continued monitoring,0,1,888.0
16365,2011-09-01,United Kingdom,0.2009308457162962,15.245664739884393,Low,50.57803468208093,Nurture / Monitor,23.322916666666668,5,494.09999999999997,129.84722222222223,247.04999999999998,49.63996543421098,Low-cost digital nurture,0.5,1.4891989630263294,0.9891989630263294,Low-cost nurture communication and continued monitoring,0,0,
16369,2011-09-01,United Kingdom,0.5879006332548226,59.14017341040463,Medium,39.48699421965318,Nurture / Monitor,96.59791666666666,1,354.45,0.0,177.225,104.19068972858592,Low-cost digital nurture,0.5,3.1257206918575777,2.6257206918575777,Low-cost nurture communication and continued monitoring,0,1,1060.0
16370,2011-09-01,United Kingdom,0.2987112993500772,23.085260115606935,Low,70.95375722543352,Nurture / Monitor,17.461111111111112,3,944.49,107.84444444444445,472.245,141.0649175615772,Low-cost digital nurture,0.5,4.231947526847316,3.731947526847316,Low-cost nurture communication and continued monitoring,0,1,744.0
16374,2011-09-01,United Kingdom,0.5958579478589626,60.440751445086704,Medium,13.078034682080924,Nurture / Monitor,162.42638888888888,1,154.2,0.0,77.1,45.94064777992602,Low-cost digital nurture,0.5,1.3782194333977804,0.8782194333977804,Low-cost nurture communication and continued monitoring,0,0,
16377,2011-09-01,United Kingdom,0.9040219510185323,98.98843930635837,Critical,60.440751445086704,Reactivate Efficiently,167.34652777777777,1,676.2,0.0,338.1,305.6498216393658,Automated targeted campaign,5.0,45.84747324590487,40.84747324590487,Automated re-engagement with targeted product recommendations,1,1,64.0
16378,2011-09-01,United Kingdom,0.6493120721347878,69.61705202312139,Medium,2.8901734104046244,Nurture / Monitor,147.3701388888889,1,75.9,0.0,37.95,24.641393137515198,Low-cost digital nurture,0.5,0.7392417941254559,0.23924179412545588,Low-cost nurture communication and continued monitoring,1,0,
16383,2011-09-01,United Kingdom,0.5693898297114347,56.141618497109825,Medium,33.23699421965318,Nurture / Monitor,168.45833333333334,1,309.46,0.0,154.73,88.10168835125029,Low-cost digital nurture,0.5,2.6430506505375084,2.1430506505375084,Low-cost nurture communication and continued monitoring,0,1,1227.0
16384,2011-09-01,United Kingdom,0.6056010187716542,62.138728323699425,Medium,44.54479768786127,Nurture / Monitor,163.57430555555555,1,409.1,0.0,204.55,123.87568838974187,Low-cost digital nurture,0.5,3.716270651692256,3.216270651692256,Low-cost nurture communication and continued monitoring,0,1,865.0
16385,2011-09-01,United Kingdom,0.6984148270648125,77.5650289017341,Medium,8.815028901734104,Nurture / Monitor,58.421527777777776,1,126.62,0.0,63.31,44.21664270147328,Low-cost digital nurture,0.5,1.3264992810441985,0.8264992810441985,Low-cost nurture communication and continued monitoring,0,0,
16386,2011-09-01,United Kingdom,0.7136403863069687,79.94942196531792,Medium,2.167630057803468,Nurture / Monitor,153.48680555555555,1,61.10000000000001,0.0,30.550000000000004,21.801713801677895,Low-cost digital nurture,0.5,0.6540514140503368,0.15405141405033684,Low-cost nurture communication and continued monitoring,0,0,
16389,2011-09-01,United Kingdom,0.627897962048394,66.22109826589595,Medium,53.90173410404624,Nurture / Monitor,105.42013888888889,1,550.52,0.0,275.26,172.83519303344093,Low-cost digital nurture,0.5,5.1850557910032276,4.6850557910032276,Low-cost nurture communication and continued monitoring,0,1,551.0
16392,2011-09-01,United Kingdom,0.5712953044213239,56.5028901734104,Medium,22.03757225433526,Nurture / Monitor,169.4923611111111,1,217.89,0.0,108.945,62.239766940181134,Low-cost digital nurture,0.5,1.867193008205434,1.367193008205434,Low-cost nurture communication and continued monitoring,1,0,
16393,2011-09-01,United Kingdom,0.1312264074955272,10.260115606936417,Low,72.21820809248555,Nurture / Monitor,42.50416666666667,5,997.73,96.85277777777777,498.865,65.46426177525618,Low-cost digital nurture,0.5,1.9639278532576852,1.4639278532576852,Low-cost nurture communication and continued monitoring,0,0,
16394,2011-09-01,United Kingdom,0.4359812427633695,36.19942196531792,Low,57.73121387283236,Nurture / Monitor,71.44305555555556,2,620.69,76.93819444444445,310.345,135.30459878539793,Low-cost digital nurture,0.5,4.059137963561938,3.5591379635619376,Low-cost nurture communication and continued monitoring,0,1,784.0
16395,2011-09-01,United Kingdom,0.5058987469074046,46.278901734104046,Low,51.697976878612714,Nurture / Monitor,68.35555555555555,1,513.74,0.0,256.87,129.95021111810502,Low-cost digital nurture,0.5,3.8985063335431502,3.3985063335431502,Low-cost nurture communication and continued monitoring,0,1,820.0
16398,2011-09-01,United Kingdom,0.512250695233411,47.07369942196532,Low,85.22398843930635,Protect High Value,54.36388888888889,2,1705.8000000000002,99.23472222222222,852.9000000000001,436.8986179645763,VIP or loyalty service,12.0,34.95188943716611,22.95188943716611,Proactive loyalty or VIP service without aggressive discounting,1,0,
16399,2011-09-01,United Kingdom,0.6956234520611102,76.95086705202311,Medium,16.383670520231213,Nurture / Monitor,135.42638888888888,1,176.60999999999999,0.0,88.30499999999999,61.427028934256334,Low-cost digital nurture,0.5,1.84281086802769,1.34281086802769,Low-cost nurture communication and continued monitoring,0,0,
16401,2011-09-01,United Kingdom,0.1014073376744129,8.5621387283237,Low,86.19942196531792,Protect High Value,31.488888888888887,5,1789.62,122.08958333333334,894.81,90.74029982444141,VIP or loyalty service,12.0,7.2592239859553125,-4.7407760140446875,Proactive loyalty or VIP service without aggressive discounting,0,0,
16402,2011-09-01,United Kingdom,0.7246181519023386,81.61127167630057,High,3.6849710982658963,Reactivate Efficiently,164.48263888888889,1,87.8,0.0,43.9,31.810736868512663,Automated targeted campaign,5.0,4.7716105302769,-0.22838946972310037,Automated re-engagement with targeted product recommendations,1,0,
16407,2011-09-01,United Kingdom,0.17487084995085306,13.258670520231213,Low,71.02601156069365,Nurture / Monitor,10.416666666666666,5,946.98,132.04236111111112,473.49,82.79959874322941,Low-cost digital nurture,0.5,2.483987962296882,1.9839879622968821,Low-cost nurture communication and continued monitoring,0,0,
16409,2011-09-01,United Kingdom,0.33775518470253196,25.6864161849711,Low,64.01734104046243,Nurture / Monitor,50.37708333333333,2,761.81,91.90625,380.905,128.65263862911792,Low-cost digital nurture,0.5,3.8595791588735375,3.3595791588735375,Low-cost nurture communication and continued monitoring,0,1,831.0
16418,2011-09-01,United Kingdom,0.6715944212973669,73.4465317919075,Medium,11.921965317919076,Nurture / Monitor,126.29583333333333,1,145.91,0.0,72.955,48.9961710057494,Low-cost digital nurture,0.5,1.469885130172482,0.969885130172482,Low-cost nurture communication and continued monitoring,0,0,
16419,2011-09-01,United Kingdom,0.28002500475094655,21.242774566473987,Low,61.5606936416185,Nurture / Monitor,12.477083333333333,5,706.05,162.90555555555557,353.025,98.8558273022029,Low-cost digital nurture,0.5,2.965674819066087,2.465674819066087,Low-cost nurture communication and continued monitoring,1,1,1112.0
16422,2011-09-01,United Kingdom,0.00021696890617379757,0.5780346820809248,Low,99.38583815028902,Protect High Value,7.604166666666667,25,21785.41,170.80625,10892.705,2.3633782891238555,VIP or loyalty service,12.0,0.18907026312990843,-11.810929736870092,Proactive loyalty or VIP service without aggressive discounting,0,0,
16424,2011-09-01,United Kingdom,0.7467731934518926,84.79046242774567,High,9.68208092485549,Reactivate Efficiently,91.43055555555556,1,133.56,0.0,66.78,49.86951385871739,Automated targeted campaign,5.0,7.480427078807608,2.480427078807608,Automated re-engagement with targeted product recommendations,1,0,
16426,2011-09-01,United Kingdom,0.8196911482481948,94.90606936416185,Critical,36.41618497109826,Reactivate Efficiently,176.34375,1,328.37,0.0,164.185,134.58099117512987,Automated targeted campaign,5.0,20.18714867626948,15.18714867626948,Automated re-engagement with targeted product recommendations,0,1,182.0
16427,2011-09-01,United Kingdom,0.706259926749258,78.97398843930635,Medium,9.320809248554914,Nurture / Monitor,163.28472222222223,1,131.26,0.0,65.63,46.351838992553795,Low-cost digital nurture,0.5,1.3905551697766139,0.8905551697766139,Low-cost nurture communication and continued monitoring,1,0,
16429,2011-09-01,United Kingdom,0.7617463993724437,86.92196531791907,High,28.86560693641618,Reactivate Efficiently,6.420833333333333,1,284.55,0.0,142.275,108.37746897071443,Automated targeted campaign,5.0,16.256620345607164,11.256620345607164,Automated re-engagement with targeted product recommendations,1,0,
16431,2011-09-01,United Kingdom,0.6409052297257118,68.38872832369943,Medium,29.335260115606935,Nurture / Monitor,113.41041666666666,1,288.68,0.0,144.34,92.50826085860925,Low-cost digital nurture,0.5,2.775247825758277,2.275247825758277,Low-cost nurture communication and continued monitoring,1,1,1183.0
16434,2011-09-01,United Kingdom,0.4905166799327725,43.82225433526011,Low,35.47687861271676,Nurture / Monitor,92.39097222222222,2,323.21999999999997,65.11527777777778,161.60999999999999,79.27240064393536,Low-cost digital nurture,0.5,2.3781720193180607,1.8781720193180607,Low-cost nurture communication and continued monitoring,0,0,
16440,2011-09-01,United Kingdom,0.7997768248103143,92.1965317919075,Critical,27.81791907514451,Reactivate Efficiently,114.48263888888889,1,272.46,0.0,136.23,108.95359684390911,Automated targeted campaign,5.0,16.343039526586367,11.343039526586367,Automated re-engagement with targeted product recommendations,0,0,
16442,2011-09-01,United Kingdom,0.6054474179225773,62.066473988439306,Medium,28.973988439306357,Nurture / Monitor,127.50625,1,285.37,0.0,142.685,86.38826482628293,Low-cost digital nurture,0.5,2.591647944788488,2.091647944788488,Low-cost nurture communication and continued monitoring,1,0,
16444,2011-09-01,United Kingdom,0.42719185492492373,34.82658959537572,Low,24.34971098265896,Nurture / Monitor,94.53958333333334,2,240.07999999999998,69.95069444444445,120.03999999999999,51.280110265187844,Low-cost digital nurture,0.5,1.5384033079556352,1.0384033079556352,Low-cost nurture communication and continued monitoring,0,0,
16446,2011-09-01,United Kingdom,0.7963850388553946,91.72687861271676,Critical,0.0361271676300578,Reactivate Efficiently,105.58888888888889,1,2.9,0.0,1.45,1.1547583063403222,Automated targeted campaign,5.0,0.17321374595104833,-4.826786254048952,Automated re-engagement with targeted product recommendations,1,0,
16447,2011-09-01,United Kingdom,0.8584281831658434,97.07369942196532,Critical,26.083815028901736,Reactivate Efficiently,35.46875,1,255.91,0.0,127.955,109.84017817698549,Automated targeted campaign,5.0,16.476026726547822,11.476026726547822,Automated re-engagement with targeted product recommendations,1,0,
16448,2011-09-01,United Kingdom,0.8069399702515406,93.02745664739885,Critical,17.30491329479769,Reactivate Efficiently,98.31388888888888,1,182.99,0.0,91.495,73.83097257816472,Automated targeted campaign,5.0,11.074645886724708,6.074645886724708,Automated re-engagement with targeted product recommendations,1,0,
16449,2011-09-01,United Kingdom,0.5797349084163947,57.80346820809249,Medium,29.552023121387283,Nurture / Monitor,97.56597222222223,1,291.0,0.0,145.5,84.35142917458543,Low-cost digital nurture,0.5,2.530542875237563,2.030542875237563,Low-cost nurture communication and continued monitoring,1,0,
16450,2011-09-01,United Kingdom,0.8568068896836457,96.92919075144508,Critical,33.851156069364166,Reactivate Efficiently,49.509027777777774,1,311.92,0.0,155.96,133.6276025150614,Automated targeted campaign,5.0,20.044140377259207,15.044140377259207,Automated re-engagement with targeted product recommendations,1,1,186.0
16455,2011-09-01,United Kingdom,0.5528778586214004,53.179190751445084,Medium,56.5028901734104,Nurture / Monitor,104.52222222222223,2,601.8,51.114583333333336,300.9,166.36094765917937,Low-cost digital nurture,0.5,4.990828429775381,4.490828429775381,Low-cost nurture communication and continued monitoring,0,1,585.0
16456,2011-09-01,United Kingdom,0.33626266980026015,25.54190751445087,Low,48.69942196531792,Nurture / Monitor,3.495833333333333,2,464.09000000000003,124.09861111111111,232.04500000000002,78.02807121380137,Low-cost digital nurture,0.5,2.340842136414041,1.8408421364140408,Low-cost nurture communication and continued monitoring,0,0,
16457,2011-09-01,United Kingdom,0.77924665155086,89.34248554913295,High,20.520231213872833,Reactivate Efficiently,118.44513888888889,1,208.36,0.0,104.18,81.1819161585686,Automated targeted campaign,5.0,12.17728742378529,7.177287423785289,Automated re-engagement with targeted product recommendations,1,0,
16458,2011-09-01,United Kingdom,0.04987116806107582,4.44364161849711,Low,83.52601156069365,Protect High Value,6.342361111111111,8,1584.1,153.29583333333332,792.05,39.5004586627751,VIP or loyalty service,12.0,3.160036693022008,-8.839963306977992,Proactive loyalty or VIP service without aggressive discounting,0,0,
16461,2011-09-01,United Kingdom,0.8268041875697338,95.33959537572254,Critical,11.524566473988438,Reactivate Efficiently,77.49513888888889,1,142.92,0.0,71.46,59.083427243733176,Automated targeted campaign,5.0,8.862514086559976,3.862514086559976,Automated re-engagement with targeted product recommendations,1,0,
16462,2011-09-01,United Kingdom,0.7175492993130108,80.5635838150289,High,0.8670520231213872,Reactivate Efficiently,85.53680555555556,1,34.0,0.0,17.0,12.198338088321183,Automated targeted campaign,5.0,1.8297507132481774,-3.1702492867518224,Automated re-engagement with targeted product recommendations,0,0,
16463,2011-09-01,United Kingdom,0.7316685634836141,82.51445086705202,High,34.93497109826589,Reactivate Efficiently,104.38541666666667,1,319.37,0.0,159.685,116.83649455988092,Automated targeted campaign,5.0,17.525474183982137,12.525474183982137,Automated re-engagement with targeted product recommendations,0,1,241.0
16464,2011-09-01,United Kingdom,0.6246236487072658,65.67919075144508,Medium,42.1242774566474,Nurture / Monitor,42.421527777777776,1,380.33,0.0,190.165,118.7815561564172,Low-cost digital nurture,0.5,3.563446684692516,3.063446684692516,Low-cost nurture communication and continued monitoring,0,1,899.0
16466,2011-09-01,United Kingdom,0.19845780637966204,15.10115606936416,Low,69.03901734104046,Nurture / Monitor,3.452777777777778,4,890.51,105.06458333333333,445.255,88.36433057957642,Low-cost digital nurture,0.5,2.6509299173872924,2.1509299173872924,Low-cost nurture communication and continued monitoring,0,1,1222.0
16469,2011-09-01,United Kingdom,0.7886551659380473,90.78757225433526,Critical,27.348265895953755,Reactivate Efficiently,146.44722222222222,2,268.3,0.003472222222222222,134.15,105.79809051058905,Automated targeted campaign,5.0,15.869713576588357,10.869713576588357,Automated re-engagement with targeted product recommendations,0,0,
16470,2011-09-01,United Kingdom,0.41364793657880816,33.12861271676301,Low,35.332369942196536,Nurture / Monitor,15.51388888888889,2,322.78999999999996,77.00069444444445,161.39499999999998,66.76070872413673,Low-cost digital nurture,0.5,2.002821261724102,1.502821261724102,Low-cost nurture communication and continued monitoring,0,0,
16471,2011-09-01,United Kingdom,0.6222416019564234,65.28179190751445,Medium,22.471098265895954,Nurture / Monitor,174.59652777777777,1,223.95000000000002,0.0,111.97500000000001,69.67550337907052,Low-cost digital nurture,0.5,2.0902651013721156,1.5902651013721156,Low-cost nurture communication and continued monitoring,1,0,
16473,2011-09-01,United Kingdom,0.5100096258763787,46.78468208092485,Low,4.407514450867052,Nurture / Monitor,64.61805555555556,1,98.3,0.0,49.15,25.06697311182401,Low-cost digital nurture,0.5,0.7520091933547203,0.2520091933547203,Low-cost nurture communication and continued monitoring,1,0,
16474,2011-09-01,United Kingdom,0.6453607935887243,69.11127167630057,Medium,38.25867052023121,Nurture / Monitor,45.38125,1,341.35,0.0,170.675,110.14695344575553,Low-cost digital nurture,0.5,3.3044086033726656,2.8044086033726656,Low-cost nurture communication and continued monitoring,0,1,993.0
16475,2011-09-01,United Kingdom,0.4792136343259076,42.377167630057805,Low,48.33815028901734,Nurture / Monitor,43.53611111111111,3,459.3,130.06180555555557,229.65,110.05141112294467,Low-cost digital nurture,0.5,3.30154233368834,2.80154233368834,Low-cost nurture communication and continued monitoring,0,1,996.0
16477,2011-09-01,United Kingdom,0.22427067696593167,17.015895953757227,Low,73.48265895953757,Nurture / Monitor,31.46736111111111,3,1037.55,142.95902777777778,518.775,116.3460204430012,Low-cost digital nurture,0.5,3.4903806132900357,2.9903806132900357,Low-cost nurture communication and continued monitoring,0,1,925.0
16483,2011-09-01,United Kingdom,0.7444222564982611,84.32080924855492,High,10.85621387283237,Reactivate Efficiently,92.45277777777778,1,139.35,0.0,69.675,51.86762072151634,Automated targeted campaign,5.0,7.780143108227451,2.780143108227451,Automated re-engagement with targeted product recommendations,1,0,
16484,2011-09-01,United Kingdom,0.5754105095984637,57.00867052023122,Medium,44.0028901734104,Nurture / Monitor,73.49583333333334,2,404.3,17.060416666666665,202.15,116.31923451532944,Low-cost digital nurture,0.5,3.489577035459883,2.989577035459883,Low-cost nurture communication and continued monitoring,1,1,926.0
16488,2011-09-01,United Kingdom,0.46107826157647885,39.37861271676301,Low,39.52312138728324,Nurture / Monitor,14.621527777777779,2,354.57,33.888194444444444,177.285,81.74225960358605,Low-cost digital nurture,0.5,2.4522677881075814,1.9522677881075814,Low-cost nurture communication and continued monitoring,0,0,
16493,2011-09-01,United Kingdom,0.4495530224553865,37.78901734104046,Low,45.122832369942195,Nurture / Monitor,73.36458333333333,1,414.49,0.0,207.245,93.16761613876658,Low-cost digital nurture,0.5,2.795028484162997,2.295028484162997,Low-cost nurture communication and continued monitoring,0,1,1177.0
16495,2011-09-01,United Kingdom,0.8629825972526445,97.29046242774567,Critical,25.0,Reactivate Efficiently,176.30625,2,246.51,0.0006944444444444445,123.255,106.36692002437469,Automated targeted campaign,5.0,15.955038003656203,10.955038003656203,Automated re-engagement with targeted product recommendations,1,0,
16496,2011-09-01,United Kingdom,0.4854419037684418,43.13583815028902,Low,47.57947976878613,Nurture / Monitor,107.55,1,448.34,0.0,224.17,108.8215115677716,Low-cost digital nurture,0.5,3.264645347033148,2.764645347033148,Low-cost nurture communication and continued monitoring,1,1,1011.0
16497,2011-09-01,United Kingdom,0.4150323673174571,33.34537572254335,Low,73.51878612716763,Nurture / Monitor,103.41805555555555,3,1038.32,65.15347222222222,519.16,215.468203816531,Low-cost digital nurture,0.5,6.46404611449593,5.96404611449593,Low-cost nurture communication and continued monitoring,0,1,407.0
16498,2011-09-01,United Kingdom,0.6375936896266305,68.0635838150289,Medium,4.732658959537572,Nurture / Monitor,61.37013888888889,2,100.97,0.8020833333333334,50.485,32.18891742080044,Low-cost digital nurture,0.5,0.9656675226240132,0.46566752262401323,Low-cost nurture communication and continued monitoring,1,0,
16503,2011-09-01,United Kingdom,0.3592492946033613,27.781791907514453,Low,55.744219653179194,Nurture / Monitor,6.509722222222222,2,590.14,107.83194444444445,295.07,106.00368935861381,Low-cost digital nurture,0.5,3.180110680758414,2.680110680758414,Low-cost nurture communication and continued monitoring,1,1,1045.0
16511,2011-09-01,United Kingdom,0.5196815596708435,48.302023121387286,Low,54.58815028901734,Nurture / Monitor,44.549305555555556,2,563.7,121.97569444444444,281.85,146.47224759322725,Low-cost digital nurture,0.5,4.394167427796817,3.894167427796817,Low-cost nurture communication and continued monitoring,0,1,697.0
16515,2011-09-01,United Kingdom,0.4103320165525962,32.58670520231214,Low,60.04335260115607,Nurture / Monitor,50.53055555555556,2,664.76,96.00277777777778,332.38,136.38615566175193,Low-cost digital nurture,0.5,4.0915846698525575,3.5915846698525575,Low-cost nurture communication and continued monitoring,0,1,776.0
16517,2011-09-01,United Kingdom,0.8119224927407614,93.71387283236994,Critical,14.559248554913296,Reactivate Efficiently,177.42361111111111,1,162.7,0.0,81.35,66.04989478446095,Automated targeted campaign,5.0,9.907484217669142,4.907484217669142,Automated re-engagement with targeted product recommendations,1,0,
16520,2011-09-01,United Kingdom,0.4284632145644454,35.115606936416185,Low,62.138728323699425,Nurture / Monitor,86.44166666666666,2,720.8100000000001,52.96527777777778,360.40500000000003,154.42028484509896,Low-cost digital nurture,0.5,4.632608545352968,4.132608545352968,Low-cost nurture communication and continued monitoring,1,1,651.0
16523,2011-09-01,United Kingdom,0.0547313258501369,4.841040462427745,Low,95.84537572254335,Protect High Value,15.39375,11,4024.3500000000004,152.19166666666666,2012.1750000000002,110.12900559249923,VIP or loyalty service,12.0,8.810320447399938,-3.1896795526000616,Proactive loyalty or VIP service without aggressive discounting,0,0,
16525,2011-09-01,United Kingdom,0.009145353108729453,1.5534682080924855,Low,98.04913294797689,Protect High Value,17.520138888888887,13,6934.42,157.98819444444445,3467.21,31.708859752117846,VIP or loyalty service,12.0,2.5367087801694277,-9.463291219830573,Proactive loyalty or VIP service without aggressive discounting,0,0,
16526,2011-09-01,United Kingdom,0.8916731277955053,98.4465317919075,Critical,29.515895953757227,Reactivate Efficiently,71.49861111111112,1,290.36,0.0,145.18,129.45310469335146,Automated targeted campaign,5.0,19.417965704002718,14.417965704002718,Automated re-engagement with targeted product recommendations,1,1,197.0
16529,2011-09-01,United Kingdom,0.6984527354289276,77.60115606936417,Medium,48.12138728323699,Nurture / Monitor,90.27569444444444,1,455.25,0.0,227.625,158.98530390200963,Low-cost digital nurture,0.5,4.769559117060289,4.269559117060289,Low-cost nurture communication and continued monitoring,1,1,625.0
16531,2011-09-01,United Kingdom,0.41898605173745523,33.81502890173411,Low,19.328034682080926,Nurture / Monitor,27.336805555555557,1,199.7,0.0,99.85,41.8357572659849,Low-cost digital nurture,0.5,1.2550727179795471,0.7550727179795471,Low-cost nurture communication and continued monitoring,0,0,
16532,2011-09-01,United Kingdom,0.6070699508626439,62.5,Medium,92.30491329479769,Protect High Value,35.55486111111111,1,2606.4,0.0,1303.2,791.1335599641976,VIP or loyalty service,12.0,63.29068479713581,51.29068479713581,Proactive loyalty or VIP service without aggressive discounting,0,1,38.0
16536,2011-09-01,United Kingdom,0.6052523201403087,61.994219653179194,Medium,53.75722543352601,Nurture / Monitor,10.3375,1,548.12,0.0,274.06,165.87545085765302,Low-cost digital nurture,0.5,4.976263525729591,4.476263525729591,Low-cost nurture communication and continued monitoring,1,1,591.0
16539,2011-09-01,United Kingdom,0.5493713394862548,52.45664739884393,Medium,32.44219653179191,Nurture / Monitor,119.58888888888889,1,306.36,0.0,153.18,84.15270178250452,Low-cost digital nurture,0.5,2.5245810534751354,2.0245810534751354,Low-cost nurture communication and continued monitoring,1,0,
16545,2011-09-01,United Kingdom,0.7768148277292598,88.94508670520231,High,37.96965317919075,Reactivate Efficiently,64.55763888888889,1,339.3,0.0,169.65,131.78663552426892,Automated targeted campaign,5.0,19.767995328640335,14.767995328640335,Automated re-engagement with targeted product recommendations,1,1,191.0
16549,2011-09-01,United Kingdom,0.22472612295108832,17.08815028901734,Low,59.862716763005785,Nurture / Monitor,24.34513888888889,1,660.87,0.0,330.435,74.25737643734287,Low-cost digital nurture,0.5,2.227721293120286,1.727721293120286,Low-cost nurture communication and continued monitoring,0,0,
16550,2011-09-01,United Kingdom,0.10866028007430398,9.06791907514451,Low,85.76589595375722,Protect High Value,8.533333333333333,4,1744.31,126.90416666666667,872.155,94.76860656820459,VIP or loyalty service,12.0,7.5814885254563675,-4.4185114745436325,Proactive loyalty or VIP service without aggressive discounting,1,0,
16551,2011-09-01,United Kingdom,0.5356409019425585,50.75867052023122,Medium,32.369942196531795,Nurture / Monitor,30.480555555555554,1,306.1,0.0,153.05,81.9798400423086,Low-cost digital nurture,0.5,2.459395201269258,1.959395201269258,Low-cost nurture communication and continued monitoring,0,0,
16552,2011-09-01,United Kingdom,0.7189727289760361,80.70809248554913,High,28.79335260115607,Reactivate Efficiently,142.58055555555555,1,284.44000000000005,0.0,142.22000000000003,102.25230151497188,Automated targeted campaign,5.0,15.337845227245781,10.337845227245781,Automated re-engagement with targeted product recommendations,1,0,
16553,2011-09-01,United Kingdom,0.1833731812712462,13.69219653179191,Low,95.55635838150289,Protect High Value,63.34583333333333,9,3774.38,111.23055555555555,1887.19,346.0600339632831,VIP or loyalty service,12.0,27.68480271706265,15.684802717062649,Proactive loyalty or VIP service without aggressive discounting,1,0,
16554,2011-09-01,United Kingdom,0.432281276993701,35.802023121387286,Low,34.03179190751445,Nurture / Monitor,122.40486111111112,1,313.26,0.0,156.63,67.70821641552338,Low-cost digital nurture,0.5,2.0312464924657014,1.5312464924657014,Low-cost nurture communication and continued monitoring,0,0,
16555,2011-09-01,United Kingdom,0.7136979145580977,79.98554913294798,Medium,12.789017341040463,Nurture / Monitor,9.477777777777778,1,151.98,0.0,75.99,54.23390452726984,Low-cost digital nurture,0.5,1.6270171358180952,1.1270171358180952,Low-cost nurture communication and continued monitoring,0,0,
16556,2011-09-01,United Kingdom,0.1446078819093591,11.380057803468208,Low,83.99566473988439,Protect High Value,5.501388888888889,4,1605.38,139.90555555555557,802.69,116.07530072982347,VIP or loyalty service,12.0,9.286024058385877,-2.713975941614123,Proactive loyalty or VIP service without aggressive discounting,0,0,
16557,2011-09-01,United Kingdom,0.7487873787512271,85.07947976878613,High,4.804913294797688,Reactivate Efficiently,37.43888888888889,1,101.15,0.0,50.575,37.86992168034332,Automated targeted campaign,5.0,5.680488252051497,0.6804882520514974,Automated re-engagement with targeted product recommendations,0,0,
16558,2011-09-01,United Kingdom,0.04536425339860412,4.190751445086705,Low,93.38872832369943,Protect High Value,21.44097222222222,9,2916.54,152.20416666666668,1458.27,66.15332980358244,VIP or loyalty service,12.0,5.292266384286595,-6.707733615713405,Proactive loyalty or VIP service without aggressive discounting,0,0,
16566,2011-09-01,United Kingdom,0.5157756746576271,47.57947976878613,Low,41.11271676300578,Nurture / Monitor,70.4,2,368.98,22.244444444444444,184.49,95.15545421758563,Low-cost digital nurture,0.5,2.854663626527569,2.354663626527569,Low-cost nurture communication and continued monitoring,0,1,1161.0
16567,2011-09-01,United Kingdom,0.6885843210339339,75.97543352601156,Medium,32.91184971098266,Nurture / Monitor,94.41875,1,308.03999999999996,0.0,154.01999999999998,106.05575712564648,Low-cost digital nurture,0.5,3.181672713769394,2.681672713769394,Low-cost nurture communication and continued monitoring,1,1,1043.0
16570,2011-09-01,United Kingdom,0.13294372505904034,10.404624277456648,Low,84.9349710982659,Protect High Value,27.4125,5,1684.0099999999998,142.93402777777777,842.0049999999999,111.93928121833724,VIP or loyalty service,12.0,8.95514249746698,-3.04485750253302,Proactive loyalty or VIP service without aggressive discounting,0,0,
16571,2011-09-01,United Kingdom,0.3694674193254291,29.082369942196536,Low,48.41040462427746,Nurture / Monitor,76.4486111111111,1,460.11,0.0,230.055,84.9978271529116,Low-cost digital nurture,0.5,2.5499348145873477,2.0499348145873477,Low-cost nurture communication and continued monitoring,0,0,
16572,2011-09-01,United Kingdom,0.44070846580787865,36.5606936416185,Low,72.61560693641619,Nurture / Monitor,27.309722222222224,3,1009.5999999999999,148.1875,504.79999999999995,222.46963353981712,Low-cost digital nurture,0.5,6.674089006194514,6.174089006194514,Low-cost nurture communication and continued monitoring,1,1,388.0
16581,2011-09-01,United Kingdom,0.7352356167674383,82.94797687861272,High,5.382947976878612,Reactivate Efficiently,82.57986111111111,1,105.84,0.0,52.92,38.90866883933284,Automated targeted campaign,5.0,5.836300325899926,0.8363003258999262,Automated re-engagement with targeted product recommendations,1,0,
16582,2011-09-01,United Kingdom,0.7079192517842555,79.29913294797689,Medium,34.104046242774565,Nurture / Monitor,13.290277777777778,1,313.62,0.0,156.81,111.00881787228911,Low-cost digital nurture,0.5,3.330264536168673,2.830264536168673,Low-cost nurture communication and continued monitoring,1,1,984.0
16584,2011-09-01,United Kingdom,0.6107141797830248,63.403179190751445,Medium,57.22543352601156,Nurture / Monitor,154.44861111111112,1,611.94,0.0,305.97,186.8602175882121,Low-cost digital nurture,0.5,5.6058065276463624,5.1058065276463624,Low-cost nurture communication and continued monitoring,0,1,491.0
16586,2011-09-01,United Kingdom,0.6520534349130408,70.26734104046243,Medium,48.66329479768786,Nurture / Monitor,148.6027777777778,1,463.95,0.0,231.975,151.26009556395263,Low-cost digital nurture,0.5,4.537802866918579,4.037802866918579,Low-cost nurture communication and continued monitoring,1,1,664.0
16587,2011-09-01,United Kingdom,0.7834350470025601,89.92052023121387,High,22.615606936416185,Reactivate Efficiently,132.33958333333334,1,225.15,0.0,112.575,88.1952004163132,Automated targeted campaign,5.0,13.22928006244698,8.22928006244698,Automated re-engagement with targeted product recommendations,1,0,
16589,2011-09-01,United Kingdom,0.7270673270471375,82.04479768786128,High,21.604046242774565,Reactivate Efficiently,6.583333333333333,2,214.68,54.85347222222222,107.34,78.04340688523975,Automated targeted campaign,5.0,11.706511032785961,6.706511032785961,Automated re-engagement with targeted product recommendations,0,0,
16592,2011-09-01,United Kingdom,0.11326622004013365,9.356936416184972,Low,85.87427745664739,Protect High Value,36.514583333333334,9,1759.05,115.99236111111111,879.525,99.62047218079854,VIP or loyalty service,12.0,7.969637774463884,-4.030362225536116,Proactive loyalty or VIP service without aggressive discounting,0,0,
16593,2011-09-01,United Kingdom,0.5850418191877941,58.70664739884393,Medium,17.73843930635838,Nurture / Monitor,89.48819444444445,1,185.9,0.0,92.95,54.37963709350546,Low-cost digital nurture,0.5,1.6313891128051636,1.1313891128051636,Low-cost nurture communication and continued monitoring,0,0,
16600,2011-09-01,United Kingdom,0.6444502782686549,68.89450867052022,Medium,6.286127167630058,Nurture / Monitor,153.19444444444446,1,111.6,0.0,55.8,35.96032552739094,Low-cost digital nurture,0.5,1.0788097658217282,0.5788097658217282,Low-cost nurture communication and continued monitoring,0,0,
16607,2011-09-01,United Kingdom,0.10362105162235,8.634393063583815,Low,76.5534682080925,Nurture / Monitor,28.37361111111111,6,1164.8,126.99097222222223,582.4,60.348900464856634,Low-cost digital nurture,0.5,1.8104670139456989,1.3104670139456989,Low-cost nurture communication and continued monitoring,0,0,
16609,2011-09-01,United Kingdom,0.1823757424074376,13.583815028901732,Low,92.70231213872833,Protect High Value,35.422916666666666,5,2710.04,117.15277777777777,1355.02,247.12277847692607,VIP or loyalty service,12.0,19.769822278154088,7.769822278154088,Proactive loyalty or VIP service without aggressive discounting,0,0,
16610,2011-09-01,United Kingdom,0.7834349339174376,89.88439306358381,High,2.8540462427745665,Reactivate Efficiently,119.44930555555555,1,75.66,0.0,37.83,29.637343550096663,Automated targeted campaign,5.0,4.445601532514499,-0.5543984674855009,Automated re-engagement with targeted product recommendations,1,0,
16611,2011-09-01,United Kingdom,0.53514280536721,50.61416184971098,Medium,9.21242774566474,Nurture / Monitor,86.34305555555555,1,129.49,0.0,64.745,34.647820933500014,Low-cost digital nurture,0.5,1.0394346280050004,0.5394346280050004,Low-cost nurture communication and continued monitoring,1,0,
16612,2011-09-01,United Kingdom,0.44152244329719714,36.74132947976879,Low,55.78034682080924,Nurture / Monitor,19.394444444444446,2,590.25,67.12152777777777,295.125,130.3043110780853,Low-cost digital nurture,0.5,3.909129332342559,3.409129332342559,Low-cost nurture communication and continued monitoring,0,1,816.0
16614,2011-09-01,United Kingdom,0.6213414716138715,65.0650289017341,Medium,51.300578034682076,Nurture / Monitor,82.51666666666667,1,506.19,0.0,253.095,157.2584197581128,Low-cost digital nurture,0.5,4.717752592743384,4.217752592743384,Low-cost nurture communication and continued monitoring,1,1,631.0
16616,2011-09-01,United Kingdom,0.7547628406650032,86.09104046242774,High,20.773121387283236,Reactivate Efficiently,57.43194444444445,1,210.10000000000002,0.0,105.05000000000001,79.28783641185859,Automated targeted campaign,5.0,11.893175461778789,6.893175461778789,Automated re-engagement with targeted product recommendations,0,0,
16617,2011-09-01,United Kingdom,0.8065308488401406,92.84682080924856,Critical,12.716763005780345,Reactivate Efficiently,135.55902777777777,1,151.85,0.0,75.925,61.23585469818767,Automated targeted campaign,5.0,9.185378204728151,4.185378204728151,Automated re-engagement with targeted product recommendations,1,0,
16618,2011-09-01,United Kingdom,0.5858654145391263,58.92341040462428,Medium,61.88583815028902,Nurture / Monitor,110.55763888888889,3,713.13,48.80486111111111,356.565,208.8991015351436,Low-cost digital nurture,0.5,6.266973046054307,5.766973046054307,Low-cost nurture communication and continued monitoring,0,1,428.0
16619,2011-09-01,United Kingdom,0.6206757153838159,64.92052023121387,Medium,22.760115606936417,Nurture / Monitor,163.65416666666667,1,226.21,0.0,113.105,70.2015267884865,Low-cost digital nurture,0.5,2.1060458036545953,1.6060458036545953,Low-cost nurture communication and continued monitoring,1,0,
16620,2011-09-01,United Kingdom,0.6098533397565917,63.22254335260116,Medium,4.335260115606936,Nurture / Monitor,160.5576388888889,1,95.75999999999999,0.0,47.879999999999995,29.19977790754561,Low-cost digital nurture,0.5,0.8759933372263683,0.3759933372263683,Low-cost nurture communication and continued monitoring,1,0,
16621,2011-09-01,United Kingdom,0.32794672021983173,24.927745664739884,Low,56.936416184971094,Nurture / Monitor,47.510416666666664,3,609.4100000000001,130.0090277777778,304.70500000000004,99.92700538458384,Low-cost digital nurture,0.5,2.997810161537515,2.497810161537515,Low-cost nurture communication and continued monitoring,0,1,1099.0
16623,2011-09-01,United Kingdom,0.6503763914788236,69.83381502890174,Medium,9.176300578034683,Nurture / Monitor,145.57708333333332,1,129.45,0.0,64.725,42.09561193846686,Low-cost digital nurture,0.5,1.2628683581540057,0.7628683581540057,Low-cost nurture communication and continued monitoring,1,0,
16624,2011-09-01,United Kingdom,0.7455958896043982,84.6820809248555,High,46.278901734104046,Reactivate Efficiently,97.40277777777777,1,426.43,0.0,213.215,158.97222760200177,Automated targeted campaign,5.0,23.845834140300266,18.845834140300266,Automated re-engagement with targeted product recommendations,0,1,147.0
16625,2011-09-01,United Kingdom,0.6356243212548478,67.84682080924856,Medium,37.03034682080925,Nurture / Monitor,174.46527777777777,1,333.08,0.0,166.54,105.85687446178235,Low-cost digital nurture,0.5,3.1757062338534703,2.6757062338534703,Low-cost nurture communication and continued monitoring,1,1,1048.0
16626,2011-09-01,United Kingdom,0.10021341048913143,8.526011560693641,Low,89.92052023121387,Protect High Value,13.379861111111111,7,2165.34,153.1013888888889,1082.67,108.49805313426793,VIP or loyalty service,12.0,8.679844250741436,-3.3201557492585643,Proactive loyalty or VIP service without aggressive discounting,0,0,
16628,2011-09-01,United Kingdom,0.3583656773919776,27.673410404624278,Low,84.14017341040463,Protect High Value,6.492361111111111,4,1619.84,128.13611111111112,809.92,290.2475294333105,VIP or loyalty service,12.0,23.21980235466484,11.21980235466484,Proactive loyalty or VIP service without aggressive discounting,0,0,
16633,2011-09-01,United Kingdom,0.29582409052080344,22.832369942196532,Low,76.58959537572254,Nurture / Monitor,14.409027777777778,3,1168.26,119.98263888888889,584.13,172.7997259959169,Low-cost digital nurture,0.5,5.183991779877507,4.683991779877507,Low-cost nurture communication and continued monitoring,0,1,553.0
16634,2011-09-01,United Kingdom,0.6549344184519175,70.52023121387283,Medium,1.6618497109826589,Nurture / Monitor,122.49375,1,53.1,0.0,26.55,17.388508809898408,Low-cost digital nurture,0.5,0.5216552642969522,0.021655264296952192,Low-cost nurture communication and continued monitoring,1,0,
16637,2011-09-01,United Kingdom,0.6241234195362964,65.57080924855492,Medium,52.67341040462428,Nurture / Monitor,23.5,2,530.55,102.06944444444444,265.275,165.564340117491,Low-cost digital nurture,0.5,4.96693020352473,4.46693020352473,Low-cost nurture communication and continued monitoring,0,1,592.0
16638,2011-09-01,United Kingdom,0.2288775260419735,17.30491329479769,Low,60.76589595375722,Nurture / Monitor,6.520138888888889,4,687.82,171.12569444444443,343.91,78.71326998109511,Low-cost digital nurture,0.5,2.3613980994328534,1.8613980994328534,Low-cost nurture communication and continued monitoring,0,0,
16639,2011-09-01,United Kingdom,0.635267287871877,67.73843930635837,Medium,49.20520231213873,Nurture / Monitor,106.57638888888889,2,471.1500000000001,29.027083333333334,235.57500000000005,149.65309134041746,Low-cost digital nurture,0.5,4.489592740212523,3.9895927402125233,Low-cost nurture communication and continued monitoring,0,1,675.0
16641,2011-09-01,United Kingdom,0.943721717027976,99.89161849710982,Critical,23.33815028901734,Reactivate Efficiently,5.465972222222222,1,231.10000000000002,0.0,115.55000000000001,109.04704440258264,Automated targeted campaign,5.0,16.357056660387396,11.357056660387396,Automated re-engagement with targeted product recommendations,1,0,
16642,2011-09-01,United Kingdom,0.7341638718761273,82.83959537572254,High,32.80346820809248,Reactivate Efficiently,107.47569444444444,1,307.73,0.0,153.865,112.96212414622033,Automated targeted campaign,5.0,16.94431862193305,11.94431862193305,Automated re-engagement with targeted product recommendations,1,0,
16643,2011-09-01,United Kingdom,0.7269971041221395,82.00867052023122,High,50.2528901734104,Reactivate Efficiently,145.65,1,487.51,0.0,243.755,177.2091791152921,Automated targeted campaign,5.0,26.581376867293816,21.581376867293816,Automated re-engagement with targeted product recommendations,1,1,132.0
16644,2011-09-01,United Kingdom,0.5908943324679636,59.6820809248555,Medium,66.51011560693641,Nurture / Monitor,77.47291666666666,2,833.78,34.99027777777778,416.89,246.33793826256934,Low-cost digital nurture,0.5,7.39013814787708,6.89013814787708,Low-cost nurture communication and continued monitoring,1,1,340.0
16647,2011-09-01,United Kingdom,0.634876431458634,67.70231213872833,Medium,21.495664739884393,Nurture / Monitor,69.50902777777777,2,214.06,35.09444444444444,107.03,67.9508244590176,Low-cost digital nurture,0.5,2.0385247337705277,1.5385247337705277,Low-cost nurture communication and continued monitoring,1,0,
16652,2011-09-01,United Kingdom,0.13666036846261703,10.621387283236993,Low,96.35115606936417,Protect High Value,9.541666666666666,5,4525.87,163.9076388888889,2262.935,309.2535309069523,VIP or loyalty service,12.0,24.74028247255618,12.740282472556181,Proactive loyalty or VIP service without aggressive discounting,0,0,
16654,2011-09-01,United Kingdom,0.27935009704385416,21.134393063583815,Low,41.582369942196536,Nurture / Monitor,41.359027777777776,3,373.87,93.98611111111111,186.935,52.22031039089288,Low-cost digital nurture,0.5,1.5666093117267863,1.0666093117267863,Low-cost nurture communication and continued monitoring,1,0,
16655,2011-09-01,United Kingdom,0.3036234084833047,23.19364161849711,Low,73.80780346820809,Nurture / Monitor,31.353472222222223,2,1054.94,54.32083333333333,527.47,160.15223927268875,Low-cost digital nurture,0.5,4.804567178180662,4.304567178180662,Low-cost nurture communication and continued monitoring,0,1,621.0
16656,2011-09-01,United Kingdom,0.056051931989836885,5.021676300578035,Low,96.78468208092485,Protect High Value,20.37152777777778,7,4858.68,146.05069444444445,2429.34,136.16920046019035,VIP or loyalty service,12.0,10.89353603681523,-1.1064639631847708,Proactive loyalty or VIP service without aggressive discounting,0,0,
16657,2011-09-01,United Kingdom,0.5605424355140863,54.76878612716764,Medium,45.195086705202314,Nurture / Monitor,48.510416666666664,2,414.79,105.98819444444445,207.395,116.25369841344394,Low-cost digital nurture,0.5,3.487610952403318,2.987610952403318,Low-cost nurture communication and continued monitoring,0,1,927.0
16659,2011-09-01,United Kingdom,0.7844742283786379,90.17341040462428,Critical,1.0476878612716762,Reactivate Efficiently,89.37291666666667,1,39.12,0.0,19.56,15.344315907086155,Automated targeted campaign,5.0,2.3016473860629234,-2.6983526139370766,Automated re-engagement with targeted product recommendations,1,0,
16660,2011-09-01,United Kingdom,0.6884811473471121,75.9393063583815,Medium,4.949421965317919,Nurture / Monitor,110.55277777777778,1,101.76,0.0,50.88,35.02992077702106,Low-cost digital nurture,0.5,1.0508976233106317,0.5508976233106317,Low-cost nurture communication and continued monitoring,0,0,
16668,2011-09-01,United Kingdom,0.25470536729306137,19.07514450867052,Low,21.7485549132948,Nurture / Monitor,16.48472222222222,4,215.76,97.82430555555555,107.88,27.47761502357546,Low-cost digital nurture,0.5,0.8243284507072638,0.3243284507072638,Low-cost nurture communication and continued monitoring,0,0,
16670,2011-09-01,United Kingdom,0.16050029111427694,12.463872832369942,Low,86.88583815028902,Protect High Value,6.276388888888889,4,1846.13,141.18958333333333,923.065,148.15220121740006,VIP or loyalty service,12.0,11.852176097392006,-0.14782390260799438,Proactive loyalty or VIP service without aggressive discounting,0,0,
16671,2011-09-01,United Kingdom,0.7366767838520791,83.23699421965318,High,80.20231213872833,Rescue Now,64.52777777777777,1,1382.88,0.0,691.44,509.36779542668165,Personal outreach,50.0,127.34194885667041,77.34194885667041,"Priority personal outreach, tailored incentive, and rapid follow-up",0,1,17.0
16672,2011-09-01,United Kingdom,0.036558653918655475,3.4320809248554913,Low,97.86849710982659,Protect High Value,12.386805555555556,16,6303.74,154.1861111111111,3151.87,115.22812452659262,VIP or loyalty service,12.0,9.21824996212741,-2.7817500378725892,Proactive loyalty or VIP service without aggressive discounting,0,0,
16676,2011-09-01,United Kingdom,0.55035217937433,52.637283236994215,Medium,58.45375722543352,Nurture / Monitor,113.36805555555556,2,633.6800000000001,19.98472222222222,316.84000000000003,174.37358451296274,Low-cost digital nurture,0.5,5.231207535388882,4.731207535388882,Low-cost nurture communication and continued monitoring,0,1,546.0
16678,2011-09-01,United Kingdom,0.15444310052949925,12.030346820809248,Low,82.44219653179191,Protect High Value,19.32847222222222,6,1518.16,131.11319444444445,759.08,117.2346687499323,VIP or loyalty service,12.0,9.378773499994583,-2.6212265000054167,Proactive loyalty or VIP service without aggressive discounting,0,0,
16681,2011-09-01,United Kingdom,0.5678381567414303,55.816473988439306,Medium,79.26300578034682,Nurture / Monitor,44.56875,4,1332.6799999999998,108.85763888888889,666.3399999999999,378.37327736308464,Low-cost digital nurture,0.5,11.35119832089254,10.85119832089254,Low-cost nurture communication and continued monitoring,0,1,255.0
16682,2011-09-01,United Kingdom,0.5961140616418935,60.54913294797688,Medium,57.947976878612714,Nurture / Monitor,58.55416666666667,2,626.3,28.98611111111111,313.15,186.67311840315895,Low-cost digital nurture,0.5,5.600193552094768,5.100193552094768,Low-cost nurture communication and continued monitoring,0,1,492.0
16684,2011-09-01,United Kingdom,0.0029237121800888112,1.083815028901734,Low,99.4942196531792,Protect High Value,33.36666666666667,12,24071.52,133.07916666666668,12035.76,35.189098108625714,VIP or loyalty service,12.0,2.8151278486900573,-9.184872151309943,Proactive loyalty or VIP service without aggressive discounting,0,0,
16686,2011-09-01,United Kingdom,0.23010406159963687,17.41329479768786,Low,78.97398843930635,Nurture / Monitor,3.4784722222222224,3,1310.74,134.94097222222223,655.37,150.803298850554,Low-cost digital nurture,0.5,4.52409896551662,4.02409896551662,Low-cost nurture communication and continued monitoring,0,1,666.0
16690,2011-09-01,United Kingdom,0.6764041242455819,74.13294797687861,Medium,3.5765895953757223,Nurture / Monitor,101.54652777777778,1,86.5,0.0,43.25,29.254478373621417,Low-cost digital nurture,0.5,0.8776343512086425,0.3776343512086425,Low-cost nurture communication and continued monitoring,0,0,
16692,2011-09-01,United Kingdom,0.7379359639781379,83.41763005780348,High,75.5057803468208,Reactivate Efficiently,156.38472222222222,1,1117.5,0.0,558.75,412.3217198727845,Automated targeted campaign,5.0,61.84825798091767,56.84825798091767,Automated re-engagement with targeted product recommendations,1,1,29.0
16693,2011-09-01,United Kingdom,0.5982250051198893,60.8742774566474,Medium,13.041907514450868,Nurture / Monitor,171.5375,1,153.41,0.0,76.705,45.886849017721104,Low-cost digital nurture,0.5,1.376605470531633,0.8766054705316331,Low-cost nurture communication and continued monitoring,0,0,
16696,2011-09-01,United Kingdom,0.3406985763131936,25.86705202312139,Low,59.6820809248555,Nurture / Monitor,35.40069444444445,4,657.9000000000001,112.96041666666666,328.95000000000005,112.07279667822506,Low-cost digital nurture,0.5,3.3621839003467517,2.8621839003467517,Low-cost nurture communication and continued monitoring,1,1,969.0
16697,2011-09-01,United Kingdom,0.7859467390368937,90.35404624277457,Critical,6.6473988439306355,Reactivate Efficiently,141.28333333333333,1,112.75,0.0,56.375,44.307747413204886,Automated targeted campaign,5.0,6.646162111980733,1.6461621119807326,Automated re-engagement with targeted product recommendations,1,0,
16698,2011-09-01,United Kingdom,0.6951104254318018,76.84248554913295,Medium,88.11416184971098,Protect High Value,126.54722222222222,2,1998.0,26.888194444444444,999.0,694.41531500637,VIP or loyalty service,12.0,55.553225200509594,43.553225200509594,Proactive loyalty or VIP service without aggressive discounting,1,1,54.0
16700,2011-09-01,United Kingdom,0.06042638734771381,5.382947976878612,Low,93.13583815028902,Protect High Value,21.58888888888889,7,2817.65,138.85208333333333,1408.825,85.1302051551429,VIP or loyalty service,12.0,6.810416412411432,-5.189583587588568,Proactive loyalty or VIP service without aggressive discounting,0,0,
16701,2011-09-01,United Kingdom,0.05356261229888273,4.804913294797688,Low,93.17196531791907,Protect High Value,29.492361111111112,7,2827.8,127.98263888888889,1413.9,75.7321775293903,VIP or loyalty service,12.0,6.058574202351224,-5.941425797648776,Proactive loyalty or VIP service without aggressive discounting,0,0,
16705,2011-09-01,United Kingdom,0.06541070598256468,5.708092485549133,Low,96.45953757225433,Protect High Value,44.489583333333336,6,4573.6,96.94236111111111,2286.8,149.58120244092893,VIP or loyalty service,12.0,11.966496195274315,-0.033503804725684816,Proactive loyalty or VIP service without aggressive discounting,0,0,
16706,2011-09-01,United Kingdom,0.5998303868309993,61.01878612716764,Medium,29.660404624277458,Nurture / Monitor,14.338194444444444,1,291.53,0.0,145.765,87.43427633642061,Low-cost digital nurture,0.5,2.623028290092618,2.123028290092618,Low-cost nurture communication and continued monitoring,0,1,1238.0
16709,2011-09-01,United Kingdom,0.4629115660023829,39.77601156069364,Low,67.77456647398844,Nurture / Monitor,99.50972222222222,3,864.06,45.97083333333333,432.03,199.9916838600095,Low-cost digital nurture,0.5,5.999750515800285,5.499750515800285,Low-cost nurture communication and continued monitoring,0,1,453.0
16710,2011-09-01,United Kingdom,0.15759249443805146,12.210982658959537,Low,79.08236994219652,Nurture / Monitor,38.40208333333333,5,1315.16,138.09305555555557,657.58,103.62967249257389,Low-cost digital nurture,0.5,3.1088901747772164,2.6088901747772164,Low-cost nurture communication and continued monitoring,0,1,1068.0
16711,2011-09-01,United Kingdom,0.5577349349059567,53.97398843930635,Medium,33.634393063583815,Nurture / Monitor,40.40069444444445,1,311.07,0.0,155.535,86.74730310059797,Low-cost digital nurture,0.5,2.602419093017939,2.102419093017939,Low-cost nurture communication and continued monitoring,0,1,1250.0
16712,2011-09-01,United Kingdom,0.1546854995169992,12.102601156069365,Low,88.1864161849711,Protect High Value,8.474305555555556,7,2010.91,167.89583333333334,1005.455,155.52930891686444,VIP or loyalty service,12.0,12.442344713349156,0.44234471334915604,Proactive loyalty or VIP service without aggressive discounting,0,0,
16713,2011-09-01,United Kingdom,0.05834895886299449,5.166184971098266,Low,91.07658959537572,Protect High Value,15.491666666666667,7,2354.65,145.88333333333333,1177.325,68.69568799337499,VIP or loyalty service,12.0,5.495655039469999,-6.504344960530001,Proactive loyalty or VIP service without aggressive discounting,0,0,
16716,2011-09-01,United Kingdom,0.8493479414298217,96.5679190751445,Critical,15.245664739884393,Reactivate Efficiently,166.58125,1,166.8,0.0,83.4,70.83561831524713,Automated targeted campaign,5.0,10.62534274728707,5.625342747287069,Automated re-engagement with targeted product recommendations,1,0,
16717,2011-09-01,United Kingdom,0.44759384477820746,37.42774566473989,Low,66.32947976878613,Nurture / Monitor,62.50763888888889,2,828.9100000000001,10.052083333333334,414.45500000000004,185.507506937552,Low-cost digital nurture,0.5,5.565225208126559,5.065225208126559,Low-cost nurture communication and continued monitoring,0,1,495.0
16719,2011-09-01,United Kingdom,0.3525484632148137,27.239884393063583,Low,52.78179190751445,Nurture / Monitor,48.5875,2,531.37,86.98125,265.685,93.66683844922778,Low-cost digital nurture,0.5,2.8100051534768333,2.3100051534768333,Low-cost nurture communication and continued monitoring,0,1,1174.0
16721,2011-09-01,United Kingdom,0.7786917115152996,89.27023121387283,High,29.732658959537574,Reactivate Efficiently,162.32777777777778,1,292.47,0.0,146.235,113.87198243343984,Automated targeted campaign,5.0,17.080797365015975,12.080797365015975,Automated re-engagement with targeted product recommendations,1,0,
16722,2011-09-01,United Kingdom,0.07420633032365229,6.539017341040462,Low,89.52312138728324,Protect High Value,6.477083333333334,6,2120.62,121.16666666666667,1060.31,78.68171410547176,VIP or loyalty service,12.0,6.2945371284377405,-5.7054628715622595,Proactive loyalty or VIP service without aggressive discounting,0,0,
16723,2011-09-01,United Kingdom,0.694643850561211,76.77023121387283,Medium,44.869942196531795,Nurture / Monitor,7.520138888888889,1,411.4,0.0,205.7,142.8882400604411,Low-cost digital nurture,0.5,4.286647201813232,3.786647201813232,Low-cost nurture communication and continued monitoring,0,1,726.0
16726,2011-09-01,United Kingdom,0.5577969193158602,54.01011560693642,Medium,18.352601156069365,Nurture / Monitor,96.45833333333333,1,191.4,0.0,95.7,53.38116517852782,Low-cost digital nurture,0.5,1.6014349553558347,1.1014349553558347,Low-cost nurture communication and continued monitoring,0,0,
16728,2011-09-01,United Kingdom,0.38467019276929676,30.599710982658962,Low,53.79335260115607,Nurture / Monitor,66.50138888888888,3,548.31,97.9375,274.155,105.45925669866654,Low-cost digital nurture,0.5,3.163777700959996,2.663777700959996,Low-cost nurture communication and continued monitoring,0,1,1052.0
16729,2011-09-01,United Kingdom,0.043212556843043856,3.7572254335260116,Low,96.96531791907515,Protect High Value,14.483333333333333,16,4992.97,126.91805555555555,2496.485,107.87949997030634,VIP or loyalty service,12.0,8.630359997624508,-3.369640002375492,Proactive loyalty or VIP service without aggressive discounting,0,0,
16730,2011-09-01,United Kingdom,0.6316893266710069,67.05202312138728,Medium,29.877167630057805,Nurture / Monitor,134.47152777777777,1,293.92,0.0,146.96,92.83306344757118,Low-cost digital nurture,0.5,2.784991903427135,2.284991903427135,Low-cost nurture communication and continued monitoring,0,1,1180.0
16734,2011-09-01,United Kingdom,0.579757645765253,57.83959537572254,Medium,31.430635838150287,Nurture / Monitor,14.373611111111112,2,302.40999999999997,0.001388888888888889,151.20499999999998,87.66225482793507,Low-cost digital nurture,0.5,2.6298676448380522,2.1298676448380522,Low-cost nurture communication and continued monitoring,0,1,1236.0
16735,2011-09-01,United Kingdom,0.4724044768603011,41.365606936416185,Low,46.89306358381503,Nurture / Monitor,139.49166666666667,1,437.56,0.0,218.78,103.35265144749668,Low-cost digital nurture,0.5,3.1005795434249004,2.6005795434249004,Low-cost nurture communication and continued monitoring,0,1,1070.0
16739,2011-09-01,United Kingdom,0.8480526375898846,96.35115606936417,Critical,35.36849710982659,Reactivate Efficiently,76.61319444444445,1,323.0,0.0,161.5,136.96050097076636,Automated targeted campaign,5.0,20.544075145614954,15.544075145614954,Automated re-engagement with targeted product recommendations,1,1,173.0
16743,2011-09-01,United Kingdom,0.13694097371969693,10.765895953757225,Low,80.9971098265896,Protect High Value,13.239583333333334,5,1430.6200000000001,161.2138888888889,715.3100000000001,97.95524791143642,VIP or loyalty service,12.0,7.836419832914913,-4.163580167085087,Proactive loyalty or VIP service without aggressive discounting,0,0,
16744,2011-09-01,United Kingdom,0.49537694997459963,44.61705202312139,Low,24.421965317919074,Nurture / Monitor,45.3875,2,240.74,27.978472222222223,120.37,59.62852346844256,Low-cost digital nurture,0.5,1.7888557040532767,1.2888557040532767,Low-cost nurture communication and continued monitoring,0,0,
16745,2011-09-01,United Kingdom,0.044239910468087486,4.010115606936416,Low,96.5679190751445,Protect High Value,19.32638888888889,11,4671.41,155.1625,2335.705,103.33138007986427,VIP or loyalty service,12.0,8.266510406389141,-3.7334895936108587,Proactive loyalty or VIP service without aggressive discounting,0,0,
16746,2011-09-01,United Kingdom,0.02255782393136151,2.4927745664739884,Low,94.03901734104046,Protect High Value,0.6180555555555556,9,3158.19,166.70833333333334,1579.095,35.6209469808933,VIP or loyalty service,12.0,2.8496757584714643,-9.150324241528535,Proactive loyalty or VIP service without aggressive discounting,0,0,
16748,2011-09-01,United Kingdom,0.4972125623970231,45.01445086705203,Low,30.960982658959534,Nurture / Monitor,117.52361111111111,1,300.4,0.0,150.2,74.68132687203287,Low-cost digital nurture,0.5,2.240439806160986,1.7404398061609858,Low-cost nurture communication and continued monitoring,0,0,
16750,2011-09-01,United Kingdom,0.4614389222616449,39.45086705202312,Low,45.48410404624278,Nurture / Monitor,21.382638888888888,3,416.12,110.91388888888889,208.06,96.00698216575783,Low-cost digital nurture,0.5,2.880209464972735,2.380209464972735,Low-cost nurture communication and continued monitoring,0,1,1144.0
16755,2011-09-01,United Kingdom,0.37328108761373935,29.47976878612717,Low,76.44508670520231,Nurture / Monitor,14.44375,2,1159.37,111.97222222222223,579.685,216.38544727337046,Low-cost digital nurture,0.5,6.491563418201114,5.991563418201114,Low-cost nurture communication and continued monitoring,1,1,404.0
16756,2011-09-01,United Kingdom,0.6091567681279365,63.07803468208093,Medium,24.20520231213873,Nurture / Monitor,114.60208333333334,1,239.4,0.0,119.7,72.916065144914,Low-cost digital nurture,0.5,2.1874819543474198,1.6874819543474198,Low-cost nurture communication and continued monitoring,1,0,
16762,2011-09-01,United Kingdom,0.7194781620892863,80.78034682080924,High,34.2485549132948,Reactivate Efficiently,44.46388888888889,1,314.15000000000003,0.0,157.07500000000002,113.01203231017466,Automated targeted campaign,5.0,16.951804846526198,11.951804846526198,Automated re-engagement with targeted product recommendations,0,0,
16763,2011-09-01,United Kingdom,0.9371301553879823,99.7471098265896,Critical,57.1893063583815,Reactivate Efficiently,98.50555555555556,1,611.85,0.0,305.925,286.6915427870685,Automated targeted campaign,5.0,43.003731418060276,38.003731418060276,Automated re-engagement with targeted product recommendations,1,1,75.0
16764,2011-09-01,United Kingdom,0.36614237762616,28.648843930635838,Low,52.09537572254336,Nurture / Monitor,26.474305555555556,3,522.0600000000001,16.805555555555557,261.03000000000003,95.57414483175656,Low-cost digital nurture,0.5,2.8672243449526964,2.3672243449526964,Low-cost nurture communication and continued monitoring,0,1,1156.0
16766,2011-09-01,United Kingdom,0.8702214216146398,97.57947976878613,Critical,76.08381502890174,Reactivate Efficiently,173.35972222222222,2,1145.6,0.075,572.8,498.4628303008656,Automated targeted campaign,5.0,74.76942454512984,69.76942454512984,Automated re-engagement with targeted product recommendations,1,1,20.0
16767,2011-09-01,United Kingdom,0.12337719861418125,9.898843930635838,Low,91.1849710982659,Protect High Value,13.471527777777778,5,2363.3,146.90208333333334,1181.65,145.7886667424473,VIP or loyalty service,12.0,11.663093339395784,-0.3369066606042157,Proactive loyalty or VIP service without aggressive discounting,0,0,
16768,2011-09-01,United Kingdom,0.4148080797328939,33.27312138728324,Low,29.154624277456648,Nurture / Monitor,3.553472222222222,2,286.49,168.0125,143.245,59.41918338133839,Low-cost digital nurture,0.5,1.7825755014401516,1.2825755014401516,Low-cost nurture communication and continued monitoring,0,0,
16769,2011-09-01,United Kingdom,0.7550790479876806,86.1271676300578,High,40.46242774566474,Reactivate Efficiently,160.4298611111111,1,361.54,0.0,180.77,136.49563950473302,Automated targeted campaign,5.0,20.47434592570995,15.474345925709951,Automated re-engagement with targeted product recommendations,1,1,177.0
16770,2011-09-01,United Kingdom,0.5008323141038014,45.55635838150289,Low,8.309248554913294,Nurture / Monitor,136.46597222222223,1,121.63,0.0,60.815,30.45811718222268,Low-cost digital nurture,0.5,0.9137435154666803,0.4137435154666803,Low-cost nurture communication and continued monitoring,0,0,
16771,2011-09-01,United Kingdom,0.5274212196346537,49.53034682080925,Low,60.94653179190751,Nurture / Monitor,175.41944444444445,1,692.33,0.0,346.165,182.5747664948299,Low-cost digital nurture,0.5,5.477242994844897,4.977242994844897,Low-cost nurture communication and continued monitoring,0,1,511.0
16774,2011-09-01,United Kingdom,0.39967362055046146,31.79190751445087,Low,53.50433526011561,Nurture / Monitor,16.460416666666667,3,542.2,62.00833333333333,271.1,108.35151853123011,Low-cost digital nurture,0.5,3.2505455559369034,2.7505455559369034,Low-cost nurture communication and continued monitoring,0,1,1019.0
16775,2011-09-01,United Kingdom,0.20240397602987714,15.390173410404625,Low,56.32225433526011,Nurture / Monitor,22.366666666666667,5,597.45,83.16527777777777,298.725,60.463127739525056,Low-cost digital nurture,0.5,1.8138938321857516,1.3138938321857516,Low-cost nurture communication and continued monitoring,0,0,
16777,2011-09-01,United Kingdom,0.5576598447621511,53.937861271676304,Medium,15.96820809248555,Nurture / Monitor,157.39305555555555,1,173.52,0.0,86.76,48.382568131564234,Low-cost digital nurture,0.5,1.451477043946927,0.9514770439469269,Low-cost nurture communication and continued monitoring,0,0,
16778,2011-09-01,United Kingdom,0.8247916508621628,95.19508670520231,Critical,4.190751445086705,Reactivate Efficiently,174.36041666666668,1,93.18,0.0,46.59,38.42704301366817,Automated targeted campaign,5.0,5.764056452050225,0.7640564520502249,Automated re-engagement with targeted product recommendations,0,0,
16779,2011-09-01,United Kingdom,0.007864044678091401,1.4089595375722543,Low,96.0621387283237,Protect High Value,6.561111111111111,9,4310.58,169.9951388888889,2155.29,16.949296854243617,VIP or loyalty service,12.0,1.3559437483394894,-10.64405625166051,Proactive loyalty or VIP service without aggressive discounting,0,0,
16780,2011-09-01,United Kingdom,0.4928717269389561,44.14739884393064,Low,46.062138728323696,Nurture / Monitor,0.32708333333333334,2,422.24,158.94097222222223,211.12,104.05507899135242,Low-cost digital nurture,0.5,3.1216523697405725,2.6216523697405725,Low-cost nurture communication and continued monitoring,1,1,1062.0
16782,2011-09-01,United Kingdom,0.06963357416044214,6.177745664739884,Low,62.2471098265896,Nurture / Monitor,38.359027777777776,6,724.76,138.94722222222222,362.38,25.23381460426102,Low-cost digital nurture,0.5,0.7570144381278305,0.25701443812783054,Low-cost nurture communication and continued monitoring,0,0,
16788,2011-09-01,United Kingdom,0.43152127699405374,35.69364161849711,Low,55.888728323699425,Nurture / Monitor,23.37986111111111,2,592.74,131.075,296.37,127.8899608627277,Low-cost digital nurture,0.5,3.836698825881831,3.336698825881831,Low-cost nurture communication and continued monitoring,1,1,834.0
16791,2011-09-01,United Kingdom,0.26743181323258775,20.267341040462426,Low,53.6849710982659,Nurture / Monitor,22.443055555555556,4,544.89,140.9611111111111,272.445,72.86046035615237,Low-cost digital nurture,0.5,2.185813810684571,1.685813810684571,Low-cost nurture communication and continued monitoring,0,0,
16794,2011-09-01,United Kingdom,0.2900053269049909,22.03757225433526,Low,56.611271676300575,Nurture / Monitor,8.422916666666667,4,605.03,71.98333333333333,302.515,87.73096146866332,Low-cost digital nurture,0.5,2.6319288440598996,2.1319288440598996,Low-cost nurture communication and continued monitoring,0,1,1235.0
16801,2011-09-01,United Kingdom,0.3780907234133478,29.985549132947973,Low,83.70664739884393,Protect High Value,63.35208333333333,4,1594.23,110.06736111111111,797.115,301.3817869936307,VIP or loyalty service,12.0,24.11054295949046,12.11054295949046,Proactive loyalty or VIP service without aggressive discounting,1,0,
16804,2011-09-01,United Kingdom,0.806699399903789,92.91907514450867,Critical,7.731213872832369,Reactivate Efficiently,170.34166666666667,1,118.05,0.0,59.025,47.615432079321145,Automated targeted campaign,5.0,7.142314811898172,2.1423148118981716,Automated re-engagement with targeted product recommendations,0,0,
16805,2011-09-01,United Kingdom,0.5705842277872489,56.394508670520224,Medium,24.927745664739884,Nurture / Monitor,73.52569444444444,1,245.82,0.0,122.91,70.13050743733076,Low-cost digital nurture,0.5,2.1039152231199227,1.6039152231199227,Low-cost nurture communication and continued monitoring,1,0,
16806,2011-09-01,United Kingdom,0.25941040406146393,19.328034682080926,Low,62.861271676300575,Nurture / Monitor,3.35625,4,736.21,135.8111111111111,368.105,95.49026678704519,Low-cost digital nurture,0.5,2.8647080036113555,2.3647080036113555,Low-cost nurture communication and continued monitoring,1,1,1159.0
16807,2011-09-01,United Kingdom,0.3603005711340771,27.92630057803468,Low,75.6864161849711,Nurture / Monitor,42.5,3,1121.5900000000001,128.09305555555557,560.7950000000001,202.05475878913478,Low-cost digital nurture,0.5,6.061642763674043,5.561642763674043,Low-cost nurture communication and continued monitoring,1,1,447.0
16808,2011-09-01,United Kingdom,0.8113903837411117,93.64161849710982,Critical,15.209537572254336,Reactivate Efficiently,174.20486111111111,1,166.5,0.0,83.25,67.54824944644756,Automated targeted campaign,5.0,10.132237416967133,5.132237416967133,Automated re-engagement with targeted product recommendations,0,0,
16809,2011-09-01,United Kingdom,0.32113466756446346,24.421965317919074,Low,49.169075144508675,Nurture / Monitor,36.4,3,470.69,125.96111111111111,235.345,75.57743833795865,Low-cost digital nurture,0.5,2.2673231501387594,1.7673231501387594,Low-cost nurture communication and continued monitoring,0,0,
16810,2011-09-01,United Kingdom,0.7595480524444254,86.63294797687861,High,33.34537572254335,Reactivate Efficiently,92.35277777777777,1,309.54,0.0,154.77,117.55525207682372,Automated targeted campaign,5.0,17.63328781152356,12.633287811523559,Automated re-engagement with targeted product recommendations,1,1,236.0
16813,2011-09-01,United Kingdom,0.1511460239048817,11.813583815028903,Low,73.15751445086705,Nurture / Monitor,13.427777777777777,6,1029.36,91.0111111111111,514.68,77.7918355833645,Low-cost digital nurture,0.5,2.333755067500935,1.833755067500935,Low-cost nurture communication and continued monitoring,0,0,
16814,2011-09-01,United Kingdom,0.03099023893318589,3.070809248554913,Low,93.60549132947978,Protect High Value,8.50625,9,3011.58,147.88055555555556,1505.79,46.66479188320198,VIP or loyalty service,12.0,3.7331833506561583,-8.266816649343841,Proactive loyalty or VIP service without aggressive discounting,0,0,
16816,2011-09-01,United Kingdom,0.47070275037514075,40.895953757225435,Low,4.082369942196531,Nurture / Monitor,3.4055555555555554,2,91.61000000000001,46.13611111111111,45.80500000000001,21.560539480933326,Low-cost digital nurture,0.5,0.6468161844279997,0.1468161844279997,Low-cost nurture communication and continued monitoring,1,0,
16817,2011-09-01,United Kingdom,0.26722099684684447,20.23121387283237,Low,65.85982658959537,Nurture / Monitor,85.57986111111111,5,812.13,87.98263888888889,406.065,108.5090940846139,Low-cost digital nurture,0.5,3.255272822538417,2.755272822538417,Low-cost nurture communication and continued monitoring,0,1,1018.0
16818,2011-09-01,United Kingdom,0.09343971250444344,7.947976878612717,Low,89.16184971098265,Protect High Value,6.340972222222222,8,2102.4,99.17152777777778,1051.2,98.22382578467095,VIP or loyalty service,12.0,7.857906062773676,-4.142093937226324,Proactive loyalty or VIP service without aggressive discounting,0,0,
16823,2011-09-01,United Kingdom,0.5305494688114477,49.963872832369944,Low,39.956647398843934,Nurture / Monitor,127.375,1,358.38,0.0,179.19,95.06915931632331,Low-cost digital nurture,0.5,2.852074779489699,2.352074779489699,Low-cost nurture communication and continued monitoring,1,1,1163.0
16824,2011-09-01,United Kingdom,0.7538659094448257,85.87427745664739,High,22.38078034682081,Reactivate Efficiently,64.43333333333334,1,222.9,0.0,111.45,84.01835560762582,Automated targeted campaign,5.0,12.602753341143872,7.602753341143872,Automated re-engagement with targeted product recommendations,0,0,
16825,2011-09-01,United Kingdom,0.6087938093981281,62.861271676300575,Medium,34.790462427745666,Nurture / Monitor,85.59444444444445,1,318.7,0.0,159.35,97.0112935275917,Low-cost digital nurture,0.5,2.910338805827751,2.410338805827751,Low-cost nurture communication and continued monitoring,0,1,1131.0
16828,2011-09-01,United Kingdom,0.688947206009493,76.04768786127167,Medium,6.954479768786127,Nurture / Monitor,12.441666666666666,1,113.5,0.0,56.75,39.097753941038725,Low-cost digital nurture,0.5,1.1729326182311617,0.6729326182311617,Low-cost nurture communication and continued monitoring,1,0,
16829,2011-09-01,United Kingdom,0.7651867456475424,87.5,High,18.966763005780347,Reactivate Efficiently,56.55,1,197.22,0.0,98.61,75.45506498830416,Automated targeted campaign,5.0,11.318259748245623,6.318259748245623,Automated re-engagement with targeted product recommendations,1,0,
16832,2011-09-01,United Kingdom,0.6588032548218471,71.0621387283237,Medium,19.25578034682081,Nurture / Monitor,84.35,3,199.15,33.05833333333333,99.575,65.60033409888543,Low-cost digital nurture,0.5,1.9680100229665627,1.4680100229665627,Low-cost nurture communication and continued monitoring,1,0,
16833,2011-09-01,United Kingdom,0.6260216786701145,65.96820809248555,Medium,40.4985549132948,Nurture / Monitor,159.6298611111111,2,361.81,0.0006944444444444445,180.905,113.25045177981707,Low-cost digital nurture,0.5,3.397513553394512,2.897513553394512,Low-cost nurture communication and continued monitoring,1,1,955.0
16834,2011-09-01,United Kingdom,0.910564449900466,99.16907514450867,Critical,45.05057803468208,Reactivate Efficiently,127.59930555555556,1,413.46,0.0,206.73,188.24098872792334,Automated targeted campaign,5.0,28.2361483091885,23.2361483091885,Automated re-engagement with targeted product recommendations,1,1,126.0
16835,2011-09-01,United Kingdom,0.5157560606526094,47.543352601156066,Low,4.552023121387283,Nurture / Monitor,28.42361111111111,1,99.1,0.0,49.55,25.555712805336793,Low-cost digital nurture,0.5,0.7666713841601037,0.2666713841601037,Low-cost nurture communication and continued monitoring,1,0,
16836,2011-09-01,United Kingdom,0.7347427739965396,82.87572254335261,High,4.046242774566474,Reactivate Efficiently,16.47361111111111,1,91.32000000000001,0.0,45.660000000000004,33.548355060682006,Automated targeted campaign,5.0,5.0322532591023,0.03225325910230037,Automated re-engagement with targeted product recommendations,0,0,
16837,2011-09-01,United Kingdom,0.29271588702171675,22.290462427745663,Low,87.57225433526011,Protect High Value,57.579166666666666,9,1911.7400000000002,88.05416666666666,955.8700000000001,279.7983349274484,VIP or loyalty service,12.0,22.383866794195875,10.383866794195875,Proactive loyalty or VIP service without aggressive discounting,0,0,
16838,2011-09-01,United Kingdom,0.6182347311769196,64.45086705202311,Medium,18.858381502890172,Nurture / Monitor,97.44930555555555,1,196.73000000000002,0.0,98.36500000000001,60.812659332217706,Low-cost digital nurture,0.5,1.8243797799665311,1.3243797799665311,Low-cost nurture communication and continued monitoring,1,0,
16839,2011-09-01,United Kingdom,0.011909524436210716,1.8063583815028903,Low,98.30202312138728,Protect High Value,9.554166666666667,15,7570.63,157.9388888888889,3785.315,45.08130149125497,VIP or loyalty service,12.0,3.6065041193003977,-8.393495880699602,Proactive loyalty or VIP service without aggressive discounting,0,0,
16841,2011-09-01,United Kingdom,0.22945640044101082,17.341040462427745,Low,77.96242774566474,Nurture / Monitor,37.454166666666666,4,1243.68,76.11527777777778,621.84,142.68516805023816,Low-cost digital nurture,0.5,4.280555041507145,3.780555041507145,Low-cost nurture communication and continued monitoring,0,1,729.0
16842,2011-09-01,United Kingdom,0.478793311041573,42.34104046242775,Low,63.150289017341045,Nurture / Monitor,0.5541666666666667,2,743.62,54.71319444444445,371.81,178.02014097836727,Low-cost digital nurture,0.5,5.340604229351018,4.840604229351018,Low-cost nurture communication and continued monitoring,1,1,530.0
16843,2011-09-01,United Kingdom,0.09371972437844404,7.984104046242775,Low,97.32658959537572,Protect High Value,34.41458333333333,9,5372.139999999999,107.10347222222222,2686.0699999999997,251.73774006120718,VIP or loyalty service,12.0,20.139019204896574,8.139019204896574,Proactive loyalty or VIP service without aggressive discounting,0,0,
16849,2011-09-01,United Kingdom,0.7583117368629334,86.5606936416185,High,8.526011560693641,Reactivate Efficiently,86.6138888888889,1,124.57,0.0,62.285,47.2314465305078,Automated targeted campaign,5.0,7.084716979576171,2.0847169795761706,Automated re-engagement with targeted product recommendations,1,0,
16852,2011-09-01,United Kingdom,0.7668755499855863,87.71676300578035,High,6.809971098265896,Reactivate Efficiently,76.34097222222222,1,113.06,0.0,56.53,43.35147484068519,Automated targeted campaign,5.0,6.5027212261027785,1.5027212261027785,Automated re-engagement with targeted product recommendations,0,0,
16859,2011-09-01,United Kingdom,0.40502666472219967,32.22543352601156,Low,63.25867052023122,Nurture / Monitor,44.486805555555556,2,747.81,116.94444444444444,373.905,151.44149507295407,Low-cost digital nurture,0.5,4.5432448521886215,4.0432448521886215,Low-cost nurture communication and continued monitoring,1,1,663.0
16861,2011-09-01,United Kingdom,0.6762227905008374,74.09682080924856,Medium,2.565028901734104,Nurture / Monitor,58.34861111111111,1,70.80000000000001,0.0,35.400000000000006,23.938286783729648,Low-cost digital nurture,0.5,0.7181486035118894,0.21814860351188936,Low-cost nurture communication and continued monitoring,0,0,
16866,2011-09-01,United Kingdom,0.42439633515757863,34.35693641618497,Low,20.3757225433526,Nurture / Monitor,40.579166666666666,3,207.73999999999998,20.897222222222222,103.86999999999999,44.08204733281769,Low-cost digital nurture,0.5,1.3224614199845306,0.8224614199845306,Low-cost nurture communication and continued monitoring,1,0,
16869,2011-09-01,United Kingdom,0.5468084851194672,52.059248554913296,Medium,42.73843930635838,Nurture / Monitor,65.4888888888889,2,387.68,9.96875,193.84,105.99335675555753,Low-cost digital nurture,0.5,3.179800702666726,2.679800702666726,Low-cost nurture communication and continued monitoring,0,1,1046.0
16871,2011-09-01,United Kingdom,0.47614642518705647,41.79913294797688,Low,88.54768786127167,Protect High Value,110.5111111111111,4,2037.82,60.050694444444446,1018.91,485.1503540873437,VIP or loyalty service,12.0,38.812028326987495,26.812028326987495,Proactive loyalty or VIP service without aggressive discounting,0,0,
16872,2011-09-01,United Kingdom,0.6167181070971699,64.23410404624278,Medium,48.80780346820809,Nurture / Monitor,5.348611111111111,2,464.68,79.04583333333333,232.34,143.28828500295646,Low-cost digital nurture,0.5,4.298648550088694,3.7986485500886937,Low-cost nurture communication and continued monitoring,0,1,723.0
16873,2011-09-01,United Kingdom,0.20448608563820037,15.570809248554912,Low,85.33236994219652,Protect High Value,27.352083333333333,3,1713.83,117.99930555555555,856.915,175.22719407465846,VIP or loyalty service,12.0,14.018175525972676,2.0181755259726764,Proactive loyalty or VIP service without aggressive discounting,0,0,
16875,2011-09-01,United Kingdom,0.38077927964186375,30.346820809248555,Low,37.10260115606936,Nurture / Monitor,44.513194444444444,1,333.11,0.0,166.555,63.42069292075062,Low-cost digital nurture,0.5,1.9026207876225185,1.4026207876225185,Low-cost nurture communication and continued monitoring,0,0,
16877,2011-09-01,United Kingdom,0.5512970290042073,52.854046242774565,Medium,18.09971098265896,Nurture / Monitor,52.32083333333333,2,188.98000000000002,56.00347222222222,94.49000000000001,52.09205627060755,Low-cost digital nurture,0.5,1.5627616881182265,1.0627616881182265,Low-cost nurture communication and continued monitoring,0,0,
16880,2011-09-01,United Kingdom,0.4350896496411649,36.054913294797686,Low,66.79913294797689,Nurture / Monitor,26.426388888888887,5,841.01,62.87569444444444,420.505,182.95737312235806,Low-cost digital nurture,0.5,5.488721193670742,4.988721193670742,Low-cost nurture communication and continued monitoring,0,1,508.0
16882,2011-09-01,United Kingdom,0.6506824886713063,69.94219653179191,Medium,20.050578034682083,Nurture / Monitor,139.39166666666668,1,205.8,0.0,102.9,66.95522808427742,Low-cost digital nurture,0.5,2.0086568425283224,1.5086568425283224,Low-cost nurture communication and continued monitoring,0,0,
16883,2011-09-01,United Kingdom,0.4993529819096193,45.33959537572254,Low,11.741329479768787,Nurture / Monitor,87.46458333333334,1,144.45,0.0,72.225,36.06576911842225,Low-cost digital nurture,0.5,1.0819730735526676,0.5819730735526676,Low-cost nurture communication and continued monitoring,1,0,
16889,2011-09-01,United Kingdom,0.427831357626565,35.00722543352601,Low,73.84393063583815,Nurture / Monitor,94.53819444444444,2,1055.62,48.986805555555556,527.81,225.81366886887724,Low-cost digital nurture,0.5,6.774410066066317,6.274410066066317,Low-cost nurture communication and continued monitoring,1,1,379.0
16891,2011-09-01,United Kingdom,0.4748150190901196,41.582369942196536,Low,16.329479768786126,Nurture / Monitor,41.49027777777778,1,176.31,0.0,88.155,41.85731800788949,Low-cost digital nurture,0.5,1.2557195402366845,0.7557195402366845,Low-cost nurture communication and continued monitoring,0,0,
16892,2011-09-01,United Kingdom,0.8083125698051645,93.31647398843931,Critical,5.166184971098266,Reactivate Efficiently,83.51736111111111,1,102.97999999999999,0.0,51.489999999999995,41.620014219267915,Automated targeted campaign,5.0,6.2430021328901875,1.2430021328901875,Automated re-engagement with targeted product recommendations,0,0,
16898,2011-09-01,United Kingdom,0.5462322642484144,51.986994219653184,Medium,19.58092485549133,Nurture / Monitor,77.43402777777777,1,201.69,0.0,100.845,55.08479268813135,Low-cost digital nurture,0.5,1.6525437806439405,1.1525437806439405,Low-cost nurture communication and continued monitoring,0,0,
16899,2011-09-01,United Kingdom,0.48606890334458525,43.171965317919074,Low,38.11416184971098,Nurture / Monitor,49.51875,2,339.63,57.81944444444444,169.815,82.54179082146074,Low-cost digital nurture,0.5,2.476253724643822,1.976253724643822,Low-cost nurture communication and continued monitoring,0,0,
16902,2011-09-01,United Kingdom,0.5929616221294864,59.97109826589595,Medium,85.26011560693641,Protect High Value,16.40486111111111,1,1706.88,0.0,853.44,506.05716679018894,VIP or loyalty service,12.0,40.48457334321512,28.484573343215118,Proactive loyalty or VIP service without aggressive discounting,1,0,
16904,2011-09-01,United Kingdom,0.05509143989497049,4.913294797687861,Low,90.85982658959537,Protect High Value,8.513194444444444,9,2301.14,151.97916666666666,1150.57,63.386557999956196,VIP or loyalty service,12.0,5.070924639996496,-6.929075360003504,Proactive loyalty or VIP service without aggressive discounting,0,0,
16905,2011-09-01,United Kingdom,0.5115012131489908,46.85693641618497,Low,54.84104046242775,Nurture / Monitor,136.52083333333334,2,567.78,23.665972222222223,283.89,145.210079400867,Low-cost digital nurture,0.5,4.356302382026009,3.8563023820260094,Low-cost nurture communication and continued monitoring,0,1,703.0
16906,2011-09-01,United Kingdom,0.6047895027285038,61.849710982658955,Medium,43.20809248554913,Nurture / Monitor,86.62222222222222,3,392.99,61.856944444444444,196.495,118.83811333863737,Low-cost digital nurture,0.5,3.565143400159121,3.065143400159121,Low-cost nurture communication and continued monitoring,0,1,898.0
16907,2011-09-01,United Kingdom,0.42002305827135833,33.959537572254334,Low,25.36127167630058,Nurture / Monitor,48.26111111111111,2,249.24,86.11666666666666,124.62,52.34327352177668,Low-cost digital nurture,0.5,1.5702982056533004,1.0702982056533004,Low-cost nurture communication and continued monitoring,0,0,
16912,2011-09-01,United Kingdom,0.3797730047819599,30.238439306358384,Low,65.39017341040463,Nurture / Monitor,34.392361111111114,4,800.74,73.1625,400.37,152.04971792455328,Low-cost digital nurture,0.5,4.5614915377365985,4.0614915377365985,Low-cost nurture communication and continued monitoring,0,1,660.0
16915,2011-09-01,United Kingdom,0.32228482210793746,24.566473988439306,Low,36.23554913294797,Nurture / Monitor,27.45625,3,328.09000000000003,120.96875,164.04500000000002,52.86921364269661,Low-cost digital nurture,0.5,1.586076409280898,1.086076409280898,Low-cost nurture communication and continued monitoring,0,0,
16917,2011-09-01,United Kingdom,0.8821167435369226,98.04913294797689,Critical,43.13583815028902,Reactivate Efficiently,176.50347222222223,1,391.52,0.0,195.76,172.68317371478796,Automated targeted campaign,5.0,25.90247605721819,20.90247605721819,Automated re-engagement with targeted product recommendations,1,1,134.0
16918,2011-09-01,United Kingdom,0.41569624586378146,33.38150289017341,Low,25.180635838150287,Nurture / Monitor,59.47361111111111,1,247.25,0.0,123.625,51.39044839490998,Low-cost digital nurture,0.5,1.5417134518472995,1.0417134518472995,Low-cost nurture communication and continued monitoring,0,0,
16919,2011-09-01,United Kingdom,0.19985739389758642,15.209537572254336,Low,88.69219653179191,Protect High Value,56.43402777777778,9,2052.2400000000002,92.0875,1026.1200000000001,205.0776690261914,VIP or loyalty service,12.0,16.40621352209531,4.40621352209531,Proactive loyalty or VIP service without aggressive discounting,1,0,
16923,2011-09-01,United Kingdom,0.061691673424092174,5.491329479768786,Low,93.67774566473989,Protect High Value,52.5625,10,3033.11,125.95972222222223,1516.555,93.55881578967411,VIP or loyalty service,12.0,7.484705263173929,-4.515294736826071,Proactive loyalty or VIP service without aggressive discounting,0,0,
16927,2011-09-01,United Kingdom,0.5893939182867693,59.429190751445084,Medium,35.54913294797688,Nurture / Monitor,15.534722222222221,2,324.95,160.90902777777777,162.475,95.76177687364284,Low-cost digital nurture,0.5,2.872853306209285,2.372853306209285,Low-cost nurture communication and continued monitoring,1,1,1148.0
16928,2011-09-01,United Kingdom,0.04275633212987125,3.6849710982658963,Low,86.66907514450867,Protect High Value,1.3493055555555555,11,1833.4,151.08541666666667,916.7,39.194729663452975,VIP or loyalty service,12.0,3.135578373076238,-8.864421626923761,Proactive loyalty or VIP service without aggressive discounting,0,0,
16929,2011-09-01,United Kingdom,0.47818432216303064,42.16040462427746,Low,46.49566473988439,Nurture / Monitor,27.490972222222222,2,428.88,27.981944444444444,214.44,102.5418460446403,Low-cost digital nurture,0.5,3.076255381339209,2.576255381339209,Low-cost nurture communication and continued monitoring,0,1,1072.0
16931,2011-09-01,United Kingdom,0.05262148435089264,4.732658959537572,Low,88.22254335260115,Protect High Value,3.397222222222222,10,2015.1399999999999,154.0,1007.5699999999999,53.019828987428895,VIP or loyalty service,12.0,4.241586318994312,-7.758413681005688,Proactive loyalty or VIP service without aggressive discounting,0,0,
16933,2011-09-01,United Kingdom,0.5496010309871526,52.52890173410405,Medium,22.54335260115607,Nurture / Monitor,139.43541666666667,1,224.73,0.0,112.365,61.7559198468714,Low-cost digital nurture,0.5,1.8526775954061419,1.3526775954061419,Low-cost nurture communication and continued monitoring,1,0,
16938,2011-09-01,United Kingdom,0.31113784668446604,23.735549132947977,Low,89.48699421965318,Protect High Value,79.525,2,2118.4500000000003,0.9215277777777777,1059.2250000000001,329.56498565435356,VIP or loyalty service,12.0,26.365198852348286,14.365198852348286,Proactive loyalty or VIP service without aggressive discounting,1,0,
16940,2011-09-01,United Kingdom,0.32673449913264474,24.819364161849713,Low,75.2528901734104,Nurture / Monitor,69.44930555555555,1,1110.68,0.0,555.34,181.44873674832294,Low-cost digital nurture,0.5,5.443462102449688,4.943462102449688,Low-cost nurture communication and continued monitoring,0,1,515.0
16942,2011-09-01,United Kingdom,0.21503180938695218,16.4378612716763,Low,81.25,Protect High Value,36.46041666666667,7,1439.44,91.04027777777777,719.72,154.76269385197722,VIP or loyalty service,12.0,12.381015508158178,0.3810155081581783,Proactive loyalty or VIP service without aggressive discounting,0,0,
16943,2011-09-01,United Kingdom,0.559961486563882,54.552023121387286,Medium,40.76950867052023,Nurture / Monitor,111.50208333333333,2,365.7,49.859722222222224,182.85,102.38895781820582,Low-cost digital nurture,0.5,3.071668734546175,2.571668734546175,Low-cost nurture communication and continued monitoring,1,1,1074.0
16945,2011-09-01,United Kingdom,0.06938126475272345,6.105491329479769,Low,87.64450867052022,Protect High Value,13.624305555555555,9,1924.5700000000002,161.77708333333334,962.2850000000001,66.76455035257449,VIP or loyalty service,12.0,5.341164028205959,-6.658835971794041,Proactive loyalty or VIP service without aggressive discounting,0,0,
16947,2011-09-01,United Kingdom,0.634051782571264,67.59393063583815,Medium,44.328034682080926,Nurture / Monitor,135.5986111111111,1,406.48,0.0,203.24,128.8646842897837,Low-cost digital nurture,0.5,3.865940528693511,3.365940528693511,Low-cost nurture communication and continued monitoring,1,1,829.0
16948,2011-09-01,United Kingdom,0.4637368170530331,39.92052023121387,Low,40.71531791907515,Nurture / Monitor,38.46805555555556,2,365.41999999999996,123.18055555555556,182.70999999999998,84.72935384375967,Low-cost digital nurture,0.5,2.54188061531279,2.04188061531279,Low-cost nurture communication and continued monitoring,1,0,
16949,2011-09-01,United Kingdom,0.4437786450212045,37.03034682080925,Low,66.07658959537572,Nurture / Monitor,85.55972222222222,3,819.3299999999999,68.92361111111111,409.66499999999996,181.80057861261173,Low-cost digital nurture,0.5,5.454017358378351,4.954017358378351,Low-cost nurture communication and continued monitoring,0,1,514.0
16950,2011-09-01,United Kingdom,0.43112600022268427,35.65751445086705,Low,56.683526011560694,Nurture / Monitor,24.4375,1,606.41,0.0,303.205,130.71955889751897,Low-cost digital nurture,0.5,3.921586766925569,3.421586766925569,Low-cost nurture communication and continued monitoring,0,1,814.0
16951,2011-09-01,United Kingdom,0.5318768313934608,50.144508670520224,Medium,22.507225433526013,Nurture / Monitor,34.49652777777778,2,223.96,2.01875,111.98,59.55956757943974,Low-cost digital nurture,0.5,1.786787027383192,1.286787027383192,Low-cost nurture communication and continued monitoring,1,0,
16952,2011-09-01,United Kingdom,0.6965813319063463,77.16763005780348,Medium,15.31791907514451,Nurture / Monitor,9.45625,2,167.61,0.003472222222222222,83.805,58.376998520411355,Low-cost digital nurture,0.5,1.7513099556123406,1.2513099556123406,Low-cost nurture communication and continued monitoring,1,0,
16954,2011-09-01,United Kingdom,0.3422912091772277,26.11994219653179,Low,69.18352601156069,Nurture / Monitor,24.54513888888889,3,898.58,146.11805555555554,449.29,153.78801737123663,Low-cost digital nurture,0.5,4.613640521137099,4.113640521137099,Low-cost nurture communication and continued monitoring,0,1,654.0
16955,2011-09-01,United Kingdom,0.5752979681230489,56.97254335260116,Medium,14.8121387283237,Nurture / Monitor,84.55833333333334,1,163.69,0.0,81.845,47.085262201030936,Low-cost digital nurture,0.5,1.412557866030928,0.9125578660309279,Low-cost nurture communication and continued monitoring,1,0,
16957,2011-09-01,United Kingdom,0.6849684255200147,75.36127167630057,Medium,31.286127167630056,Nurture / Monitor,139.41944444444445,1,301.8,0.0,150.9,103.36173541097023,Low-cost digital nurture,0.5,3.1008520623291065,2.6008520623291065,Low-cost nurture communication and continued monitoring,1,1,1069.0
16960,2011-09-01,United Kingdom,0.54100802222883,51.3728323699422,Medium,19.29190751445087,Nurture / Monitor,152.50416666666666,1,199.58,0.0,99.79,53.98719053821495,Low-cost digital nurture,0.5,1.6196157161464486,1.1196157161464486,Low-cost nurture communication and continued monitoring,0,0,
16961,2011-09-01,United Kingdom,0.6565568385536394,70.70086705202311,Medium,23.66329479768786,Nurture / Monitor,16.426388888888887,1,234.17,0.0,117.085,76.87295744205286,Low-cost digital nurture,0.5,2.306188723261586,1.8061887232615859,Low-cost nurture communication and continued monitoring,1,0,
16963,2011-09-01,United Kingdom,0.7581252794717622,86.52456647398844,High,5.997109826589595,Reactivate Efficiently,87.425,1,110.55000000000001,0.0,55.275000000000006,41.90537482280166,Automated targeted campaign,5.0,6.285806223420249,1.2858062234202494,Automated re-engagement with targeted product recommendations,1,0,
16965,2011-09-01,United Kingdom,0.7678998638839597,87.96965317919076,High,18.460982658959537,Reactivate Efficiently,126.49444444444444,1,192.07,0.0,96.035,73.74526342809607,Automated targeted campaign,5.0,11.061789514214409,6.061789514214409,Automated re-engagement with targeted product recommendations,1,0,
16966,2011-09-01,United Kingdom,0.41914233251433525,33.88728323699422,Low,81.9364161849711,Protect High Value,70.37083333333334,4,1486.56,70.03402777777778,743.28,311.5401129112551,VIP or loyalty service,12.0,24.92320903290041,12.92320903290041,Proactive loyalty or VIP service without aggressive discounting,0,0,
16967,2011-09-01,United Kingdom,0.7359424777771315,83.09248554913295,High,34.86271676300578,Reactivate Efficiently,89.4,1,319.02,0.0,159.51,117.39018463023024,Automated targeted campaign,5.0,17.608527694534533,12.608527694534533,Automated re-engagement with targeted product recommendations,1,1,237.0
16968,2011-09-01,United Kingdom,0.6675982092258358,72.61560693641619,Medium,25.903179190751445,Nurture / Monitor,7.547916666666667,1,253.31,0.0,126.655,84.55465118949823,Low-cost digital nurture,0.5,2.5366395356849467,2.0366395356849467,Low-cost nurture communication and continued monitoring,1,0,
16969,2011-09-01,United Kingdom,0.5369676562899666,51.01156069364162,Medium,49.638728323699425,Nurture / Monitor,34.420833333333334,2,478.96000000000004,57.07222222222222,239.48000000000002,128.5930143283212,Low-cost digital nurture,0.5,3.857790429849636,3.357790429849636,Low-cost nurture communication and continued monitoring,0,1,832.0
16976,2011-09-01,United Kingdom,0.8445087231211884,96.20664739884393,Critical,25.50578034682081,Reactivate Efficiently,167.31041666666667,1,251.51999999999998,0.0,125.75999999999999,106.20541701972064,Automated targeted campaign,5.0,15.930812552958095,10.930812552958095,Automated re-engagement with targeted product recommendations,1,0,
16979,2011-09-01,United Kingdom,0.5092180499136472,46.64017341040462,Low,20.55635838150289,Nurture / Monitor,47.62569444444444,1,208.5,0.0,104.25,53.085981703497716,Low-cost digital nurture,0.5,1.5925794511049314,1.0925794511049314,Low-cost nurture communication and continued monitoring,0,0,
16980,2011-09-01,United Kingdom,0.6542630142853176,70.44797687861272,Medium,38.76445086705203,Nurture / Monitor,155.30833333333334,1,346.6,0.0,173.3,113.38378037564556,Low-cost digital nurture,0.5,3.4015134112693666,2.9015134112693666,Low-cost nurture communication and continued monitoring,1,1,951.0
16983,2011-09-01,United Kingdom,0.45163258049127886,38.04190751445087,Low,52.34826589595376,Nurture / Monitor,80.46527777777777,2,526.47,90.96805555555555,263.235,118.8855023256218,Low-cost digital nurture,0.5,3.5665650697686537,3.0665650697686537,Low-cost nurture communication and continued monitoring,0,1,897.0
16984,2011-09-01,United Kingdom,0.1724050074423416,13.114161849710982,Low,94.29190751445087,Protect High Value,30.26597222222222,1,3213.19,0.0,1606.595,276.98502293182884,VIP or loyalty service,12.0,22.158801834546306,10.158801834546306,Proactive loyalty or VIP service without aggressive discounting,0,0,
16985,2011-09-01,United Kingdom,0.2773592925817629,20.953757225433524,Low,90.9320809248555,Protect High Value,57.60208333333333,5,2304.98,110.96458333333334,1152.49,319.6538111075559,VIP or loyalty service,12.0,25.57230488860447,13.57230488860447,Proactive loyalty or VIP service without aggressive discounting,0,0,
16987,2011-09-01,United Kingdom,0.545964103526393,51.95086705202312,Medium,58.236994219653184,Nurture / Monitor,70.30277777777778,3,629.45,35.03402777777778,314.725,171.82855248234407,Low-cost digital nurture,0.5,5.154856574470322,4.654856574470322,Low-cost nurture communication and continued monitoring,0,1,554.0
16989,2011-09-01,United Kingdom,0.717131654308368,80.41907514450867,High,67.52167630057804,Reactivate Efficiently,50.61736111111111,1,857.7,0.0,428.85,307.54190995014363,Automated targeted campaign,5.0,46.13128649252155,41.13128649252155,Automated re-engagement with targeted product recommendations,0,1,60.0
16990,2011-09-01,United Kingdom,0.8172294387504702,94.54479768786128,Critical,16.835260115606935,Reactivate Efficiently,118.64583333333333,1,179.0,0.0,89.5,73.14203476816708,Automated targeted campaign,5.0,10.971305215225062,5.971305215225062,Automated re-engagement with targeted product recommendations,1,0,
16992,2011-09-01,United Kingdom,0.49525841330599785,44.580924855491325,Low,25.397398843930635,Nurture / Monitor,99.61111111111111,1,249.55,0.0,124.775,61.79586852025589,Low-cost digital nurture,0.5,1.8538760556076765,1.3538760556076765,Low-cost nurture communication and continued monitoring,0,0,
16996,2011-09-01,United Kingdom,0.4308387187940975,35.54913294797688,Low,69.85187861271676,Nurture / Monitor,21.393055555555556,3,914.24,148.00625,457.12,196.94499513515785,Low-cost digital nurture,0.5,5.908349854054736,5.408349854054736,Low-cost nurture communication and continued monitoring,0,1,462.0
16998,2011-09-01,United Kingdom,0.6615543407291338,71.64017341040463,Medium,19.86994219653179,Nurture / Monitor,49.59444444444444,3,205.00000000000003,54.80555555555556,102.50000000000001,67.80931992473622,Low-cost digital nurture,0.5,2.034279597742086,1.5342795977420862,Low-cost nurture communication and continued monitoring,1,0,
17001,2011-09-01,United Kingdom,0.19288270584083583,14.559248554913296,Low,79.94942196531792,Nurture / Monitor,13.36875,4,1365.0,132.12708333333333,682.5,131.64244673637046,Low-cost digital nurture,0.5,3.9492734020911135,3.4492734020911135,Low-cost nurture communication and continued monitoring,0,1,805.0
17002,2011-09-01,United Kingdom,0.5521499972259307,53.03468208092485,Medium,49.891618497109825,Nurture / Monitor,115.52708333333334,1,480.46000000000004,0.0,240.23000000000002,132.64299383358534,Low-cost digital nurture,0.5,3.9792898150075597,3.4792898150075597,Low-cost nurture communication and continued monitoring,0,1,799.0
17007,2011-09-01,United Kingdom,0.47743615645425025,41.94364161849711,Low,40.96820809248555,Nurture / Monitor,55.24027777777778,3,368.32,59.34097222222222,184.16,87.92464257261473,Low-cost digital nurture,0.5,2.637739277178442,2.137739277178442,Low-cost nurture communication and continued monitoring,0,1,1234.0
17015,2011-09-01,United Kingdom,0.6173813120700545,64.378612716763,Medium,51.986994219653184,Nurture / Monitor,85.44513888888889,1,520.55,0.0,260.275,160.68892099903343,Low-cost digital nurture,0.5,4.820667629971003,4.320667629971003,Low-cost nurture communication and continued monitoring,0,1,613.0
17017,2011-09-01,United Kingdom,0.18579558508127145,13.98121387283237,Low,92.08815028901735,Protect High Value,62.38333333333333,8,2545.3199999999997,103.9625,1272.6599999999999,236.4546093095309,VIP or loyalty service,12.0,18.916368744762472,6.916368744762472,Proactive loyalty or VIP service without aggressive discounting,0,0,
17019,2011-09-01,United Kingdom,0.4950164932337085,44.54479768786127,Low,40.82369942196532,Nurture / Monitor,161.53055555555557,1,366.02,0.0,183.01,90.59296842670099,Low-cost digital nurture,0.5,2.7177890528010296,2.2177890528010296,Low-cost nurture communication and continued monitoring,0,1,1198.0
17024,2011-09-01,United Kingdom,0.8073624972336882,93.09971098265896,Critical,0.7586705202312138,Reactivate Efficiently,57.60347222222222,1,31.25,0.0,15.625,12.615039019276379,Automated targeted campaign,5.0,1.8922558528914568,-3.1077441471085434,Automated re-engagement with targeted product recommendations,0,0,
17026,2011-09-01,United Kingdom,0.7140938696997131,80.02167630057804,High,8.345375722543352,Reactivate Efficiently,85.39722222222223,1,121.67999999999999,0.0,60.839999999999996,43.44547103253054,Automated targeted campaign,5.0,6.516820654879581,1.5168206548795808,Automated re-engagement with targeted product recommendations,1,0,
17027,2011-09-01,United Kingdom,0.5093584014202202,46.7485549132948,Low,20.989884393063583,Nurture / Monitor,79.42777777777778,1,212.0,0.0,106.0,53.991990550543335,Low-cost digital nurture,0.5,1.6197597165163,1.1197597165163,Low-cost nurture communication and continued monitoring,0,0,
17029,2011-09-01,United Kingdom,0.5878593650947938,59.104046242774565,Medium,61.994219653179194,Nurture / Monitor,10.5375,2,716.0,126.00625,358.0,210.45365270393617,Low-cost digital nurture,0.5,6.313609581118085,5.813609581118085,Low-cost nurture communication and continued monitoring,1,1,425.0
17031,2011-09-01,United Kingdom,0.5324592833272825,50.28901734104046,Medium,22.723988439306357,Nurture / Monitor,54.59861111111111,1,225.95,0.0,112.975,60.15458753389974,Low-cost digital nurture,0.5,1.8046376260169923,1.3046376260169923,Low-cost nurture communication and continued monitoring,0,0,
17033,2011-09-01,United Kingdom,0.6385200538110711,68.13583815028902,Medium,30.88872832369942,Nurture / Monitor,114.3326388888889,1,300.29999999999995,0.0,150.14999999999998,95.87378607973231,Low-cost digital nurture,0.5,2.8762135823919692,2.3762135823919692,Low-cost nurture communication and continued monitoring,0,1,1146.0
17035,2011-09-01,United Kingdom,0.7216792439904762,81.10549132947978,High,16.076589595375722,Reactivate Efficiently,145.52569444444444,1,174.02,0.0,87.01,62.79331101961134,Automated targeted campaign,5.0,9.4189966529417,4.418996652941701,Automated re-engagement with targeted product recommendations,1,0,
17040,2011-09-01,United Kingdom,0.8951008430626384,98.66329479768787,Critical,47.76011560693642,Reactivate Efficiently,37.57013888888889,1,449.73,0.0,224.865,201.27685107528018,Automated targeted campaign,5.0,30.191527661292024,25.191527661292024,Automated re-engagement with targeted product recommendations,1,1,120.0
17041,2011-09-01,United Kingdom,0.568394095089199,55.92485549132948,Medium,47.471098265895954,Nurture / Monitor,8.588194444444444,1,446.39,0.0,223.195,126.86272005343378,Low-cost digital nurture,0.5,3.805881601603013,3.305881601603013,Low-cost nurture communication and continued monitoring,0,1,844.0
17042,2011-09-01,United Kingdom,0.2160951273754074,16.510115606936417,Low,69.97832369942196,Nurture / Monitor,21.445138888888888,4,915.02,125.93472222222222,457.51,98.86568172552263,Low-cost digital nurture,0.5,2.965970451765679,2.465970451765679,Low-cost nurture communication and continued monitoring,1,1,1110.0
17043,2011-09-01,United Kingdom,0.5361832164137028,50.86705202312138,Medium,35.585260115606935,Nurture / Monitor,78.42222222222222,2,324.97,87.9576388888889,162.485,87.1217299189805,Low-cost digital nurture,0.5,2.613651897569415,2.113651897569415,Low-cost nurture communication and continued monitoring,0,1,1241.0
17045,2011-09-01,United Kingdom,0.33508253573148605,25.43352601156069,Low,38.00578034682081,Nurture / Monitor,13.285416666666666,3,339.44,134.20902777777778,169.72,56.87020796434781,Low-cost digital nurture,0.5,1.7061062389304342,1.2061062389304342,Low-cost nurture communication and continued monitoring,1,0,
17046,2011-09-01,United Kingdom,0.6181093108752457,64.41473988439307,Medium,58.851156069364166,Nurture / Monitor,57.4,1,642.02,0.0,321.01,198.4192698840626,Low-cost digital nurture,0.5,5.9525780965218775,5.4525780965218775,Low-cost nurture communication and continued monitoring,1,1,457.0
17047,2011-09-01,United Kingdom,0.6502457397672329,69.72543352601156,Medium,63.29479768786127,Nurture / Monitor,105.29791666666667,2,749.4300000000001,0.0006944444444444445,374.71500000000003,243.6568323768787,Low-cost digital nurture,0.5,7.309704971306361,6.809704971306361,Low-cost nurture communication and continued monitoring,0,1,345.0
17048,2011-09-01,United Kingdom,0.441003862634131,36.63294797687861,Low,15.028901734104046,Nurture / Monitor,17.507638888888888,1,164.95000000000002,0.0,82.47500000000001,36.37179357074996,Low-cost digital nurture,0.5,1.0911538071224987,0.5911538071224987,Low-cost nurture communication and continued monitoring,1,0,
17049,2011-09-01,United Kingdom,0.13691001290547306,10.729768786127169,Low,92.34104046242774,Protect High Value,17.477083333333333,5,2606.65,158.16666666666666,1303.325,178.43824257002566,VIP or loyalty service,12.0,14.275059405602054,2.275059405602054,Proactive loyalty or VIP service without aggressive discounting,0,0,
17050,2011-09-01,United Kingdom,0.3894751064692087,30.960982658959534,Low,87.93352601156069,Protect High Value,87.35763888888889,3,1956.45,91.04861111111111,978.225,380.9942860258417,VIP or loyalty service,12.0,30.479542882067335,18.479542882067335,Proactive loyalty or VIP service without aggressive discounting,0,0,
17051,2011-09-01,United Kingdom,0.6336448228954609,67.3771676300578,Medium,24.45809248554913,Nurture / Monitor,94.40763888888888,1,240.89000000000001,0.0,120.44500000000001,76.31935069364378,Low-cost digital nurture,0.5,2.2895805208093134,1.7895805208093134,Low-cost nurture communication and continued monitoring,1,0,
17053,2011-09-01,United Kingdom,0.6797526715411718,74.71098265895954,Medium,50.84898843930635,Nurture / Monitor,30.56736111111111,1,498.48,0.0,249.24,169.42155585492168,Low-cost digital nurture,0.5,5.08264667564765,4.58264667564765,Low-cost nurture communication and continued monitoring,1,1,566.0
17054,2011-09-01,United Kingdom,0.3040005933652316,23.229768786127167,Low,77.09537572254335,Nurture / Monitor,37.584722222222226,4,1207.32,107.8638888888889,603.66,183.5129981908557,Low-cost digital nurture,0.5,5.505389945725671,5.005389945725671,Low-cost nurture communication and continued monitoring,0,1,506.0
17058,2011-09-01,United Kingdom,0.6310054912763562,66.97976878612717,Medium,66.14884393063583,Nurture / Monitor,99.42361111111111,2,819.6600000000001,40.18888888888889,409.83000000000004,258.60498048978906,Low-cost digital nurture,0.5,7.758149414693672,7.258149414693672,Low-cost nurture communication and continued monitoring,0,1,324.0
17059,2011-09-01,United Kingdom,0.25309855629900774,18.966763005780347,Low,82.29768786127167,Protect High Value,10.363194444444444,3,1514.74,150.13125,757.37,191.68925358417948,VIP or loyalty service,12.0,15.335140286734358,3.335140286734358,Proactive loyalty or VIP service without aggressive discounting,0,0,
17060,2011-09-01,United Kingdom,0.8368159983530689,95.91763005780348,Critical,23.699421965317917,Reactivate Efficiently,166.43958333333333,1,234.24,0.0,117.12,98.00788972711143,Automated targeted campaign,5.0,14.701183459066714,9.701183459066714,Automated re-engagement with targeted product recommendations,1,0,
17061,2011-09-01,United Kingdom,0.12913841669449805,10.04335260115607,Low,96.53179190751445,Protect High Value,10.552777777777777,10,4658.83,121.88541666666667,2329.415,300.81696492441415,VIP or loyalty service,12.0,24.065357193953133,12.065357193953133,Proactive loyalty or VIP service without aggressive discounting,0,0,
17063,2011-09-01,United Kingdom,0.4157997672683054,33.45375722543353,Low,39.34248554913295,Nurture / Monitor,63.41736111111111,2,352.5,0.0006944444444444445,176.25,73.28470898103883,Low-cost digital nurture,0.5,2.198541269431165,1.698541269431165,Low-cost nurture communication and continued monitoring,0,0,
17064,2011-09-01,United Kingdom,0.6665821042054321,72.4349710982659,Medium,34.06791907514451,Nurture / Monitor,82.56527777777778,1,313.45000000000005,0.0,156.72500000000002,104.47008028159635,Low-cost digital nurture,0.5,3.1341024084478906,2.6341024084478906,Low-cost nurture communication and continued monitoring,0,1,1056.0
17068,2011-09-01,United Kingdom,0.02047667329011483,2.348265895953757,Low,90.4985549132948,Protect High Value,10.53125,10,2243.64,153.90069444444444,1121.82,22.971141630316616,VIP or loyalty service,12.0,1.8376913304253293,-10.16230866957467,Proactive loyalty or VIP service without aggressive discounting,0,0,
17069,2011-09-01,United Kingdom,0.35882920163302345,27.74566473988439,Low,69.79768786127167,Nurture / Monitor,55.395833333333336,3,912.59,87.2611111111111,456.295,163.73197055914045,Low-cost digital nurture,0.5,4.911959116774213,4.411959116774213,Low-cost nurture communication and continued monitoring,0,1,600.0
17070,2011-09-01,United Kingdom,0.736390426778962,83.16473988439307,High,31.86416184971098,Reactivate Efficiently,14.290972222222223,1,304.24,0.0,152.12,112.0197117216157,Automated targeted campaign,5.0,16.802956758242356,11.802956758242356,Automated re-engagement with targeted product recommendations,1,0,
17071,2011-09-01,United Kingdom,0.22126150125582342,16.799132947976876,Low,74.71098265895954,Nurture / Monitor,34.330555555555556,5,1093.87,119.09375,546.935,121.01565918935377,Low-cost digital nurture,0.5,3.630469775680613,3.130469775680613,Low-cost nurture communication and continued monitoring,0,1,883.0
17073,2011-09-01,United Kingdom,0.6093447414380919,63.150289017341045,Medium,47.940751445086704,Nurture / Monitor,9.390972222222222,1,453.79,0.0,226.895,138.25727510859588,Low-cost digital nurture,0.5,4.147718253257876,3.6477182532578762,Low-cost nurture communication and continued monitoring,0,1,761.0
17075,2011-09-01,United Kingdom,0.5599743358443467,54.58815028901734,Medium,9.645953757225435,Nurture / Monitor,153.42569444444445,1,133.47,0.0,66.735,37.36988730257248,Low-cost digital nurture,0.5,1.1210966190771743,0.6210966190771743,Low-cost nurture communication and continued monitoring,0,0,
17076,2011-09-01,United Kingdom,0.6988583955403079,77.70953757225433,Medium,17.26878612716763,Nurture / Monitor,173.62569444444443,1,182.7,0.0,91.35,63.84071443260713,Low-cost digital nurture,0.5,1.9152214329782138,1.4152214329782138,Low-cost nurture communication and continued monitoring,0,0,
17080,2011-09-01,United Kingdom,0.7047651091113168,78.75722543352602,Medium,2.9624277456647397,Nurture / Monitor,169.49652777777777,1,76.32000000000001,0.0,38.160000000000004,26.893836563687852,Low-cost digital nurture,0.5,0.8068150969106356,0.3068150969106356,Low-cost nurture communication and continued monitoring,0,0,
17083,2011-09-01,United Kingdom,0.3837835422990415,30.527456647398843,Low,44.72543352601156,Nurture / Monitor,9.345138888888888,1,409.76,0.0,204.88,78.62957214622762,Low-cost digital nurture,0.5,2.3588871643868283,1.8588871643868283,Low-cost nurture communication and continued monitoring,1,0,
17085,2011-09-01,United Kingdom,0.21184714700424492,16.148843930635838,Low,55.85260115606936,Nurture / Monitor,23.40625,2,592.25,127.11041666666667,296.125,62.73323640663203,Low-cost digital nurture,0.5,1.8819970921989608,1.3819970921989608,Low-cost nurture communication and continued monitoring,1,0,
17088,2011-09-01,United Kingdom,0.540665355738558,51.300578034682076,Medium,80.41907514450867,Protect High Value,82.60902777777778,2,1399.1100000000001,70.98263888888889,699.5550000000001,378.22515293368696,VIP or loyalty service,12.0,30.258012234694956,18.258012234694956,Proactive loyalty or VIP service without aggressive discounting,0,0,
17090,2011-09-01,United Kingdom,0.5727306631132937,56.64739884393064,Medium,17.846820809248555,Nurture / Monitor,127.56736111111111,1,187.04999999999998,0.0,93.52499999999999,53.56463526767079,Low-cost digital nurture,0.5,1.6069390580301235,1.1069390580301235,Low-cost nurture communication and continued monitoring,0,0,
17091,2011-09-01,United Kingdom,0.4491647070398985,37.64450867052023,Low,74.96387283236994,Nurture / Monitor,85.50625,3,1106.26,54.83263888888889,553.13,248.44647440497906,Low-cost digital nurture,0.5,7.453394232149371,6.953394232149371,Low-cost nurture communication and continued monitoring,0,1,335.0
17092,2011-09-01,United Kingdom,0.3901134740676158,31.033236994219653,Low,58.20086705202312,Nurture / Monitor,26.32638888888889,2,629.32,151.0548611111111,314.66,122.753105750116,Low-cost digital nurture,0.5,3.68259317250348,3.18259317250348,Low-cost nurture communication and continued monitoring,0,1,872.0
17096,2011-09-01,United Kingdom,0.37372827526558616,29.660404624277458,Low,47.25433526011561,Nurture / Monitor,43.290277777777774,2,443.94,118.20625,221.97,82.95646526070216,Low-cost digital nurture,0.5,2.4886939578210647,1.9886939578210647,Low-cost nurture communication and continued monitoring,0,0,
17097,2011-09-01,Spain,0.3691579704965101,29.010115606936417,Low,39.27023121387283,Nurture / Monitor,0.3506944444444444,4,351.89,14.997222222222222,175.945,64.95149911900847,Low-cost digital nurture,0.5,1.9485449735702542,1.4485449735702542,Low-cost nurture communication and continued monitoring,0,0,
17101,2011-09-01,United Kingdom,0.6100955545591218,63.25867052023122,Medium,23.229768786127167,Nurture / Monitor,78.38263888888889,1,230.57999999999998,0.0,115.28999999999999,70.33791648512114,Low-cost digital nurture,0.5,2.110137494553634,1.610137494553634,Low-cost nurture communication and continued monitoring,0,0,
17102,2011-09-01,United Kingdom,0.8637473244882694,97.32658959537572,Critical,0.6141618497109826,Reactivate Efficiently,161.57777777777778,1,25.5,0.0,12.75,11.012778387225435,Automated targeted campaign,5.0,1.6519167580838152,-3.348083241916185,Automated re-engagement with targeted product recommendations,1,0,
17105,2011-09-01,United Kingdom,0.6164787508282721,64.12572254335261,Medium,38.69219653179191,Nurture / Monitor,59.33819444444445,1,346.38,0.0,173.19,106.76795485594845,Low-cost digital nurture,0.5,3.203038645678453,2.703038645678453,Low-cost nurture communication and continued monitoring,1,1,1033.0
17107,2011-09-01,United Kingdom,0.25636664716085644,19.11127167630058,Low,97.90462427745665,Protect High Value,55.21111111111111,3,6332.610000000001,123.15208333333334,3166.3050000000003,811.7349967386556,VIP or loyalty service,12.0,64.93879973909245,52.938799739092445,Proactive loyalty or VIP service without aggressive discounting,0,1,35.0
17109,2011-09-01,United Kingdom,0.6234991470421298,65.46242774566474,Medium,48.77167630057804,Nurture / Monitor,132.33958333333334,2,464.59,0.003472222222222222,232.295,144.83573436215156,Low-cost digital nurture,0.5,4.3450720308645465,3.8450720308645465,Low-cost nurture communication and continued monitoring,0,1,708.0
17110,2011-09-01,United Kingdom,0.8040450064205774,92.63005780346822,Critical,14.667630057803468,Reactivate Efficiently,65.45972222222223,1,163.29999999999998,0.0,81.64999999999999,65.65027477424015,Automated targeted campaign,5.0,9.84754121613602,4.847541216136021,Automated re-engagement with targeted product recommendations,1,0,
17114,2011-09-01,United Kingdom,0.1963242976130624,14.95664739884393,Low,37.138728323699425,Nurture / Monitor,38.50138888888889,4,333.4,110.89375,166.7,32.7272604120975,Low-cost digital nurture,0.5,0.981817812362925,0.481817812362925,Low-cost nurture communication and continued monitoring,0,0,
17115,2011-09-01,United Kingdom,0.5376212131596607,51.08381502890174,Medium,57.33381502890174,Nurture / Monitor,82.62916666666666,2,612.8199999999999,50.75555555555555,306.40999999999997,164.73251592425163,Low-cost digital nurture,0.5,4.941975477727548,4.441975477727548,Low-cost nurture communication and continued monitoring,1,1,596.0
17120,2011-09-01,United Kingdom,0.774249581599,88.69219653179191,High,32.65895953757225,Reactivate Efficiently,133.36041666666668,1,307.46,0.0,153.73,119.02538817921426,Automated targeted campaign,5.0,17.853808226882137,12.853808226882137,Automated re-engagement with targeted product recommendations,1,1,228.0
17122,2011-09-01,United Kingdom,0.6171109899517497,64.34248554913295,Medium,10.585260115606937,Nurture / Monitor,19.39375,1,138.32,0.0,69.16,42.67939606506301,Low-cost digital nurture,0.5,1.2803818819518902,0.7803818819518902,Low-cost nurture communication and continued monitoring,1,0,
17123,2011-09-01,United Kingdom,0.7144186379148215,80.09393063583815,High,38.58381502890174,Reactivate Efficiently,61.550694444444446,1,345.29999999999995,0.0,172.64999999999998,123.34437783599392,Automated targeted campaign,5.0,18.501656675399087,13.501656675399087,Automated re-engagement with targeted product recommendations,1,1,214.0
17124,2011-09-01,United Kingdom,0.7234293957609541,81.53901734104046,High,29.985549132947973,Reactivate Efficiently,85.41527777777777,1,294.24,0.0,147.12,106.43093270435158,Automated targeted campaign,5.0,15.964639905652735,10.964639905652735,Automated re-engagement with targeted product recommendations,1,0,
17126,2011-09-01,United Kingdom,0.5148290632917704,47.32658959537572,Low,50.28901734104046,Nurture / Monitor,52.422222222222224,3,487.78,0.013888888888888888,243.89,125.56166024622986,Low-cost digital nurture,0.5,3.7668498073868957,3.2668498073868957,Low-cost nurture communication and continued monitoring,1,1,852.0
17133,2011-09-01,United Kingdom,0.4553097103607658,38.47543352601156,Low,91.6907514450867,Protect High Value,90.38472222222222,3,2478.79,76.04097222222222,1239.395,564.3085784725813,VIP or loyalty service,12.0,45.14468627780651,33.14468627780651,Proactive loyalty or VIP service without aggressive discounting,0,1,89.0
17134,2011-09-01,United Kingdom,0.5785033795773349,57.442196531791915,Medium,44.97832369942196,Nurture / Monitor,6.5881944444444445,2,413.2,157.91458333333333,206.6,119.51879822067738,Low-cost digital nurture,0.5,3.5855639466203213,3.0855639466203213,Low-cost nurture communication and continued monitoring,1,1,892.0
17138,2011-09-01,United Kingdom,0.5809110824289696,57.947976878612714,Medium,42.16040462427746,Nurture / Monitor,175.50416666666666,1,380.5,0.0,190.25,110.51833343211146,Low-cost digital nurture,0.5,3.315550002963344,2.815550002963344,Low-cost nurture communication and continued monitoring,1,1,990.0
17139,2011-09-01,United Kingdom,0.10712095126780284,8.995664739884393,Low,95.98988439306359,Protect High Value,22.502777777777776,6,4212.4400000000005,136.9638888888889,2106.2200000000003,225.62028997927172,VIP or loyalty service,12.0,18.049623198341738,6.049623198341738,Proactive loyalty or VIP service without aggressive discounting,0,0,
17140,2011-09-01,United Kingdom,0.805690478565771,92.77456647398844,Critical,48.01300578034682,Reactivate Efficiently,147.43541666666667,1,454.12,0.0,227.06,182.94008006314397,Automated targeted campaign,5.0,27.441012009471596,22.441012009471596,Automated re-engagement with targeted product recommendations,1,1,128.0
17142,2011-09-01,United Kingdom,0.6337976435458229,67.44942196531792,Medium,55.27456647398844,Nurture / Monitor,139.23472222222222,1,579.0,0.0,289.5,183.48441780651572,Low-cost digital nurture,0.5,5.504532534195471,5.004532534195471,Low-cost nurture communication and continued monitoring,1,1,507.0
17146,2011-09-01,United Kingdom,0.35980709039996833,27.89017341040462,Low,47.90462427745665,Nurture / Monitor,5.469444444444444,2,451.53,157.95347222222222,225.765,81.23184776414884,Low-cost digital nurture,0.5,2.436955432924465,1.936955432924465,Low-cost nurture communication and continued monitoring,1,0,
17147,2011-09-01,United Kingdom,0.4911057445246986,43.89450867052023,Low,54.552023121387286,Nurture / Monitor,106.54375,1,563.61,0.0,281.805,138.39605433578268,Low-cost digital nurture,0.5,4.15188163007348,3.65188163007348,Low-cost nurture communication and continued monitoring,0,1,759.0
17152,2011-09-01,United Kingdom,0.6190740250088886,64.70375722543352,Medium,84.97109826589595,Protect High Value,94.48680555555555,3,1689.5,68.8326388888889,844.75,522.9627826262587,VIP or loyalty service,12.0,41.837022610100696,29.837022610100696,Proactive loyalty or VIP service without aggressive discounting,1,1,104.0
17155,2011-09-01,United Kingdom,0.6681954421360575,72.79624277456648,Medium,11.632947976878613,Nurture / Monitor,77.56805555555556,1,143.3,0.0,71.65,47.87620342904852,Low-cost digital nurture,0.5,1.4362861028714557,0.9362861028714557,Low-cost nurture communication and continued monitoring,0,0,
17157,2011-09-01,United Kingdom,0.49495352792340086,44.47254335260116,Low,14.342485549132947,Nurture / Monitor,76.36944444444444,1,161.46,0.0,80.73,39.957598309256156,Low-cost digital nurture,0.5,1.1987279492776846,0.6987279492776846,Low-cost nurture communication and continued monitoring,1,0,
17158,2011-09-01,United Kingdom,0.6041022740112992,61.70520231213873,Medium,28.901734104046245,Nurture / Monitor,132.575,1,284.76,0.0,142.38,86.01208177372878,Low-cost digital nurture,0.5,2.580362453211863,2.080362453211863,Low-cost nurture communication and continued monitoring,0,0,
17159,2011-09-01,United Kingdom,0.717431395090494,80.52745664739885,High,52.45664739884393,Reactivate Efficiently,71.59097222222222,1,528.45,0.0,264.225,189.5633103677858,Automated targeted campaign,5.0,28.43449655516787,23.43449655516787,Automated re-engagement with targeted product recommendations,0,1,124.0
17160,2011-09-01,United Kingdom,0.11253675992987196,9.248554913294797,Low,93.53323699421965,Protect High Value,9.436111111111112,5,3001.1800000000003,132.0638888888889,1500.5900000000001,168.87153658316657,VIP or loyalty service,12.0,13.509722926653327,1.5097229266533265,Proactive loyalty or VIP service without aggressive discounting,0,0,
17162,2011-09-01,United Kingdom,0.22766000982613707,17.196531791907514,Low,73.59104046242774,Nurture / Monitor,31.330555555555556,8,1039.25,146.0548611111111,519.625,118.29783260590648,Low-cost digital nurture,0.5,3.5489349781771944,3.0489349781771944,Low-cost nurture communication and continued monitoring,0,1,904.0
17164,2011-09-01,United Kingdom,0.27761851519178804,20.989884393063583,Low,78.4320809248555,Nurture / Monitor,51.46736111111111,3,1270.42,121.93125,635.21,176.3460570349757,Low-cost digital nurture,0.5,5.290381711049271,4.790381711049271,Low-cost nurture communication and continued monitoring,0,1,539.0
17166,2011-09-01,United Kingdom,0.7453125466328682,84.57369942196532,High,8.995664739884393,Reactivate Efficiently,103.65416666666667,1,127.59,0.0,63.795,47.54721391244382,Automated targeted campaign,5.0,7.132082086866573,2.132082086866573,Automated re-engagement with targeted product recommendations,0,0,
17169,2011-09-01,United Kingdom,0.8693627063591365,97.54335260115607,Critical,33.02023121387283,Reactivate Efficiently,83.44722222222222,1,308.68,0.0,154.34,134.17744009946912,Automated targeted campaign,5.0,20.12661601492037,15.12661601492037,Automated re-engagement with targeted product recommendations,0,1,183.0
17173,2011-09-01,United Kingdom,0.44389002955615275,37.10260115606936,Low,71.20664739884393,Nurture / Monitor,16.56388888888889,2,961.26,14.793055555555556,480.63,213.3468649055737,Low-cost digital nurture,0.5,6.4004059471672115,5.9004059471672115,Low-cost nurture communication and continued monitoring,0,1,414.0
17174,2011-09-01,United Kingdom,0.7895202165045243,91.00433526011561,Critical,2.0953757225433525,Reactivate Efficiently,117.50902777777777,1,59.9,0.0,29.95,23.646130484310504,Automated targeted campaign,5.0,3.5469195726465754,-1.4530804273534246,Automated re-engagement with targeted product recommendations,1,0,
17175,2011-09-01,United Kingdom,0.4539669625850677,38.330924855491325,Low,57.40606936416185,Nurture / Monitor,41.24444444444445,2,613.55,39.25,306.775,139.26571494703413,Low-cost digital nurture,0.5,4.177971448411023,3.6779714484110233,Low-cost nurture communication and continued monitoring,0,1,755.0
17176,2011-09-01,United Kingdom,0.7805621514211104,89.73988439306359,High,32.40606936416185,Reactivate Efficiently,101.47152777777778,1,306.13,0.0,153.065,119.47674570727226,Automated targeted campaign,5.0,17.921511856090838,12.921511856090838,Automated re-engagement with targeted product recommendations,1,1,225.0
17179,2011-09-01,United Kingdom,0.480394350224358,42.55780346820809,Low,49.096820809248555,Nurture / Monitor,78.3,2,468.78999999999996,54.00763888888889,234.39499999999998,112.60203372083839,Low-cost digital nurture,0.5,3.3780610116251517,2.8780610116251517,Low-cost nurture communication and continued monitoring,1,1,960.0
17180,2011-09-01,United Kingdom,0.5270144951398651,49.421965317919074,Low,32.622832369942195,Nurture / Monitor,141.31944444444446,2,307.36,0.0020833333333333333,153.68,80.99158761309447,Low-cost digital nurture,0.5,2.429747628392834,1.929747628392834,Low-cost nurture communication and continued monitoring,0,0,
17183,2011-09-01,United Kingdom,0.682687960844171,75.07225433526011,Medium,36.669075144508675,Nurture / Monitor,5.357638888888889,1,329.67,0.0,164.835,112.53087002574894,Low-cost digital nurture,0.5,3.375926100772468,2.875926100772468,Low-cost nurture communication and continued monitoring,0,1,961.0
17187,2011-09-01,United Kingdom,0.8482751373789197,96.38728323699422,Critical,19.76156069364162,Reactivate Efficiently,126.47291666666666,1,203.95,0.0,101.975,86.50285713421533,Automated targeted campaign,5.0,12.9754285701323,7.9754285701322996,Automated re-engagement with targeted product recommendations,1,0,
17188,2011-09-01,United Kingdom,0.4105516460718262,32.622832369942195,Low,43.02745664739884,Nurture / Monitor,64.38125,2,390.65,0.0006944444444444445,195.325,80.19100026897945,Low-cost digital nurture,0.5,2.4057300080693835,1.9057300080693835,Low-cost nurture communication and continued monitoring,0,0,
17189,2011-09-01,United Kingdom,0.6015708096881456,61.23554913294797,Medium,13.583815028901732,Nurture / Monitor,6.18125,1,157.18,0.0,78.59,47.27744993339137,Low-cost digital nurture,0.5,1.418323498001741,0.918323498001741,Low-cost nurture communication and continued monitoring,1,0,
17190,2011-09-01,United Kingdom,0.8866422880794562,98.33815028901735,Critical,18.677745664739884,Reactivate Efficiently,107.3548611111111,1,195.0,0.0,97.5,86.44762308774698,Automated targeted campaign,5.0,12.967143463162046,7.967143463162046,Automated re-engagement with targeted product recommendations,0,0,
17191,2011-09-01,United Kingdom,0.3593345837403745,27.81791907514451,Low,39.559248554913296,Nurture / Monitor,91.49097222222223,1,354.82,0.0,177.41,63.74954850137984,Low-cost digital nurture,0.5,1.9124864550413951,1.4124864550413951,Low-cost nurture communication and continued monitoring,0,0,
17193,2011-09-01,United Kingdom,0.8016110028466298,92.44942196531792,Critical,47.615606936416185,Reactivate Efficiently,76.56736111111111,2,448.56000000000006,0.013194444444444444,224.28000000000003,179.78531571844215,Automated targeted campaign,5.0,26.967797357766322,21.967797357766322,Automated re-engagement with targeted product recommendations,0,1,129.0
17204,2011-09-01,United Kingdom,0.34226380446220595,26.083815028901736,Low,83.34537572254335,Protect High Value,75.38472222222222,4,1564.5600000000002,88.08611111111111,782.2800000000001,267.7461289546945,VIP or loyalty service,12.0,21.419690316375558,9.419690316375558,Proactive loyalty or VIP service without aggressive discounting,1,0,
17211,2011-09-01,United Kingdom,0.44337494000329253,36.95809248554913,Low,60.69364161849711,Nurture / Monitor,80.44375,3,685.1800000000001,83.95694444444445,342.59000000000003,151.895820695728,Low-cost digital nurture,0.5,4.55687462087184,4.05687462087184,Low-cost nurture communication and continued monitoring,0,1,661.0
17212,2011-09-01,United Kingdom,0.7422571503551194,83.95953757225433,High,22.85043352601156,Reactivate Efficiently,153.17916666666667,1,226.85,0.0,113.425,84.19051727902942,Automated targeted campaign,5.0,12.628577591854413,7.6285775918544125,Automated re-engagement with targeted product recommendations,1,0,
17213,2011-09-01,United Kingdom,0.34890012137165927,26.734104046242773,Low,66.97976878612717,Nurture / Monitor,41.34236111111111,2,843.0600000000001,3.0548611111111112,421.53000000000003,147.07186816179555,Low-cost digital nurture,0.5,4.412156044853866,3.912156044853866,Low-cost nurture communication and continued monitoring,0,1,692.0
17214,2011-09-01,United Kingdom,0.567755349200423,55.78034682080924,Medium,13.872832369942195,Nurture / Monitor,149.3138888888889,1,158.87,0.0,79.435,45.099646163735606,Low-cost digital nurture,0.5,1.3529893849120682,0.8529893849120682,Low-cost nurture communication and continued monitoring,0,0,
17217,2011-09-01,United Kingdom,0.9110436087112073,99.20520231213872,Critical,6.954479768786127,Reactivate Efficiently,134.27847222222223,1,113.5,0.0,56.75,51.70172479436101,Automated targeted campaign,5.0,7.755258719154152,2.7552587191541518,Automated re-engagement with targeted product recommendations,1,0,
17218,2011-09-01,United Kingdom,0.49628076317805475,44.797687861271676,Low,15.895953757225435,Nurture / Monitor,114.2923611111111,1,172.95,0.0,86.475,42.91587899582228,Low-cost digital nurture,0.5,1.2874763698746685,0.7874763698746685,Low-cost nurture communication and continued monitoring,0,0,
17220,2011-09-01,United Kingdom,0.19533762507616348,14.8121387283237,Low,82.58670520231213,Protect High Value,26.354166666666668,6,1528.0,128.14583333333334,764.0,149.2379455581889,VIP or loyalty service,12.0,11.939035644655112,-0.06096435534488798,Proactive loyalty or VIP service without aggressive discounting,0,0,
17227,2011-09-01,United Kingdom,0.4589449768170823,39.017341040462426,Low,36.88583815028902,Nurture / Monitor,72.57430555555555,2,331.5,84.00694444444444,165.75,76.0701299074314,Low-cost digital nurture,0.5,2.282103897222942,1.782103897222942,Low-cost nurture communication and continued monitoring,0,0,
17228,2011-09-01,United Kingdom,0.4115504323027303,32.83959537572254,Low,20.484104046242773,Nurture / Monitor,107.55555555555556,1,208.2,0.0,104.1,42.84240000271422,Low-cost digital nurture,0.5,1.2852720000814266,0.7852720000814266,Low-cost nurture communication and continued monitoring,0,0,
17229,2011-09-01,United Kingdom,0.7042926676349403,78.6849710982659,Medium,13.69219653179191,Nurture / Monitor,42.47361111111111,1,157.71,0.0,78.855,55.53699830635322,Low-cost digital nurture,0.5,1.6661099491905964,1.1661099491905964,Low-cost nurture communication and continued monitoring,0,0,
17230,2011-09-01,United Kingdom,0.49831234425987486,45.195086705202314,Low,19.61705202312139,Nurture / Monitor,164.325,1,203.4,0.0,101.7,50.67836541122927,Low-cost digital nurture,0.5,1.520350962336878,1.020350962336878,Low-cost nurture communication and continued monitoring,1,0,
17231,2011-09-01,United Kingdom,0.15262804175390174,11.885838150289016,Low,77.0592485549133,Nurture / Monitor,26.320138888888888,4,1205.94,136.97222222222223,602.97,92.03013033635014,Low-cost digital nurture,0.5,2.760903910090504,2.260903910090504,Low-cost nurture communication and continued monitoring,0,1,1186.0
17234,2011-09-01,United Kingdom,0.751299455191436,85.36849710982659,High,12.391618497109826,Reactivate Efficiently,82.52777777777777,1,149.89000000000001,0.0,74.94500000000001,56.306137669322176,Automated targeted campaign,5.0,8.445920650398326,3.4459206503983264,Automated re-engagement with targeted product recommendations,1,0,
17236,2011-09-01,United Kingdom,0.3962185087761156,31.575144508670522,Low,25.758670520231213,Nurture / Monitor,79.34236111111112,2,252.36,62.99166666666667,126.18,49.994851437370265,Low-cost digital nurture,0.5,1.499845543121108,0.999845543121108,Low-cost nurture communication and continued monitoring,0,0,
17238,2011-09-01,United Kingdom,0.07876147791372493,6.828034682080925,Low,81.17774566473989,Protect High Value,36.34583333333333,8,1434.93,139.13125,717.465,56.50860375137066,VIP or loyalty service,12.0,4.5206883001096525,-7.4793116998903475,Proactive loyalty or VIP service without aggressive discounting,0,0,
17242,2011-09-01,United Kingdom,0.5628137710085679,55.202312138728324,Medium,75.97543352601156,Nurture / Monitor,8.378472222222221,2,1135.04,72.07708333333333,567.52,319.40807132278246,Low-cost digital nurture,0.5,9.582242139683473,9.082242139683473,Low-cost nurture communication and continued monitoring,1,1,274.0
17243,2011-09-01,United Kingdom,0.010146825845186214,1.6618497109826589,Low,88.51156069364163,Protect High Value,13.457638888888889,8,2034.27,165.12222222222223,1017.135,10.32069170604348,VIP or loyalty service,12.0,0.8256553364834784,-11.174344663516521,Proactive loyalty or VIP service without aggressive discounting,0,0,
17245,2011-09-01,United Kingdom,0.931511042383419,99.71098265895954,Critical,15.643063583815028,Reactivate Efficiently,104.55347222222223,1,171.45,0.0,85.725,79.85378410831859,Automated targeted campaign,5.0,11.978067616247788,6.978067616247788,Automated re-engagement with targeted product recommendations,1,0,
17248,2011-09-01,United Kingdom,0.7977770677969455,91.94364161849711,Critical,34.75433526011561,Reactivate Efficiently,20.434722222222224,1,318.65,0.0,159.325,127.10583132674833,Automated targeted campaign,5.0,19.065874699012248,14.065874699012248,Automated re-engagement with targeted product recommendations,1,1,201.0
17250,2011-09-01,United Kingdom,0.7937396969014153,91.4378612716763,Critical,14.523121387283236,Reactivate Efficiently,161.30208333333334,1,162.65,0.0,81.325,64.55088085050761,Automated targeted campaign,5.0,9.682632127576142,4.682632127576142,Automated re-engagement with targeted product recommendations,1,0,
17252,2011-09-01,United Kingdom,0.533985363096283,50.39739884393064,Medium,39.08959537572254,Nurture / Monitor,16.59375,2,348.90999999999997,69.71111111111111,174.45499999999998,93.15641651896203,Low-cost digital nurture,0.5,2.794692495568861,2.294692495568861,Low-cost nurture communication and continued monitoring,1,1,1178.0
17256,2011-09-01,United Kingdom,0.6294348894468705,66.65462427745665,Medium,6.466763005780347,Nurture / Monitor,7.4375,1,112.10000000000001,0.0,56.050000000000004,35.2798255534971,Low-cost digital nurture,0.5,1.058394766604913,0.5583947666049129,Low-cost nurture communication and continued monitoring,1,0,
17259,2011-09-01,United Kingdom,0.5133922455968682,47.10982658959538,Low,21.170520231213874,Nurture / Monitor,48.37430555555556,1,213.28,0.0,106.64,54.74814907045003,Low-cost digital nurture,0.5,1.642444472113501,1.142444472113501,Low-cost nurture communication and continued monitoring,1,0,
17262,2011-09-01,United Kingdom,0.632680502331678,67.12427745664739,Medium,60.72976878612717,Nurture / Monitor,127.33472222222223,3,686.5,34.09166666666667,343.25,217.16758242534848,Low-cost digital nurture,0.5,6.515027472760455,6.015027472760455,Low-cost nurture communication and continued monitoring,0,1,403.0
17263,2011-09-01,United Kingdom,0.751798535044575,85.621387283237,High,2.2760115606936413,Reactivate Efficiently,108.39444444444445,1,63.440000000000005,0.0,31.720000000000002,23.84704953161392,Automated targeted campaign,5.0,3.5770574297420876,-1.4229425702579124,Automated re-engagement with targeted product recommendations,1,0,
17265,2011-09-01,United Kingdom,0.4524433006255225,38.1864161849711,Low,53.865606936416185,Nurture / Monitor,38.549305555555556,2,550.01,41.950694444444444,275.005,124.42416988852182,Low-cost digital nurture,0.5,3.7327250966556544,3.2327250966556544,Low-cost nurture communication and continued monitoring,1,1,860.0
17266,2011-09-01,United Kingdom,0.7964883722023713,91.76300578034682,Critical,6.809971098265896,Reactivate Efficiently,47.50208333333333,1,113.06,0.0,56.53,45.02548768060005,Automated targeted campaign,5.0,6.753823152090008,1.7538231520900078,Automated re-engagement with targeted product recommendations,1,0,
17267,2011-09-01,United Kingdom,0.5970553288414671,60.69364161849711,Medium,34.645953757225435,Nurture / Monitor,27.27638888888889,2,317.20000000000005,0.0020833333333333333,158.60000000000002,94.69297515425669,Low-cost digital nurture,0.5,2.8407892546277003,2.3407892546277003,Low-cost nurture communication and continued monitoring,1,1,1167.0
17268,2011-09-01,United Kingdom,0.2981960094336974,22.976878612716764,Low,64.16184971098265,Nurture / Monitor,7.579166666666667,4,763.64,137.86527777777778,381.82,113.85720032197433,Low-cost digital nurture,0.5,3.41571600965923,2.91571600965923,Low-cost nurture communication and continued monitoring,1,1,945.0
17272,2011-09-01,United Kingdom,0.541158870246037,51.40895953757225,Medium,80.59971098265896,Protect High Value,99.4263888888889,2,1409.44,63.07013888888889,704.72,381.36547903978726,VIP or loyalty service,12.0,30.50923832318298,18.50923832318298,Proactive loyalty or VIP service without aggressive discounting,0,0,
17277,2011-09-01,United Kingdom,0.6416067847763591,68.64161849710982,Medium,39.05346820809248,Nurture / Monitor,127.46736111111112,1,348.33000000000004,0.0,174.16500000000002,111.7454456705746,Low-cost digital nurture,0.5,3.3523633701172377,2.8523633701172377,Low-cost nurture communication and continued monitoring,1,1,973.0
17278,2011-09-01,United Kingdom,0.8675852598454102,97.4349710982659,Critical,24.963872832369944,Reactivate Efficiently,141.45138888888889,1,246.04,0.0,123.02,106.73033866618236,Automated targeted campaign,5.0,16.009550799927354,11.009550799927354,Automated re-engagement with targeted product recommendations,1,0,
17282,2011-09-01,United Kingdom,0.5247509695256694,49.02456647398844,Low,71.24277456647398,Nurture / Monitor,30.396527777777777,2,961.56,43.172916666666666,480.78,252.2897711285513,Low-cost digital nurture,0.5,7.568693133856539,7.068693133856539,Low-cost nurture communication and continued monitoring,1,1,332.0
17284,2011-09-01,United Kingdom,0.23600572623416524,17.88294797687861,Low,64.59537572254335,Nurture / Monitor,20.5,4,772.93,115.00486111111111,386.465,91.20795298908666,Low-cost digital nurture,0.5,2.7362385896726,2.2362385896726,Low-cost nurture communication and continued monitoring,0,1,1190.0
17287,2011-09-01,United Kingdom,0.22815265965796935,17.26878612716763,Low,49.7471098265896,Nurture / Monitor,43.37569444444444,3,479.71000000000004,109.0826388888889,239.85500000000002,54.72355618226224,Low-cost digital nurture,0.5,1.6417066854678672,1.1417066854678672,Low-cost nurture communication and continued monitoring,0,0,
17288,2011-09-01,United Kingdom,0.5226030658890063,48.84393063583815,Low,41.51011560693642,Nurture / Monitor,107.39444444444445,2,373.18,45.170138888888886,186.59,97.51250606422968,Low-cost digital nurture,0.5,2.9253751819268903,2.4253751819268903,Low-cost nurture communication and continued monitoring,0,1,1125.0
17289,2011-09-01,United Kingdom,0.49687890053819256,44.94219653179191,Low,14.992774566473987,Nurture / Monitor,80.42291666666667,1,164.45,0.0,82.225,40.85586759675288,Low-cost digital nurture,0.5,1.2256760279025865,0.7256760279025865,Low-cost nurture communication and continued monitoring,0,0,
17293,2011-09-01,United Kingdom,0.3713689068988495,29.335260115606935,Low,43.82225433526011,Nurture / Monitor,19.414583333333333,3,397.68,36.90833333333333,198.84,73.84299344776723,Low-cost digital nurture,0.5,2.215289803433017,1.7152898034330168,Low-cost nurture communication and continued monitoring,0,0,
17298,2011-09-01,United Kingdom,0.5221614461295041,48.80780346820809,Low,50.79479768786127,Nurture / Monitor,1.3034722222222221,2,498.42,23.181944444444444,249.21,130.12785398993373,Low-cost digital nurture,0.5,3.9038356196980115,3.4038356196980115,Low-cost nurture communication and continued monitoring,1,1,819.0
17299,2011-09-01,United Kingdom,0.5858592956257486,58.887283236994215,Medium,27.3121387283237,Nurture / Monitor,0.4013888888888889,2,268.19,72.92916666666666,134.095,78.56080224693476,Low-cost digital nurture,0.5,2.3568240674080427,1.8568240674080427,Low-cost nurture communication and continued monitoring,0,0,
17302,2011-09-01,United Kingdom,0.418457877038661,33.74277456647399,Low,49.60260115606936,Nurture / Monitor,22.622222222222224,2,478.76,85.89930555555556,239.38,100.17044660551467,Low-cost digital nurture,0.5,3.00511339816544,2.50511339816544,Low-cost nurture communication and continued monitoring,0,1,1097.0
17306,2011-09-01,United Kingdom,0.07360943614371443,6.394508670520231,Low,96.17052023121387,Protect High Value,28.39236111111111,11,4448.4400000000005,147.91944444444445,2224.2200000000003,163.72358005957253,VIP or loyalty service,12.0,13.097886404765802,1.0978864047658021,Proactive loyalty or VIP service without aggressive discounting,0,0,
17312,2011-09-01,United Kingdom,0.481768079520143,42.77456647398844,Low,58.92341040462428,Nurture / Monitor,38.50555555555555,3,644.3,20.944444444444443,322.15,155.20158681741407,Low-cost digital nurture,0.5,4.6560476045224215,4.1560476045224215,Low-cost nurture communication and continued monitoring,1,1,645.0
17314,2011-09-01,United Kingdom,0.2801649066989647,21.278901734104046,Low,70.84537572254335,Nurture / Monitor,48.522222222222226,3,940.7199999999999,108.09166666666667,470.35999999999996,131.77836551492504,Low-cost digital nurture,0.5,3.953350965447751,3.453350965447751,Low-cost nurture communication and continued monitoring,0,1,803.0
17315,2011-09-01,United Kingdom,0.007999885407247104,1.4450867052023122,Low,93.96676300578035,Protect High Value,0.34097222222222223,20,3149.81,171.20277777777778,1574.905,12.5990595273005,VIP or loyalty service,12.0,1.0079247621840401,-10.99207523781596,Proactive loyalty or VIP service without aggressive discounting,0,0,
17320,2011-09-01,United Kingdom,0.48296171866757315,42.919075144508675,Low,63.36705202312138,Nurture / Monitor,0.43680555555555556,2,749.7,135.9736111111111,374.85,181.0382002425398,Low-cost digital nurture,0.5,5.431146007276194,4.931146007276194,Low-cost nurture communication and continued monitoring,1,1,516.0
17323,2011-09-01,United Kingdom,0.2997128858048362,23.121387283236995,Low,42.919075144508675,Nurture / Monitor,24.49652777777778,3,389.26,90.86319444444445,194.63,58.333118964195265,Low-cost digital nurture,0.5,1.749993568925858,1.249993568925858,Low-cost nurture communication and continued monitoring,0,0,
17331,2011-09-01,United Kingdom,0.768238149918081,88.11416184971098,High,16.203034682080926,Reactivate Efficiently,23.50347222222222,1,175.2,0.0,87.6,67.2976619328239,Automated targeted campaign,5.0,10.094649289923584,5.094649289923584,Automated re-engagement with targeted product recommendations,1,0,
17337,2011-09-01,United Kingdom,0.2536421158975454,19.002890173410407,Low,72.03757225433526,Nurture / Monitor,51.37847222222222,3,990.23,98.99166666666666,495.115,125.58201621261318,Low-cost digital nurture,0.5,3.767460486378395,3.267460486378395,Low-cost nurture communication and continued monitoring,1,1,851.0
17338,2011-09-01,United Kingdom,0.1220047395952993,9.826589595375722,Low,91.97976878612717,Protect High Value,14.401388888888889,4,2520.28,121.01458333333333,1260.14,153.74305255362046,VIP or loyalty service,12.0,12.299444204289637,0.29944420428963703,Proactive loyalty or VIP service without aggressive discounting,0,0,
17340,2011-09-01,United Kingdom,0.08895087655183345,7.55057803468208,Low,94.4364161849711,Protect High Value,20.459722222222222,5,3233.26,122.17291666666667,1616.63,143.80065555999053,VIP or loyalty service,12.0,11.504052444799242,-0.4959475552007575,Proactive loyalty or VIP service without aggressive discounting,0,0,
17341,2011-09-01,United Kingdom,0.6085606740273002,62.82514450867052,Medium,27.02312138728324,Nurture / Monitor,56.47708333333333,2,265.68,0.004861111111111111,132.84,80.84119993778656,Low-cost digital nurture,0.5,2.4252359981335965,1.9252359981335965,Low-cost nurture communication and continued monitoring,1,0,
17345,2011-09-01,United Kingdom,0.5687919246769543,56.06936416184971,Medium,8.598265895953757,Nurture / Monitor,96.4798611111111,2,125.38000000000001,0.0020833333333333333,62.690000000000005,35.65756575799826,Low-cost digital nurture,0.5,1.0697269727399479,0.5697269727399479,Low-cost nurture communication and continued monitoring,0,0,
17346,2011-09-01,United Kingdom,0.14567321120934063,11.452312138728324,Low,69.07514450867052,Nurture / Monitor,3.3743055555555554,5,890.82,134.95138888888889,445.41,64.8843050047524,Low-cost digital nurture,0.5,1.946529150142572,1.446529150142572,Low-cost nurture communication and continued monitoring,0,0,
17349,2011-09-01,United Kingdom,0.6261138557427306,66.00433526011561,Medium,4.371387283236994,Nurture / Monitor,79.39652777777778,1,98.25,0.0,49.125,30.757843163361642,Low-cost digital nurture,0.5,0.9227352949008493,0.42273529490084927,Low-cost nurture communication and continued monitoring,1,0,
17351,2011-09-01,United Kingdom,0.4588696425831009,38.98121387283237,Low,46.351156069364166,Nurture / Monitor,69.18819444444445,2,427.29999999999995,104.14166666666667,213.64999999999998,98.03749913787951,Low-cost digital nurture,0.5,2.941124974136385,2.441124974136385,Low-cost nurture communication and continued monitoring,0,1,1120.0
17353,2011-09-01,United Kingdom,0.6693275606864245,73.08526011560693,Medium,85.65751445086705,Protect High Value,29.278472222222224,2,1740.0,25.043055555555554,870.0,582.3149777971894,VIP or loyalty service,12.0,46.58519822377515,34.58519822377515,Proactive loyalty or VIP service without aggressive discounting,1,1,84.0
17360,2011-09-01,United Kingdom,0.5494722826316185,52.49277456647399,Medium,35.22398843930636,Nurture / Monitor,84.28541666666666,1,320.9,0.0,160.45,88.16282774824319,Low-cost digital nurture,0.5,2.6448848324472953,2.1448848324472953,Low-cost nurture communication and continued monitoring,0,1,1225.0
17361,2011-09-01,United Kingdom,0.760068963739652,86.70520231213872,High,22.18208092485549,Reactivate Efficiently,86.41527777777777,1,218.92,0.0,109.46,83.1971487709423,Automated targeted campaign,5.0,12.479572315641345,7.479572315641345,Automated re-engagement with targeted product recommendations,0,0,
17362,2011-09-01,United Kingdom,0.6413218408904744,68.4971098265896,Medium,14.486994219653178,Nurture / Monitor,139.38680555555555,1,162.23000000000002,0.0,81.11500000000001,52.020821123830835,Low-cost digital nurture,0.5,1.560624633714925,1.060624633714925,Low-cost nurture communication and continued monitoring,1,0,
17364,2011-09-01,United Kingdom,0.14557663969291748,11.416184971098266,Low,85.07947976878613,Protect High Value,37.459722222222226,4,1693.02,117.9,846.51,123.23208126645157,VIP or loyalty service,12.0,9.858566501316126,-2.141433498683874,Proactive loyalty or VIP service without aggressive discounting,0,0,
17365,2011-09-01,United Kingdom,0.2969364247132641,22.86849710982659,Low,83.67052023121387,Protect High Value,69.55277777777778,3,1594.1499999999999,83.97152777777778,797.0749999999999,236.68060072832495,VIP or loyalty service,12.0,18.934448058265996,6.934448058265996,Proactive loyalty or VIP service without aggressive discounting,0,0,
17367,2011-09-01,United Kingdom,0.7652217796037897,87.53612716763006,High,15.28179190751445,Reactivate Efficiently,138.40208333333334,1,167.55,0.0,83.775,64.10645458630748,Automated targeted campaign,5.0,9.615968187946121,4.615968187946121,Automated re-engagement with targeted product recommendations,1,0,
17368,2011-09-01,United Kingdom,0.5549824336802378,53.46820809248555,Medium,69.0028901734104,Nurture / Monitor,73.5125,3,890.27,85.90347222222222,445.135,247.04210561625266,Low-cost digital nurture,0.5,7.411263168487579,6.911263168487579,Low-cost nurture communication and continued monitoring,0,1,338.0
17370,2011-09-01,United Kingdom,0.7431420625351904,84.03179190751445,High,6.033236994219653,Reactivate Efficiently,69.50694444444444,1,110.69999999999999,0.0,55.349999999999994,41.13291316132279,Automated targeted campaign,5.0,6.169936974198419,1.1699369741984187,Automated re-engagement with targeted product recommendations,0,0,
17372,2011-09-01,United Kingdom,0.26946084443353874,20.41184971098266,Low,52.384393063583815,Nurture / Monitor,66.4125,3,526.7,77.05069444444445,263.35,70.96251338157244,Low-cost digital nurture,0.5,2.128875401447173,1.6288754014471731,Low-cost nurture communication and continued monitoring,0,0,
17373,2011-09-01,United Kingdom,0.6004721662298117,61.09104046242775,Medium,11.199421965317919,Nurture / Monitor,34.28125,1,142.05,0.0,71.025,42.64853560647238,Low-cost digital nurture,0.5,1.2794560681941713,0.7794560681941713,Low-cost nurture communication and continued monitoring,0,0,
17374,2011-09-01,United Kingdom,0.549838761033273,52.5650289017341,Medium,31.75578034682081,Nurture / Monitor,118.62152777777777,1,303.82,0.0,151.91,83.5260061885645,Low-cost digital nurture,0.5,2.505780185656935,2.005780185656935,Low-cost nurture communication and continued monitoring,1,0,
17375,2011-09-01,United Kingdom,0.4624703438400717,39.70375722543353,Low,7.044797687861272,Nurture / Monitor,99.34375,1,113.73,0.0,56.865,26.298376102465678,Low-cost digital nurture,0.5,0.7889512830739703,0.28895128307397033,Low-cost nurture communication and continued monitoring,1,0,
17377,2011-09-01,United Kingdom,0.0506571800879432,4.588150289017341,Low,69.50867052023122,Nurture / Monitor,26.34722222222222,4,906.51,148.23402777777778,453.255,22.960620160760694,Low-cost digital nurture,0.5,0.6888186048228208,0.18881860482282076,Low-cost nurture communication and continued monitoring,0,0,
17381,2011-09-01,United Kingdom,0.016891224268849498,2.1315028901734103,Low,98.6271676300578,Protect High Value,19.439583333333335,15,9696.19,158.06597222222223,4848.095,81.89025992168791,VIP or loyalty service,12.0,6.551220793735033,-5.448779206264967,Proactive loyalty or VIP service without aggressive discounting,0,0,
17384,2011-09-01,United Kingdom,0.8475145739452362,96.3150289017341,Critical,22.940751445086704,Reactivate Efficiently,119.32847222222222,1,227.65,0.0,113.825,96.46834637931651,Automated targeted campaign,5.0,14.470251956897476,9.470251956897476,Automated re-engagement with targeted product recommendations,0,0,
17386,2011-09-01,United Kingdom,0.6306523140174636,66.90751445086705,Medium,82.83959537572254,Protect High Value,13.484027777777778,3,1541.4,52.00833333333333,770.7,486.04373841325923,VIP or loyalty service,12.0,38.88349907306074,26.88349907306074,Proactive loyalty or VIP service without aggressive discounting,0,0,
17388,2011-09-01,United Kingdom,0.48619648002922233,43.24421965317919,Low,54.949421965317924,Nurture / Monitor,31.476388888888888,2,571.4300000000001,79.95347222222222,285.71500000000003,138.91362729154926,Low-cost digital nurture,0.5,4.167408818746478,3.6674088187464777,Low-cost nurture communication and continued monitoring,0,1,758.0
17389,2011-09-01,United Kingdom,0.0023606882733016063,1.0115606936416186,Low,98.41040462427746,Protect High Value,21.38125,18,8013.86,155.08333333333334,4006.93,9.459112662940404,VIP or loyalty service,12.0,0.7567290130352323,-11.243270986964768,Proactive loyalty or VIP service without aggressive discounting,0,0,
17391,2011-09-01,United Kingdom,0.7021555331628079,78.28757225433526,Medium,51.40895953757225,Nurture / Monitor,63.584722222222226,2,508.8,0.9006944444444445,254.4,178.62836763661832,Low-cost digital nurture,0.5,5.35885102909855,4.85885102909855,Low-cost nurture communication and continued monitoring,1,1,526.0
17394,2011-09-01,United Kingdom,0.815051686631324,94.21965317919076,Critical,19.72543352601156,Reactivate Efficiently,119.44305555555556,1,203.86999999999998,0.0,101.93499999999999,83.082293676764,Automated targeted campaign,5.0,12.462344051514599,7.462344051514599,Automated re-engagement with targeted product recommendations,1,0,
17396,2011-09-01,United Kingdom,0.6187596338227976,64.59537572254335,Medium,96.13439306358381,Protect High Value,48.56875,4,4386.299999999999,0.0006944444444444445,2193.1499999999996,1357.0326909184685,VIP or loyalty service,12.0,108.56261527347748,96.56261527347748,Proactive loyalty or VIP service without aggressive discounting,0,1,12.0
17398,2011-09-01,United Kingdom,0.42912530561944967,35.332369942196536,Low,59.53757225433526,Nurture / Monitor,14.591666666666667,3,653.38,140.86388888888888,326.69,140.19094609281802,Low-cost digital nurture,0.5,4.205728382784541,3.7057283827845406,Low-cost nurture communication and continued monitoring,1,1,749.0
17400,2011-09-01,United Kingdom,0.34061721958798524,25.83092485549133,Low,84.82658959537572,Protect High Value,26.34861111111111,4,1673.67,127.92013888888889,836.835,285.04041095391165,VIP or loyalty service,12.0,22.803232876312933,10.803232876312933,Proactive loyalty or VIP service without aggressive discounting,1,0,
17402,2011-09-01,United Kingdom,0.14037953805889175,11.127167630057803,Low,76.48121387283237,Nurture / Monitor,1.4777777777777779,5,1160.58,131.89444444444445,580.29,81.46084214019429,Low-cost digital nurture,0.5,2.4438252642058287,1.9438252642058287,Low-cost nurture communication and continued monitoring,0,0,
17404,2011-09-01,Sweden,0.06962976311706287,6.141618497109826,Low,99.13294797687861,Protect High Value,27.552083333333332,6,14121.24,147.03680555555556,7060.62,491.62929805959647,VIP or loyalty service,12.0,39.33034384476772,27.330343844767718,Proactive loyalty or VIP service without aggressive discounting,0,0,
17405,2011-09-01,United Kingdom,0.6853504445004596,75.54190751445087,Medium,43.24421965317919,Nurture / Monitor,50.40486111111111,1,393.31,0.0,196.655,134.77759166323787,Low-cost digital nurture,0.5,4.043327749897136,3.543327749897136,Low-cost nurture communication and continued monitoring,0,1,788.0
17408,2011-09-01,United Kingdom,0.8400764742633708,95.98988439306359,Critical,0.8309248554913294,Reactivate Efficiently,63.46319444444445,1,32.65,0.0,16.325,13.714248442349529,Automated targeted campaign,5.0,2.0571372663524294,-2.9428627336475706,Automated re-engagement with targeted product recommendations,1,0,
17409,2011-09-01,United Kingdom,0.4011994637553242,31.9364161849711,Low,64.5592485549133,Nurture / Monitor,84.55833333333334,2,771.85,63.74583333333333,385.925,154.8329030497735,Low-cost digital nurture,0.5,4.644987091493205,4.144987091493205,Low-cost nurture communication and continued monitoring,1,1,649.0
17410,2011-09-01,United Kingdom,0.7659894490357652,87.57225433526011,High,31.39450867052023,Reactivate Efficiently,115.36041666666667,1,302.4,0.0,151.2,115.81760469420769,Automated targeted campaign,5.0,17.372640704131154,12.372640704131154,Automated re-engagement with targeted product recommendations,0,1,245.0
17411,2011-09-01,United Kingdom,0.8299106754356227,95.48410404624278,Critical,29.010115606936417,Reactivate Efficiently,161.42777777777778,1,285.58,0.0,142.79,118.50294534545256,Automated targeted campaign,5.0,17.775441801817884,12.775441801817884,Automated re-engagement with targeted product recommendations,0,1,230.0
17412,2011-09-01,United Kingdom,0.4886789511242667,43.56936416184971,Low,8.164739884393063,Nurture / Monitor,96.37847222222223,1,120.7,0.0,60.35,29.491774700349495,Low-cost digital nurture,0.5,0.8847532410104848,0.3847532410104848,Low-cost nurture communication and continued monitoring,0,0,
17414,2011-09-01,United Kingdom,0.6695378405710962,73.15751445086705,Medium,56.394508670520224,Nurture / Monitor,84.51180555555555,1,598.0,0.0,299.0,200.19181433075778,Low-cost digital nurture,0.5,6.0057544299227335,5.5057544299227335,Low-cost nurture communication and continued monitoring,0,1,451.0
17416,2011-09-01,United Kingdom,0.1545457220262135,12.066473988439306,Low,94.07514450867052,Protect High Value,9.604166666666666,4,3179.7799999999997,94.03402777777778,1589.8899999999999,245.71069799225657,VIP or loyalty service,12.0,19.656855839380526,7.656855839380526,Proactive loyalty or VIP service without aggressive discounting,0,0,
17419,2011-09-01,United Kingdom,0.22206830026700794,16.835260115606935,Low,84.21242774566474,Protect High Value,43.47291666666667,4,1622.53,133.03819444444446,811.265,180.1562396161142,VIP or loyalty service,12.0,14.412499169289136,2.412499169289136,Proactive loyalty or VIP service without aggressive discounting,0,0,
17420,2011-09-01,United Kingdom,0.6423815537046594,68.71387283236994,Medium,26.589595375722542,Nurture / Monitor,71.37013888888889,1,260.66,0.0,130.33,83.72158789432827,Low-cost digital nurture,0.5,2.511647636829848,2.011647636829848,Low-cost nurture communication and continued monitoring,0,0,
17422,2011-09-01,United Kingdom,0.23043895547005278,17.449421965317917,Low,71.49566473988439,Nurture / Monitor,42.577777777777776,3,974.9300000000001,77.97152777777778,487.46500000000003,112.33092542820928,Low-cost digital nurture,0.5,3.3699277628462783,2.8699277628462783,Low-cost nurture communication and continued monitoring,0,1,963.0
17423,2011-09-01,United Kingdom,0.7162063216570552,80.27456647398844,High,47.687861271676304,Reactivate Efficiently,117.61527777777778,1,449.42,0.0,224.71,160.9387225395569,Automated targeted campaign,5.0,24.14080838093353,19.14080838093353,Automated re-engagement with targeted product recommendations,0,1,142.0
17426,2011-09-01,United Kingdom,0.6063842415366499,62.31936416184971,Medium,89.0534682080925,Protect High Value,75.47847222222222,2,2085.35,0.0006944444444444445,1042.675,632.2616890442265,VIP or loyalty service,12.0,50.58093512353812,38.58093512353812,Proactive loyalty or VIP service without aggressive discounting,0,1,73.0
17428,2011-09-01,United Kingdom,0.015753656011044424,2.0953757225433525,Low,98.26589595375722,Protect High Value,10.474305555555556,14,7550.97,167.98541666666668,3775.485,59.47769196485806,VIP or loyalty service,12.0,4.758215357188645,-7.241784642811355,Proactive loyalty or VIP service without aggressive discounting,0,0,
17429,2011-09-01,United Kingdom,0.4139873417812901,33.20086705202312,Low,52.23988439306358,Nurture / Monitor,28.443055555555556,3,524.9200000000001,90.1451388888889,262.46000000000004,108.65511772391741,Low-cost digital nurture,0.5,3.259653531717522,2.759653531717522,Low-cost nurture communication and continued monitoring,1,1,1014.0
17436,2011-09-01,United Kingdom,0.6598565529207017,71.27890173410405,Medium,8.417630057803468,Nurture / Monitor,126.51875,1,122.39999999999999,0.0,61.199999999999996,40.38322103874694,Low-cost digital nurture,0.5,1.211496631162408,0.711496631162408,Low-cost nurture communication and continued monitoring,1,0,
17438,2011-09-01,United Kingdom,0.5904198480934747,59.57369942196532,Medium,42.8106936416185,Nurture / Monitor,153.56527777777777,1,388.45000000000005,0.0,194.22500000000002,114.67429499595514,Low-cost digital nurture,0.5,3.440228849878654,2.940228849878654,Low-cost nurture communication and continued monitoring,1,1,936.0
17440,2011-09-01,United Kingdom,0.7436538860784111,84.14017341040463,High,17.810693641618496,Reactivate Efficiently,56.50416666666667,3,186.42,90.99236111111111,93.21,69.3159787213687,Automated targeted campaign,5.0,10.397396808205304,5.397396808205304,Automated re-engagement with targeted product recommendations,1,0,
17442,2011-09-01,United Kingdom,0.24508596298589178,18.42485549132948,Low,76.26445086705202,Nurture / Monitor,21.48263888888889,3,1149.6200000000001,98.99305555555556,574.8100000000001,140.87786238392047,Low-cost digital nurture,0.5,4.226335871517614,3.7263358715176143,Low-cost nurture communication and continued monitoring,0,1,747.0
17443,2011-09-01,Canada,0.885307502022512,98.22976878612717,Critical,52.9985549132948,Reactivate Efficiently,119.55069444444445,1,534.24,0.0,267.12,236.4833399402534,Automated targeted campaign,5.0,35.472500991038004,30.472500991038004,Automated re-engagement with targeted product recommendations,1,1,99.0
17444,2011-09-01,Canada,0.5961305599121288,60.58526011560693,Medium,91.40173410404624,Protect High Value,51.56041666666667,2,2389.1000000000004,21.061805555555555,1194.5500000000002,712.1077603430336,VIP or loyalty service,12.0,56.96862082744269,44.96862082744269,Proactive loyalty or VIP service without aggressive discounting,1,1,51.0
17446,2011-09-01,United Kingdom,0.6812962238916874,74.96387283236994,Medium,1.625722543352601,Nurture / Monitor,76.55416666666666,1,52.800000000000004,0.0,26.400000000000002,17.98622031074055,Low-cost digital nurture,0.5,0.5395866093222165,0.03958660932221647,Low-cost nurture communication and continued monitoring,1,0,
17449,2011-09-01,United Kingdom,0.4995675123347243,45.3757225433526,Low,30.346820809248555,Nurture / Monitor,134.37708333333333,1,297.09000000000003,0.0,148.54500000000002,74.20825611976163,Low-cost digital nurture,0.5,2.226247683592849,1.7262476835928489,Low-cost nurture communication and continued monitoring,0,0,
17450,2011-09-01,United Kingdom,0.001036373635811417,0.7586705202312138,Low,99.92774566473989,Protect High Value,8.55,17,64961.299999999996,166.99305555555554,32480.649999999998,33.6620893340181,VIP or loyalty service,12.0,2.6929671467214478,-9.307032853278553,Proactive loyalty or VIP service without aggressive discounting,0,0,
17451,2011-09-01,United Kingdom,0.628582723854123,66.51011560693641,Medium,38.619942196531795,Nurture / Monitor,5.504166666666666,1,346.01,0.0,173.005,108.74795414038253,Low-cost digital nurture,0.5,3.262438624211476,2.762438624211476,Low-cost nurture communication and continued monitoring,0,1,1013.0
17454,2011-09-01,United Kingdom,0.4113551285894708,32.73121387283237,Low,22.21820809248555,Nurture / Monitor,92.41805555555555,2,219.43,41.110416666666666,109.715,45.13182793319379,Low-cost digital nurture,0.5,1.3539548379958137,0.8539548379958137,Low-cost nurture communication and continued monitoring,1,0,
17455,2011-09-01,United Kingdom,0.7649342168829553,87.39161849710982,High,9.429190751445086,Reactivate Efficiently,103.47847222222222,1,131.7,0.0,65.85,50.3709181817426,Automated targeted campaign,5.0,7.55563772726139,2.5556377272613897,Automated re-engagement with targeted product recommendations,1,0,
17457,2011-09-01,United Kingdom,0.3063660571773044,23.410404624277454,Low,72.9407514450867,Nurture / Monitor,26.466666666666665,3,1020.64,125.9888888888889,510.32,156.34472629872198,Low-cost digital nurture,0.5,4.69034178896166,4.19034178896166,Low-cost nurture communication and continued monitoring,1,1,640.0
17460,2011-09-01,United Kingdom,0.45946610262332566,39.08959537572254,Low,26.372832369942195,Nurture / Monitor,125.54583333333333,2,258.78,42.78194444444444,129.39,59.4503190184321,Low-cost digital nurture,0.5,1.7835095705529629,1.2835095705529629,Low-cost nurture communication and continued monitoring,0,0,
17463,2011-09-01,United Kingdom,0.5313397847625342,50.03612716763006,Medium,53.21531791907515,Nurture / Monitor,76.36805555555556,2,536.13,57.111111111111114,268.065,142.4335994023687,Low-cost digital nurture,0.5,4.273007982071062,3.7730079820710616,Low-cost nurture communication and continued monitoring,0,1,732.0
17464,2011-09-01,United Kingdom,0.8173261860874919,94.61705202312139,Critical,29.47976878612717,Reactivate Efficiently,58.44513888888889,1,289.96000000000004,0.0,144.98000000000002,118.49595045896459,Automated targeted campaign,5.0,17.774392568844686,12.774392568844686,Automated re-engagement with targeted product recommendations,1,1,231.0
17469,2011-09-01,United Kingdom,0.22530668707069018,17.1242774566474,Low,73.77167630057804,Nurture / Monitor,8.629166666666666,3,1050.27,95.99930555555555,525.135,118.31642711486688,Low-cost digital nurture,0.5,3.5494928134460064,3.0494928134460064,Low-cost nurture communication and continued monitoring,0,1,903.0
17470,2011-09-01,United Kingdom,0.35139931160935545,27.131502890173408,Low,58.634393063583815,Nurture / Monitor,27.447916666666668,3,638.0699999999999,120.94236111111111,319.03499999999997,112.1086793792907,Low-cost digital nurture,0.5,3.363260381378721,2.863260381378721,Low-cost nurture communication and continued monitoring,0,1,968.0
17472,2011-09-01,United Kingdom,0.6479857780809858,69.47254335260115,Medium,26.40895953757225,Nurture / Monitor,91.37708333333333,1,259.27,0.0,129.635,84.00163634152858,Low-cost digital nurture,0.5,2.520049090245857,2.020049090245857,Low-cost nurture communication and continued monitoring,1,0,
17483,2011-09-01,United Kingdom,0.6487299491369715,69.54479768786128,Medium,27.96242774566474,Nurture / Monitor,34.26875,2,274.74,48.91180555555555,137.37,89.11603311294577,Low-cost digital nurture,0.5,2.673480993388373,2.173480993388373,Low-cost nurture communication and continued monitoring,0,1,1216.0
17486,2011-09-01,United Kingdom,0.786208264460849,90.42630057803468,Critical,43.67774566473989,Reactivate Efficiently,161.41666666666666,1,396.87,0.0,198.435,156.01123695828858,Automated targeted campaign,5.0,23.401685543743287,18.401685543743287,Automated re-engagement with targeted product recommendations,1,1,151.0
17489,2011-09-01,United Kingdom,0.7621196592287328,87.10260115606935,High,20.592485549132945,Reactivate Efficiently,112.51805555555555,1,208.56,0.0,104.28,79.47383806437226,Automated targeted campaign,5.0,11.921075709655838,6.921075709655838,Automated re-engagement with targeted product recommendations,0,0,
17490,2011-09-01,United Kingdom,0.5924162410982261,59.898843930635834,Medium,32.11705202312139,Nurture / Monitor,76.61458333333333,1,305.2,0.0,152.6,90.4027183915893,Low-cost digital nurture,0.5,2.712081551747679,2.212081551747679,Low-cost nurture communication and continued monitoring,0,1,1203.0
17491,2011-09-01,United Kingdom,0.2169046670033323,16.582369942196532,Low,73.04913294797689,Nurture / Monitor,33.37361111111111,3,1027.3899999999999,127.21666666666667,513.6949999999999,111.42284291627678,Low-cost digital nurture,0.5,3.3426852874883033,2.8426852874883033,Low-cost nurture communication and continued monitoring,0,1,980.0
17492,2011-09-01,United Kingdom,0.7319289136997842,82.55057803468208,High,41.65462427745665,Reactivate Efficiently,148.36041666666668,1,374.57,0.0,187.285,137.07930660226407,Automated targeted campaign,5.0,20.56189599033961,15.561895990339611,Automated re-engagement with targeted product recommendations,1,1,172.0
17501,2011-09-01,United Kingdom,0.7861761438065107,90.39017341040463,Critical,29.29913294797688,Reactivate Efficiently,120.59236111111112,2,288.6,0.0006944444444444445,144.3,113.4452175512795,Automated targeted campaign,5.0,17.016782632691925,12.016782632691925,Automated re-engagement with targeted product recommendations,1,0,
17504,2011-09-01,United Kingdom,0.2888219637837352,21.929190751445088,Low,90.35404624277457,Protect High Value,106.45902777777778,7,2209.6,61.918055555555554,1104.8,319.0905055882706,VIP or loyalty service,12.0,25.52724044706165,13.52724044706165,Proactive loyalty or VIP service without aggressive discounting,1,0,
17505,2011-09-01,United Kingdom,0.6169172244242201,64.27023121387283,Medium,76.11994219653178,Nurture / Monitor,61.46527777777778,2,1145.8400000000001,44.15902777777778,572.9200000000001,353.4442162171243,Low-cost digital nurture,0.5,10.603326486513728,10.103326486513728,Low-cost nurture communication and continued monitoring,1,1,260.0
17507,2011-09-01,United Kingdom,0.6554310287289047,70.59248554913295,Medium,26.95086705202312,Nurture / Monitor,161.50833333333333,1,265.02,0.0,132.51,86.85116561686715,Low-cost digital nurture,0.5,2.6055349685060145,2.1055349685060145,Low-cost nurture communication and continued monitoring,1,1,1249.0
17511,2011-09-01,United Kingdom,0.0003205345793834049,0.6502890173410405,Low,99.71098265895954,Protect High Value,14.53888888888889,14,37818.61,153.95277777777778,18909.305,6.061086124607515,VIP or loyalty service,12.0,0.4848868899686012,-11.515113110031399,Proactive loyalty or VIP service without aggressive discounting,0,0,
17512,2011-09-01,United Kingdom,0.16182477517587704,12.572254335260116,Low,77.8179190751445,Nurture / Monitor,21.37847222222222,5,1240.69,139.23194444444445,620.345,100.38719015647945,Low-cost digital nurture,0.5,3.0116157046943832,2.5116157046943832,Low-cost nurture communication and continued monitoring,0,1,1095.0
17514,2011-09-01,United Kingdom,0.9194778035143005,99.56647398843931,Critical,20.664739884393065,Reactivate Efficiently,28.34375,1,208.65,0.0,104.325,95.92452185162941,Automated targeted campaign,5.0,14.388678277744411,9.388678277744411,Automated re-engagement with targeted product recommendations,1,0,
17515,2011-09-01,United Kingdom,0.5004590391027763,45.48410404624278,Low,38.1864161849711,Nurture / Monitor,106.41458333333334,2,339.89,61.94722222222222,169.945,85.05051140032133,Low-cost digital nurture,0.5,2.55151534200964,2.05151534200964,Low-cost nurture communication and continued monitoring,0,0,
17516,2011-09-01,United Kingdom,0.46079866641184236,39.27023121387283,Low,28.35982658959538,Nurture / Monitor,19.381944444444443,2,281.02,98.05902777777777,140.51,64.74682061752796,Low-cost digital nurture,0.5,1.9424046185258388,1.4424046185258388,Low-cost nurture communication and continued monitoring,0,0,
17519,2011-09-01,United Kingdom,0.17177545882971035,13.041907514450868,Low,76.30057803468208,Nurture / Monitor,33.49375,4,1152.7,127.92361111111111,576.35,99.00278569650357,Low-cost digital nurture,0.5,2.970083570895107,2.470083570895107,Low-cost nurture communication and continued monitoring,0,1,1109.0
17521,2011-09-01,United Kingdom,0.662517995428601,71.96531791907515,Medium,13.98121387283237,Nurture / Monitor,99.36527777777778,1,159.56,0.0,79.78,52.85568567529379,Low-cost digital nurture,0.5,1.5856705702588136,1.0856705702588136,Low-cost nurture communication and continued monitoring,0,0,
17522,2011-09-01,United Kingdom,0.2902934628829145,22.07369942196532,Low,69.58092485549133,Nurture / Monitor,38.47986111111111,4,907.69,79.83194444444445,453.845,131.74823666209636,Low-cost digital nurture,0.5,3.9524470998628907,3.4524470998628907,Low-cost nurture communication and continued monitoring,1,1,804.0
17527,2011-09-01,United Kingdom,0.580946310579856,57.98410404624278,Medium,56.71965317919076,Nurture / Monitor,9.572916666666666,2,606.62,108.85555555555555,303.31,176.20682546197614,Low-cost digital nurture,0.5,5.286204763859284,4.786204763859284,Low-cost nurture communication and continued monitoring,0,1,541.0
17530,2011-09-01,United Kingdom,0.5067690907206555,46.38728323699422,Low,62.066473988439306,Nurture / Monitor,106.3,4,719.93,26.965972222222224,359.965,182.41913574126073,Low-cost digital nurture,0.5,5.472574072237822,4.972574072237822,Low-cost nurture communication and continued monitoring,0,1,512.0
17531,2011-09-01,United Kingdom,0.7832284633581387,89.84826589595376,High,30.20231213872832,Reactivate Efficiently,90.19652777777777,1,296.7,0.0,148.35,116.19194253917986,Automated targeted campaign,5.0,17.42879138087698,12.42879138087698,Automated re-engagement with targeted product recommendations,1,1,243.0
17536,2011-09-01,United Kingdom,0.7233037002157366,81.46676300578035,High,3.0527456647398843,Reactivate Efficiently,77.44236111111111,1,76.5,0.0,38.25,27.666366533251928,Automated targeted campaign,5.0,4.149954979987789,-0.8500450200122112,Automated re-engagement with targeted product recommendations,1,0,
17542,2011-09-01,United Kingdom,0.8678707930092505,97.47109826589595,Critical,15.570809248554912,Reactivate Efficiently,169.51041666666666,1,170.75,0.0,85.375,74.09446895316476,Automated targeted campaign,5.0,11.114170342974715,6.114170342974715,Automated re-engagement with targeted product recommendations,1,0,
17548,2011-09-01,United Kingdom,0.6677128121628303,72.6878612716763,Medium,5.27456647398844,Nurture / Monitor,133.49930555555557,1,103.3,0.0,51.65,34.487366748210185,Low-cost digital nurture,0.5,1.0346210024463056,0.5346210024463056,Low-cost nurture communication and continued monitoring,1,0,
17550,2011-09-01,United Kingdom,0.4936581655044482,44.25578034682081,Low,27.167630057803464,Nurture / Monitor,97.41041666666666,3,267.15999999999997,45.951388888888886,133.57999999999998,65.94285774808418,Low-cost digital nurture,0.5,1.9782857324425254,1.4782857324425254,Low-cost nurture communication and continued monitoring,1,0,
17553,2011-09-01,United Kingdom,0.7246265590881866,81.64739884393065,High,82.00867052023122,Rescue Now,29.583333333333332,1,1487.6,0.0,743.8,538.9772346497932,Personal outreach,50.0,134.7443086624483,84.7443086624483,"Priority personal outreach, tailored incentive, and rapid follow-up",1,1,14.0
17554,2011-09-01,United Kingdom,0.4472448980557555,37.35549132947977,Low,78.03468208092485,Nurture / Monitor,22.572222222222223,2,1249.8899999999999,25.59375,624.9449999999999,279.5034628154541,Low-cost digital nurture,0.5,8.385103884463623,7.885103884463623,Low-cost nurture communication and continued monitoring,0,1,296.0
17556,2011-09-01,United Kingdom,0.7540198064538224,85.9465317919075,High,13.728323699421965,Reactivate Efficiently,105.55,1,157.9,0.0,78.95,59.52986371952928,Automated targeted campaign,5.0,8.929479557929392,3.929479557929392,Automated re-engagement with targeted product recommendations,1,0,
17560,2011-09-01,United Kingdom,0.4638222596346045,39.956647398843934,Low,53.57658959537572,Nurture / Monitor,55.37083333333333,2,543.73,48.91180555555555,271.865,126.09703861556176,Low-cost digital nurture,0.5,3.7829111584668524,3.2829111584668524,Low-cost nurture communication and continued monitoring,0,1,847.0
17562,2011-09-01,United Kingdom,0.21414170381347086,16.365606936416185,Low,59.898843930635834,Nurture / Monitor,9.488888888888889,4,661.1,63.96527777777778,330.55,70.7845401955428,Low-cost digital nurture,0.5,2.123536205866284,1.623536205866284,Low-cost nurture communication and continued monitoring,0,0,
17567,2011-09-01,United Kingdom,0.38827502917312884,30.852601156069365,Low,67.48554913294798,Nurture / Monitor,49.28958333333333,2,856.8699999999999,84.15833333333333,428.43499999999995,166.35061212378943,Low-cost digital nurture,0.5,4.990518363713683,4.490518363713683,Low-cost nurture communication and continued monitoring,0,1,586.0
17571,2011-09-01,United Kingdom,0.6229807995244043,65.3179190751445,Medium,28.179190751445088,Nurture / Monitor,45.481944444444444,2,276.85,132.02916666666667,138.425,86.23611717416567,Low-cost digital nurture,0.5,2.58708351522497,2.08708351522497,Low-cost nurture communication and continued monitoring,0,0,
17572,2011-09-01,United Kingdom,0.6478718129732874,69.4364161849711,Medium,3.2875722543352603,Nurture / Monitor,138.49305555555554,1,81.4,0.0,40.7,26.368382788012802,Low-cost digital nurture,0.5,0.791051483640384,0.291051483640384,Low-cost nurture communication and continued monitoring,0,0,
17574,2011-09-01,United Kingdom,0.7968694430810854,91.83526011560693,Critical,17.702312138728324,Reactivate Efficiently,142.5923611111111,1,185.65,0.0,92.825,73.96940605400175,Automated targeted campaign,5.0,11.095410908100263,6.095410908100263,Automated re-engagement with targeted product recommendations,1,0,
17576,2011-09-01,United Kingdom,0.03544742967297228,3.3598265895953756,Low,80.78034682080924,Protect High Value,6.170138888888889,7,1420.31,156.12152777777777,710.155,25.17316941940963,VIP or loyalty service,12.0,2.0138535535527704,-9.98614644644723,Proactive loyalty or VIP service without aggressive discounting,0,0,
17578,2011-09-01,United Kingdom,0.6787078015509916,74.56647398843931,Medium,11.66907514450867,Nurture / Monitor,118.22361111111111,1,143.45999999999998,0.0,71.72999999999999,48.68371060525262,Low-cost digital nurture,0.5,1.4605113181575786,0.9605113181575786,Low-cost nurture communication and continued monitoring,1,0,
17579,2011-09-01,United Kingdom,0.8147083808848186,94.18352601156069,Critical,27.63728323699422,Reactivate Efficiently,37.59027777777778,2,270.86,41.81805555555555,135.43,110.33595602323098,Automated targeted campaign,5.0,16.550393403484644,11.550393403484644,Automated re-engagement with targeted product recommendations,1,0,
17580,2011-09-01,United Kingdom,0.6644917927132309,72.25433526011561,Medium,1.2283236994219653,Nurture / Monitor,152.47152777777777,1,47.7,0.0,23.85,15.848129256210557,Low-cost digital nurture,0.5,0.4754438776863167,-0.024556122313683315,Low-cost nurture communication and continued monitoring,1,0,
17581,2011-09-01,United Kingdom,0.08450121294486268,7.189306358381503,Low,96.20664739884393,Protect High Value,9.577083333333333,11,4457.31,103.93125,2228.655,188.32405073563297,VIP or loyalty service,12.0,15.065924058850637,3.065924058850637,Proactive loyalty or VIP service without aggressive discounting,0,0,
17582,2011-09-01,United Kingdom,0.589093532495042,59.35693641618497,Medium,16.257225433526013,Nurture / Monitor,136.44583333333333,1,175.27,0.0,87.635,51.62521172020301,Low-cost digital nurture,0.5,1.5487563516060903,1.0487563516060903,Low-cost nurture communication and continued monitoring,1,0,
17584,2011-09-01,United Kingdom,0.5562398188807841,53.6849710982659,Medium,63.33092485549133,Nurture / Monitor,27.408333333333335,1,749.45,0.0,374.725,208.43696613010184,Low-cost digital nurture,0.5,6.253108983903055,5.753108983903055,Low-cost nurture communication and continued monitoring,1,1,432.0
17585,2011-09-01,United Kingdom,0.26046494161015354,19.40028901734104,Low,61.307803468208085,Nurture / Monitor,9.4375,3,698.87,153.8736111111111,349.435,91.01556687154401,Low-cost digital nurture,0.5,2.7304670061463203,2.2304670061463203,Low-cost nurture communication and continued monitoring,1,1,1193.0
17588,2011-09-01,United Kingdom,0.3241644000328134,24.67485549132948,Low,77.78179190751445,Nurture / Monitor,0.4326388888888889,3,1240.2,132.12916666666666,620.1,201.0143444603476,Low-cost digital nurture,0.5,6.030430333810427,5.530430333810427,Low-cost nurture communication and continued monitoring,1,1,448.0
17589,2011-09-01,United Kingdom,0.2329632842484718,17.593930635838152,Low,86.84971098265896,Protect High Value,51.28680555555555,3,1843.07,89.13888888888889,921.535,214.68382014991545,VIP or loyalty service,12.0,17.174705611993236,5.174705611993236,Proactive loyalty or VIP service without aggressive discounting,0,0,
17591,2011-09-01,United Kingdom,0.470661975445979,40.85982658959538,Low,72.1820809248555,Nurture / Monitor,22.461805555555557,3,995.46,144.85555555555555,497.73,234.26258503872714,Low-cost digital nurture,0.5,7.027877551161814,6.527877551161814,Low-cost nurture communication and continued monitoring,0,1,361.0
17593,2011-09-01,United Kingdom,0.34083193944615153,25.903179190751445,Low,83.85115606936417,Protect High Value,44.56388888888889,2,1597.1399999999999,21.863194444444446,798.5699999999999,272.1781618835132,VIP or loyalty service,12.0,21.774252950681056,9.774252950681056,Proactive loyalty or VIP service without aggressive discounting,0,0,
17594,2011-09-01,United Kingdom,0.6253901171680223,65.85982658959537,Medium,34.46531791907515,Nurture / Monitor,154.5611111111111,1,315.0,0.0,157.5,98.4989434539635,Low-cost digital nurture,0.5,2.954968303618905,2.454968303618905,Low-cost nurture communication and continued monitoring,0,1,1117.0
17596,2011-09-01,United Kingdom,0.27649351319744186,20.845375722543352,Low,79.62427745664739,Nurture / Monitor,36.42638888888889,3,1346.1100000000001,112.0826388888889,673.0550000000001,186.09534152510426,Low-cost digital nurture,0.5,5.582860245753127,5.082860245753127,Low-cost nurture communication and continued monitoring,0,1,493.0
17597,2011-09-01,United Kingdom,0.5600810244381971,54.66040462427746,Medium,88.58381502890174,Protect High Value,113.50416666666666,1,2044.3700000000001,0.0,1022.1850000000001,572.5064219653585,VIP or loyalty service,12.0,45.800513757228686,33.800513757228686,Proactive loyalty or VIP service without aggressive discounting,1,1,86.0
17601,2011-09-01,United Kingdom,0.7155883004448644,80.20231213872833,High,7.478323699421965,Reactivate Efficiently,139.2486111111111,1,116.00999999999999,0.0,58.004999999999995,41.50769936730436,Automated targeted campaign,5.0,6.226154905095654,1.2261549050956537,Automated re-engagement with targeted product recommendations,1,0,
17602,2011-09-01,United Kingdom,0.3980076721153385,31.75578034682081,Low,11.416184971098266,Nurture / Monitor,24.33888888888889,1,142.5,0.0,71.25,28.358046638217868,Low-cost digital nurture,0.5,0.850741399146536,0.350741399146536,Low-cost nurture communication and continued monitoring,0,0,
17604,2011-09-01,United Kingdom,0.49437955027463515,44.36416184971098,Low,15.93208092485549,Nurture / Monitor,117.42847222222223,1,173.12,0.0,86.56,42.79349387177242,Low-cost digital nurture,0.5,1.2838048161531725,0.7838048161531725,Low-cost nurture communication and continued monitoring,1,0,
17611,2011-09-01,United Kingdom,0.06987580178167088,6.213872832369942,Low,84.57369942196532,Protect High Value,23.547916666666666,6,1647.98,147.80972222222223,823.99,57.57696191007899,VIP or loyalty service,12.0,4.6061569528063195,-7.3938430471936805,Proactive loyalty or VIP service without aggressive discounting,0,0,
17612,2011-09-01,United Kingdom,0.21060355066044473,16.040462427745663,Low,73.33815028901735,Nurture / Monitor,12.543055555555556,3,1033.41,101.94722222222222,516.705,108.8199076440051,Low-cost digital nurture,0.5,3.264597229320153,2.764597229320153,Low-cost nurture communication and continued monitoring,0,1,1012.0
17613,2011-09-01,United Kingdom,0.14846955804013465,11.705202312138727,Low,88.98121387283237,Protect High Value,17.494444444444444,7,2079.1800000000003,144.9951388888889,1039.5900000000001,154.3474678429436,VIP or loyalty service,12.0,12.347797427435488,0.3477974274354878,Proactive loyalty or VIP service without aggressive discounting,0,0,
17615,2011-09-01,United Kingdom,0.47732744517804726,41.90751445086705,Low,36.596820809248555,Nurture / Monitor,30.4125,3,329.6,91.93958333333333,164.8,78.6635629653422,Low-cost digital nurture,0.5,2.359906888960266,1.859906888960266,Low-cost nurture communication and continued monitoring,1,0,
17616,2011-09-01,United Kingdom,0.5686806540374788,56.03323699421965,Medium,24.85549132947977,Nurture / Monitor,73.57569444444445,2,244.79999999999998,81.02777777777777,122.39999999999999,69.6065120541874,Low-cost digital nurture,0.5,2.088195361625622,1.5881953616256221,Low-cost nurture communication and continued monitoring,1,0,
17618,2011-09-01,United Kingdom,0.5575990231115782,53.865606936416185,Medium,38.72832369942196,Nurture / Monitor,148.45347222222222,1,346.5,0.0,173.25,96.60403075408092,Low-cost digital nurture,0.5,2.898120922622428,2.398120922622428,Low-cost nurture communication and continued monitoring,1,1,1136.0
17624,2011-09-01,United Kingdom,0.7128107136767918,79.84104046242774,Medium,43.858381502890175,Nurture / Monitor,118.25069444444445,1,400.3,0.0,200.15,142.66906434240988,Low-cost digital nurture,0.5,4.280071930272296,3.780071930272296,Low-cost nurture communication and continued monitoring,0,1,731.0
17625,2011-09-01,United Kingdom,0.3768218454749262,29.804913294797686,Low,77.5650289017341,Nurture / Monitor,40.421527777777776,2,1227.13,117.06388888888888,613.565,231.2046956188231,Low-cost digital nurture,0.5,6.936140868564693,6.436140868564693,Low-cost nurture communication and continued monitoring,0,1,369.0
17629,2011-09-01,United Kingdom,0.23180567388061415,17.485549132947977,Low,54.33526011560693,Nurture / Monitor,20.405555555555555,4,559.73,130.11111111111111,279.865,64.87429492059809,Low-cost digital nurture,0.5,1.9462288476179426,1.4462288476179426,Low-cost nurture communication and continued monitoring,0,0,
17630,2011-09-01,United Kingdom,0.5677122339312182,55.70809248554913,Medium,51.192196531791915,Nurture / Monitor,69.50138888888888,2,503.6,62.91319444444444,251.8,142.94994050388075,Low-cost digital nurture,0.5,4.288498215116422,3.788498215116422,Low-cost nurture communication and continued monitoring,1,1,725.0
17631,2011-09-01,United Kingdom,0.5838232295479058,58.45375722543352,Medium,45.55635838150289,Nurture / Monitor,37.43263888888889,2,416.5,95.01041666666667,208.25,121.58118755335138,Low-cost digital nurture,0.5,3.6474356266005414,3.1474356266005414,Low-cost nurture communication and continued monitoring,1,1,878.0
17633,2011-09-01,United Kingdom,0.4927984841918372,44.111271676300575,Low,59.2485549132948,Nurture / Monitor,3.334722222222222,2,648.6099999999999,17.010416666666668,324.30499999999995,159.81701241583374,Low-cost digital nurture,0.5,4.794510372475012,4.294510372475012,Low-cost nurture communication and continued monitoring,0,1,623.0
17634,2011-09-01,United Kingdom,0.2609166282712527,19.472543352601157,Low,75.83092485549133,Nurture / Monitor,22.404166666666665,5,1131.63,155.04722222222222,565.815,147.63054202529887,Low-cost digital nurture,0.5,4.428916260758966,3.9289162607589656,Low-cost nurture communication and continued monitoring,0,1,685.0
17637,2011-09-01,United Kingdom,0.6584815350827361,70.91763005780348,Medium,37.915462427745666,Nurture / Monitor,15.440972222222221,1,338.95,0.0,169.475,111.5961581581467,Low-cost digital nurture,0.5,3.3478847447444005,2.8478847447444005,Low-cost nurture communication and continued monitoring,0,1,976.0
17639,2011-09-01,United Kingdom,0.6857898691623212,75.6864161849711,Medium,5.744219653179191,Nurture / Monitor,176.35972222222222,1,108.5,0.0,54.25,37.20410040205593,Low-cost digital nurture,0.5,1.1161230120616779,0.6161230120616779,Low-cost nurture communication and continued monitoring,1,0,
17642,2011-09-01,United Kingdom,0.5921580464855488,59.79046242774566,Medium,61.813583815028906,Nurture / Monitor,19.617361111111112,2,712.29,56.84444444444444,356.145,210.89412746559577,Low-cost digital nurture,0.5,6.326823823967873,5.826823823967873,Low-cost nurture communication and continued monitoring,1,1,422.0
17644,2011-09-01,United Kingdom,0.0899105014174403,7.658959537572255,Low,84.28468208092485,Protect High Value,20.37986111111111,7,1625.63,140.21458333333334,812.815,73.08060420961674,VIP or loyalty service,12.0,5.846448336769339,-6.153551663230661,Proactive loyalty or VIP service without aggressive discounting,0,0,
17646,2011-09-01,United Kingdom,0.43378818751352816,35.91040462427746,Low,44.90606936416185,Nurture / Monitor,119.44652777777777,1,411.54,0.0,205.77,89.2605953446587,Low-cost digital nurture,0.5,2.677817860339761,2.177817860339761,Low-cost nurture communication and continued monitoring,1,1,1214.0
17648,2011-09-01,United Kingdom,0.5424374551561861,51.517341040462426,Medium,75.03612716763006,Nurture / Monitor,92.52638888888889,3,1107.3899999999999,57.03680555555555,553.6949999999999,300.34490673270443,Low-cost digital nurture,0.5,9.010347201981132,8.510347201981132,Low-cost nurture communication and continued monitoring,0,1,282.0
17649,2011-09-01,United Kingdom,0.7217146043833302,81.14161849710982,High,67.95520231213872,Reactivate Efficiently,38.33819444444445,1,868.49,0.0,434.245,313.40095838043925,Automated targeted campaign,5.0,47.01014375706588,42.01014375706588,Automated re-engagement with targeted product recommendations,1,1,57.0
17651,2011-09-01,United Kingdom,0.5317492374760119,50.108381502890175,Medium,76.15606936416185,Nurture / Monitor,55.65138888888889,4,1148.01,21.68402777777778,574.005,305.2267210574182,Low-cost digital nurture,0.5,9.156801631722546,8.656801631722546,Low-cost nurture communication and continued monitoring,0,1,280.0
17652,2011-09-01,United Kingdom,0.182498855543339,13.619942196531792,Low,91.76300578034682,Protect High Value,44.41388888888889,5,2491.27,89.24791666666667,1245.635,227.32696192472707,VIP or loyalty service,12.0,18.186156953978166,6.186156953978166,Proactive loyalty or VIP service without aggressive discounting,0,0,
17653,2011-09-01,United Kingdom,0.7158567329391092,80.23843930635837,High,14.631502890173412,Reactivate Efficiently,20.358333333333334,1,163.24,0.0,81.62,58.4282265424901,Automated targeted campaign,5.0,8.764233981373515,3.764233981373515,Automated re-engagement with targeted product recommendations,0,0,
17654,2011-09-01,United Kingdom,0.8092728972593307,93.42485549132948,Critical,7.586705202312139,Reactivate Efficiently,177.4465277777778,1,117.55,0.0,58.775,47.56501453641716,Automated targeted campaign,5.0,7.1347521804625735,2.1347521804625735,Automated re-engagement with targeted product recommendations,1,0,
17655,2011-09-01,United Kingdom,0.40711295256146224,32.33381502890174,Low,56.755780346820806,Nurture / Monitor,16.500694444444445,2,606.63,93.82291666666667,303.315,123.48346520617991,Low-cost digital nurture,0.5,3.7045039561853974,3.2045039561853974,Low-cost nurture communication and continued monitoring,0,1,867.0
17656,2011-09-01,United Kingdom,0.2629269554876972,19.86994219653179,Low,70.26734104046243,Nurture / Monitor,6.441666666666666,3,927.65,22.110416666666666,463.825,121.95209512908114,Low-cost digital nurture,0.5,3.658562853872434,3.158562853872434,Low-cost nurture communication and continued monitoring,0,1,876.0
17658,2011-09-01,United Kingdom,0.770496759112468,88.33092485549133,High,34.68208092485549,Reactivate Efficiently,111.35902777777778,1,317.59999999999997,0.0,158.79999999999998,122.35488534705989,Automated targeted campaign,5.0,18.353232802058983,13.353232802058983,Automated re-engagement with targeted product recommendations,0,1,217.0
17659,2011-09-01,United Kingdom,0.1242781460022635,9.934971098265896,Low,76.878612716763,Nurture / Monitor,0.3659722222222222,6,1178.08,99.18819444444445,589.04,73.2047991211733,Low-cost digital nurture,0.5,2.196143973635199,1.6961439736351989,Low-cost nurture communication and continued monitoring,0,0,
17660,2011-09-01,United Kingdom,0.9510397274947168,99.92774566473989,Critical,16.76300578034682,Reactivate Efficiently,41.43263888888889,1,178.75,0.0,89.375,84.9991756448403,Automated targeted campaign,5.0,12.749876346726046,7.749876346726046,Automated re-engagement with targeted product recommendations,1,0,
17663,2011-09-01,United Kingdom,0.27767241595758707,21.026011560693643,Low,58.95953757225434,Nurture / Monitor,54.50555555555555,3,645.14,80.04375,322.57,89.56879121543886,Low-cost digital nurture,0.5,2.6870637364631658,2.1870637364631658,Low-cost nurture communication and continued monitoring,0,1,1208.0
17664,2011-09-01,United Kingdom,0.7040628741154774,78.64884393063583,Medium,35.802023121387286,Nurture / Monitor,112.40486111111112,1,326.19,0.0,163.095,114.82913445386379,Low-cost digital nurture,0.5,3.4448740336159136,2.9448740336159136,Low-cost nurture communication and continued monitoring,0,1,935.0
17667,2011-09-01,United Kingdom,0.4631762595333099,39.812138728323696,Low,66.22109826589595,Nurture / Monitor,61.59236111111111,3,822.96,49.770833333333336,411.48,190.58776727276634,Low-cost digital nurture,0.5,5.71763301818299,5.21763301818299,Low-cost nurture communication and continued monitoring,0,1,479.0
17669,2011-09-01,United Kingdom,0.27911764858989874,21.09826589595376,Low,91.47398843930635,Protect High Value,22.425,5,2433.2200000000003,127.15069444444444,1216.6100000000001,339.57732245095673,VIP or loyalty service,12.0,27.16618579607654,15.16618579607654,Proactive loyalty or VIP service without aggressive discounting,0,0,
17670,2011-09-01,United Kingdom,0.7800204266923927,89.48699421965318,High,19.978323699421967,Reactivate Efficiently,127.61666666666666,1,205.7,0.0,102.85,80.22510088531259,Automated targeted campaign,5.0,12.033765132796887,7.033765132796887,Automated re-engagement with targeted product recommendations,1,0,
17671,2011-09-01,United Kingdom,0.47398887989373023,41.54624277456647,Low,61.52456647398844,Nurture / Monitor,57.49791666666667,2,704.3699999999999,53.74305555555556,352.18499999999995,166.93177366537336,Low-cost digital nurture,0.5,5.0079532099612,4.5079532099612,Low-cost nurture communication and continued monitoring,0,1,581.0
17673,2011-09-01,United Kingdom,0.2863112894946885,21.71242774566474,Low,64.66763005780348,Nurture / Monitor,62.390277777777776,3,773.2,104.13055555555556,386.6,110.68794451864657,Low-cost digital nurture,0.5,3.320638335559397,2.820638335559397,Low-cost nurture communication and continued monitoring,0,1,987.0
17675,2011-09-01,United Kingdom,0.0014022197665429414,0.8309248554913294,Low,98.77167630057804,Protect High Value,1.3458333333333334,17,10427.45,168.26388888888889,5213.725,7.310788252319098,VIP or loyalty service,12.0,0.5848630601855278,-11.415136939814472,Proactive loyalty or VIP service without aggressive discounting,0,0,
17676,2011-09-01,United Kingdom,0.3930621053736714,31.286127167630056,Low,46.64017341040462,Nurture / Monitor,9.400694444444444,3,430.14,21.131944444444443,215.07,84.5358670027155,Low-cost digital nurture,0.5,2.536076010081465,2.036076010081465,Low-cost nurture communication and continued monitoring,0,0,
17677,2011-09-01,United Kingdom,0.007260159847667856,1.300578034682081,Low,98.48265895953757,Protect High Value,0.36944444444444446,14,8955.4,153.9701388888889,4477.7,32.508817749902356,VIP or loyalty service,12.0,2.6007054199921886,-9.399294580007812,Proactive loyalty or VIP service without aggressive discounting,0,0,
17678,2011-09-01,United Kingdom,0.8760367763658562,97.76011560693641,Critical,30.491329479768787,Reactivate Efficiently,163.50555555555556,1,298.11,0.0,149.055,130.5776617012127,Automated targeted campaign,5.0,19.586649255181904,14.586649255181904,Automated re-engagement with targeted product recommendations,1,1,195.0
17682,2011-09-01,United Kingdom,0.1937371600175524,14.631502890173412,Low,82.26156069364163,Protect High Value,15.359722222222222,4,1507.85,132.21041666666667,753.925,146.0632883662332,VIP or loyalty service,12.0,11.685063069298655,-0.31493693070134476,Proactive loyalty or VIP service without aggressive discounting,0,0,
17685,2011-09-01,United Kingdom,0.555920899114365,53.57658959537572,Medium,35.982658959537574,Nurture / Monitor,166.57222222222222,1,326.5,0.0,163.25,90.7540867804201,Low-cost digital nurture,0.5,2.722622603412603,2.222622603412603,Low-cost nurture communication and continued monitoring,0,1,1196.0
17686,2011-09-01,United Kingdom,0.4043748790953408,32.153179190751445,Low,93.4971098265896,Protect High Value,20.511111111111113,4,2996.74,79.89791666666666,1498.37,605.9031875900857,VIP or loyalty service,12.0,48.47225500720686,36.47225500720686,Proactive loyalty or VIP service without aggressive discounting,0,1,82.0
17690,2011-09-01,United Kingdom,0.1297294948593044,10.079479768786127,Low,87.6806358381503,Protect High Value,1.6,6,1924.88,162.75833333333333,962.44,124.85685503238894,VIP or loyalty service,12.0,9.988548402591116,-2.0114515974088842,Proactive loyalty or VIP service without aggressive discounting,0,0,
17692,2011-09-01,United Kingdom,0.36258574737362526,28.179190751445088,Low,29.190751445086704,Nurture / Monitor,27.415972222222223,2,286.98,99.20972222222223,143.49,52.02742889064149,Low-cost digital nurture,0.5,1.5608228667192445,1.0608228667192445,Low-cost nurture communication and continued monitoring,1,0,
17693,2011-09-01,United Kingdom,0.6743520689050938,73.84393063583815,Medium,19.508670520231213,Nurture / Monitor,37.34166666666667,1,200.47,0.0,100.235,67.59367962670208,Low-cost digital nurture,0.5,2.0278103888010626,1.5278103888010626,Low-cost nurture communication and continued monitoring,1,0,
17694,2011-09-01,United Kingdom,0.7954287537780894,91.65462427745665,Critical,28.576589595375722,Reactivate Efficiently,41.5,1,283.12,0.0,141.56,112.60089438482633,Automated targeted campaign,5.0,16.89013415772395,11.89013415772395,Automated re-engagement with targeted product recommendations,1,0,
17695,2011-09-01,United Kingdom,0.5735416533001149,56.79190751445087,Medium,64.30635838150289,Nurture / Monitor,31.555555555555557,2,765.34,39.920138888888886,382.67,219.47718446835498,Low-cost digital nurture,0.5,6.584315534050649,6.084315534050649,Low-cost nurture communication and continued monitoring,1,1,397.0
17696,2011-09-01,United Kingdom,0.05049965218791969,4.552023121387283,Low,85.621387283237,Protect High Value,8.417361111111111,5,1739.99,169.0388888888889,869.995,43.93444490522919,VIP or loyalty service,12.0,3.5147555924183354,-8.485244407581664,Proactive loyalty or VIP service without aggressive discounting,0,0,
17697,2011-09-01,United Kingdom,0.7777254747782087,89.08959537572254,High,37.915462427745666,Reactivate Efficiently,136.34722222222223,1,338.95,0.0,169.475,131.80502483803693,Automated targeted campaign,5.0,19.77075372570554,14.77075372570554,Automated re-engagement with targeted product recommendations,1,1,190.0
17698,2011-09-01,United Kingdom,0.8089825216403139,93.38872832369943,Critical,13.150289017341041,Reactivate Efficiently,160.51805555555555,1,154.95,0.0,77.475,62.67592086408332,Automated targeted campaign,5.0,9.401388129612497,4.4013881296124975,Automated re-engagement with targeted product recommendations,1,0,
17700,2011-09-01,United Kingdom,0.43551267668878413,36.09104046242775,Low,52.16763005780347,Nurture / Monitor,113.45833333333333,1,522.96,0.0,261.48,113.87785470058328,Low-cost digital nurture,0.5,3.4163356410174983,2.9163356410174983,Low-cost nurture communication and continued monitoring,0,1,944.0
17701,2011-09-01,United Kingdom,0.7827481166221896,89.8121387283237,High,45.73699421965318,Reactivate Efficiently,152.48263888888889,1,417.95,0.0,208.975,163.57478767112207,Automated targeted campaign,5.0,24.536218150668308,19.536218150668308,Automated re-engagement with targeted product recommendations,1,1,141.0
17702,2011-09-01,United Kingdom,0.3807618650472804,30.310693641618496,Low,79.371387283237,Nurture / Monitor,8.598611111111111,3,1338.77,97.71875,669.385,254.87628103467378,Low-cost digital nurture,0.5,7.6462884310402135,7.1462884310402135,Low-cost nurture communication and continued monitoring,0,1,327.0
17703,2011-09-01,United Kingdom,0.675800102784811,73.91618497109826,Medium,50.433526011560694,Nurture / Monitor,9.371527777777779,2,490.96,29.06597222222222,245.48,165.8954092316154,Low-cost digital nurture,0.5,4.976862276948461,4.476862276948461,Low-cost nurture communication and continued monitoring,0,1,589.0
17704,2011-09-01,United Kingdom,0.5718314760840114,56.53901734104046,Medium,68.82225433526011,Nurture / Monitor,68.59722222222223,2,885.19,71.00833333333334,442.595,253.08975215740304,Low-cost digital nurture,0.5,7.592692564722091,7.092692564722091,Low-cost nurture communication and continued monitoring,1,1,330.0
17705,2011-09-01,United Kingdom,0.13982945197850022,11.091040462427745,Low,66.47398843930635,Nurture / Monitor,6.5881944444444445,5,831.7,155.06319444444443,415.85,58.14807760525932,Low-cost digital nurture,0.5,1.7444423281577794,1.2444423281577794,Low-cost nurture communication and continued monitoring,0,0,
17706,2011-09-01,United Kingdom,0.03255636760785421,3.106936416184971,Low,98.15751445086705,Protect High Value,0.4423611111111111,8,7138.650000000001,87.10625,3569.3250000000003,116.20425681190423,VIP or loyalty service,12.0,9.296340544952338,-2.703659455047662,Proactive loyalty or VIP service without aggressive discounting,0,0,
17707,2011-09-01,United Kingdom,0.5539177478575515,53.2514450867052,Medium,2.4927745664739884,Nurture / Monitor,85.37291666666667,1,68.7,0.0,34.35,19.027074638906896,Low-cost digital nurture,0.5,0.5708122391672069,0.07081223916720691,Low-cost nurture communication and continued monitoring,1,0,
17708,2011-09-01,United Kingdom,0.5474627928402691,52.20375722543352,Medium,13.403179190751446,Nurture / Monitor,87.575,1,156.48,0.0,78.24,42.833488911822656,Low-cost digital nurture,0.5,1.2850046673546796,0.7850046673546796,Low-cost nurture communication and continued monitoring,1,0,
17709,2011-09-01,United Kingdom,0.6724799627725265,73.59104046242774,Medium,10.332369942196532,Nurture / Monitor,69.50347222222223,1,137.45,0.0,68.725,46.21618544154188,Low-cost digital nurture,0.5,1.3864855632462565,0.8864855632462565,Low-cost nurture communication and continued monitoring,1,0,
17715,2011-09-01,United Kingdom,0.9191220152971403,99.53034682080924,Critical,35.91040462427746,Reactivate Efficiently,100.47777777777777,1,326.4,0.0,163.2,150.0007128964933,Automated targeted campaign,5.0,22.500106934473994,17.500106934473994,Automated re-engagement with targeted product recommendations,1,1,157.0
17716,2011-09-01,United Kingdom,0.15105719465996706,11.777456647398845,Low,94.86994219653178,Protect High Value,23.50138888888889,4,3436.76,144.05555555555554,1718.38,259.5736621597942,VIP or loyalty service,12.0,20.765892972783536,8.765892972783536,Proactive loyalty or VIP service without aggressive discounting,0,0,
17718,2011-09-01,United Kingdom,0.9112823147363389,99.24132947976878,Critical,10.85621387283237,Reactivate Efficiently,132.43125,1,139.35,0.0,69.675,63.493595279254414,Automated targeted campaign,5.0,9.524039291888162,4.524039291888162,Automated re-engagement with targeted product recommendations,1,0,
17719,2011-09-01,United Kingdom,0.03269771768949081,3.143063583815029,Low,96.24277456647398,Protect High Value,6.402083333333334,12,4477.4,149.11944444444444,2238.7,73.20038059146307,VIP or loyalty service,12.0,5.856030447317046,-6.143969552682954,Proactive loyalty or VIP service without aggressive discounting,0,0,
17720,2011-09-01,United Kingdom,0.4321908323709318,35.76589595375722,Low,64.95664739884393,Nurture / Monitor,13.311111111111112,2,785.5999999999999,112.15486111111112,392.79999999999995,169.764558955302,Low-cost digital nurture,0.5,5.09293676865906,4.59293676865906,Low-cost nurture communication and continued monitoring,0,1,564.0
17722,2011-09-01,United Kingdom,0.5373039945840138,51.047687861271676,Medium,39.73988439306358,Nurture / Monitor,89.47291666666666,1,357.3,0.0,178.65,95.98935863243406,Low-cost digital nurture,0.5,2.879680758973022,2.379680758973022,Low-cost nurture communication and continued monitoring,0,1,1145.0
17723,2011-09-01,United Kingdom,0.33683596020476714,25.61416184971098,Low,94.61705202312139,Protect High Value,27.224305555555556,6,3276.4000000000005,87.16180555555556,1638.2000000000003,551.8046700074497,VIP or loyalty service,12.0,44.144373600595976,32.144373600595976,Proactive loyalty or VIP service without aggressive discounting,1,1,93.0
17724,2011-09-01,United Kingdom,0.7173672494476122,80.49132947976878,High,41.47398843930636,Reactivate Efficiently,38.44027777777778,1,373.1,0.0,186.55,133.82486038445205,Automated targeted campaign,5.0,20.07372905766781,15.073729057667808,Automated re-engagement with targeted product recommendations,0,1,184.0
17725,2011-09-01,United Kingdom,0.05920771310106094,5.27456647398844,Low,91.83526011560693,Protect High Value,0.5791666666666667,8,2507.12,166.59652777777777,1253.56,74.22042083496595,VIP or loyalty service,12.0,5.937633666797276,-6.062366333202724,Proactive loyalty or VIP service without aggressive discounting,0,0,
17730,2011-09-01,United Kingdom,0.08153784233951261,6.9364161849710975,Low,91.22109826589595,Protect High Value,6.277083333333334,6,2368.73,169.1,1184.365,96.57056664243686,VIP or loyalty service,12.0,7.725645331394949,-4.274354668605051,Proactive loyalty or VIP service without aggressive discounting,0,0,
17731,2011-09-01,United Kingdom,0.7230973791830514,81.4306358381503,High,71.27890173410405,Reactivate Efficiently,28.43125,3,963.74,54.97291666666667,481.87,348.438934106937,Automated targeted campaign,5.0,52.26584011604054,47.26584011604054,Automated re-engagement with targeted product recommendations,0,1,47.0
17733,2011-09-01,United Kingdom,0.8068379948532584,92.99132947976878,Critical,21.893063583815028,Reactivate Efficiently,161.5875,1,216.95000000000002,0.0,108.47500000000001,87.5217514917072,Automated targeted campaign,5.0,13.12826272375608,8.12826272375608,Automated re-engagement with targeted product recommendations,0,0,
17734,2011-09-01,United Kingdom,0.5789269150497026,57.47832369942196,Medium,53.395953757225435,Nurture / Monitor,36.611111111111114,2,540.21,96.96944444444445,270.105,156.37105438949993,Low-cost digital nurture,0.5,4.691131631684998,4.191131631684998,Low-cost nurture communication and continued monitoring,0,1,639.0
17735,2011-09-01,United Kingdom,0.04207228366980098,3.648843930635838,Low,98.4465317919075,Protect High Value,8.42361111111111,12,8323.97,144.88125,4161.985,175.10421354945663,VIP or loyalty service,12.0,14.008337083956532,2.0083370839565315,Proactive loyalty or VIP service without aggressive discounting,0,0,
17736,2011-09-01,United Kingdom,0.6621358940862281,71.82080924855492,Medium,32.695086705202314,Nurture / Monitor,13.39375,1,307.49,0.0,153.745,101.80008303628713,Low-cost digital nurture,0.5,3.054002491088614,2.554002491088614,Low-cost nurture communication and continued monitoring,0,1,1079.0
17738,2011-09-01,United Kingdom,0.46826303062543023,40.46242774566474,Low,65.17341040462428,Nurture / Monitor,48.609027777777776,2,791.5699999999999,0.0006944444444444445,395.78499999999997,185.3314835760859,Low-cost digital nurture,0.5,5.559944507282577,5.059944507282577,Low-cost nurture communication and continued monitoring,0,1,496.0
17739,2011-09-01,United Kingdom,0.44455234089279916,37.138728323699425,Low,42.77456647398844,Nurture / Monitor,96.61458333333333,1,388.18,0.0,194.09,86.28316384388339,Low-cost digital nurture,0.5,2.5884949153165016,2.0884949153165016,Low-cost nurture communication and continued monitoring,0,0,
17742,2011-09-01,United Kingdom,0.4415550511826663,36.77745664739884,Low,1.5895953757225432,Nurture / Monitor,13.355555555555556,1,52.54,0.0,26.27,11.599651194568644,Low-cost digital nurture,0.5,0.34798953583705927,-0.15201046416294073,Low-cost nurture communication and continued monitoring,1,0,
17744,2011-09-01,United Kingdom,0.5832245736013714,58.38150289017341,Medium,28.28757225433526,Nurture / Monitor,150.46805555555557,1,280.56,0.0,140.28,81.81474318480038,Low-cost digital nurture,0.5,2.4544422955440113,1.9544422955440113,Low-cost nurture communication and continued monitoring,0,0,
17746,2011-09-01,United Kingdom,0.6964339784761038,77.0592485549133,Medium,5.888728323699422,Nurture / Monitor,140.39513888888888,1,110.25,0.0,55.125,38.39092306349522,Low-cost digital nurture,0.5,1.1517276919048567,0.6517276919048567,Low-cost nurture communication and continued monitoring,1,0,
17747,2011-09-01,United Kingdom,0.7364697203184903,83.20086705202311,High,2.6192196531791905,Reactivate Efficiently,12.657638888888888,1,71.4,0.0,35.7,26.291969015370107,Automated targeted campaign,5.0,3.943795352305516,-1.056204647694484,Automated re-engagement with targeted product recommendations,1,0,
17749,2011-09-01,United Kingdom,0.7327325609855122,82.65895953757226,High,60.26011560693642,Reactivate Efficiently,78.34375,2,674.52,78.0875,337.26,247.12138351797384,Automated targeted campaign,5.0,37.068207527696075,32.068207527696075,Automated re-engagement with targeted product recommendations,1,1,94.0
17750,2011-09-01,United Kingdom,0.20668123275677497,15.715317919075144,Low,72.47109826589595,Nurture / Monitor,13.163194444444445,4,1004.26,51.18125,502.13,103.78084740415942,Low-cost digital nurture,0.5,3.1134254221247826,2.6134254221247826,Low-cost nurture communication and continued monitoring,0,1,1067.0
17754,2011-09-01,United Kingdom,0.39394999277997017,31.322254335260112,Low,55.16618497109826,Nurture / Monitor,42.33611111111111,2,575.06,118.08472222222223,287.53,113.27244142402482,Low-cost digital nurture,0.5,3.3981732427207443,2.8981732427207443,Low-cost nurture communication and continued monitoring,0,1,953.0
17757,2011-09-01,United Kingdom,0.02058208029410297,2.384393063583815,Low,88.36705202312139,Protect High Value,14.455555555555556,11,2027.03,145.92291666666668,1013.515,20.860247109277772,VIP or loyalty service,12.0,1.6688197687422217,-10.331180231257779,Proactive loyalty or VIP service without aggressive discounting,0,0,
17758,2011-09-01,United Kingdom,0.3791288144120428,30.20231213872832,Low,81.14161849710982,Protect High Value,52.36666666666667,4,1433.25,97.99305555555556,716.625,271.69318662803016,VIP or loyalty service,12.0,21.735454930242412,9.735454930242412,Proactive loyalty or VIP service without aggressive discounting,0,0,
17759,2011-09-01,United Kingdom,0.6989643585457656,77.74566473988439,Medium,15.13728323699422,Nurture / Monitor,69.42986111111111,2,165.89999999999998,0.004166666666666667,82.94999999999999,57.97909354137124,Low-cost digital nurture,0.5,1.739372806241137,1.239372806241137,Low-cost nurture communication and continued monitoring,0,0,
17763,2011-09-01,United Kingdom,0.8944269036074076,98.59104046242774,Critical,0.3070809248554913,Reactivate Efficiently,163.39930555555554,1,15.0,0.0,7.5,6.7082017770555575,Automated targeted campaign,5.0,1.0062302665583336,-3.9937697334416664,Automated re-engagement with targeted product recommendations,1,0,
17764,2011-09-01,United Kingdom,0.624920308281618,65.7514450867052,Medium,23.265895953757227,Nurture / Monitor,111.32569444444445,1,230.67000000000002,0.0,115.33500000000001,72.07518375566042,Low-cost digital nurture,0.5,2.1622555126698124,1.6622555126698124,Low-cost nurture communication and continued monitoring,0,0,
17765,2011-09-01,United Kingdom,0.455531268949563,38.51156069364162,Low,40.895953757225435,Nurture / Monitor,58.47152777777778,3,367.63,98.02986111111112,183.815,83.73348020196391,Low-cost digital nurture,0.5,2.5120044060589173,2.0120044060589173,Low-cost nurture communication and continued monitoring,1,0,
17768,2011-09-01,United Kingdom,0.6610512634702945,71.49566473988439,Medium,42.630057803468205,Nurture / Monitor,66.4263888888889,1,385.83,0.0,192.915,127.52670449237186,Low-cost digital nurture,0.5,3.825801134771156,3.325801134771156,Low-cost nurture communication and continued monitoring,0,1,836.0
17769,2011-09-01,United Kingdom,0.2609448393187206,19.54479768786127,Low,81.35838150289018,Protect High Value,38.5375,3,1447.47,139.94861111111112,723.735,188.85491328433426,VIP or loyalty service,12.0,15.10839306274674,3.1083930627467407,Proactive loyalty or VIP service without aggressive discounting,0,0,
17770,2011-09-01,United Kingdom,0.5262583794739321,49.27745664739884,Low,53.32369942196532,Nurture / Monitor,98.47638888888889,4,540.1,76.99722222222222,270.05,142.11607537693536,Low-cost digital nurture,0.5,4.26348226130806,3.7634822613080603,Low-cost nurture communication and continued monitoring,1,1,735.0
17774,2011-09-01,United Kingdom,0.37186327938187913,29.371387283236995,Low,63.800578034682076,Nurture / Monitor,45.477777777777774,2,758.2,103.98402777777778,379.1,140.9733692136704,Low-cost digital nurture,0.5,4.229201076410112,3.729201076410112,Low-cost nurture communication and continued monitoring,0,1,745.0
17775,2011-09-01,United Kingdom,0.8176096146844601,94.72543352601156,Critical,1.7702312138728324,Reactivate Efficiently,154.54861111111111,1,56.4,0.0,28.2,23.056591134101776,Automated targeted campaign,5.0,3.4584886701152664,-1.5415113298847336,Automated re-engagement with targeted product recommendations,1,0,
17777,2011-09-01,United Kingdom,0.5981942630469023,60.83815028901734,Medium,18.24421965317919,Nurture / Monitor,0.3923611111111111,1,189.79999999999998,0.0,94.89999999999999,56.76863556315102,Low-cost digital nurture,0.5,1.7030590668945307,1.2030590668945307,Low-cost nurture communication and continued monitoring,0,0,
17779,2011-09-01,United Kingdom,0.6927883320099912,76.62572254335261,Medium,35.440751445086704,Nurture / Monitor,43.486805555555556,1,323.09,0.0,161.545,111.91649109455403,Low-cost digital nurture,0.5,3.3574947328366207,2.8574947328366207,Low-cost nurture communication and continued monitoring,0,1,970.0
17781,2011-09-01,United Kingdom,0.6455248577527554,69.21965317919076,Medium,17.991329479768787,Nurture / Monitor,59.333333333333336,2,188.01999999999998,93.8375,94.00999999999999,60.68579187733653,Low-cost digital nurture,0.5,1.8205737563200957,1.3205737563200957,Low-cost nurture communication and continued monitoring,1,0,
17783,2011-09-01,United Kingdom,0.8123522315245361,93.78612716763006,Critical,6.575144508670521,Reactivate Efficiently,147.57847222222222,1,112.41,0.0,56.205,45.65825717283655,Automated targeted campaign,5.0,6.848738575925482,1.8487385759254824,Automated re-engagement with targeted product recommendations,0,0,
17787,2011-09-01,United Kingdom,0.48841923790266517,43.533236994219656,Low,12.210982658959537,Nurture / Monitor,52.525,1,149.02,0.0,74.51,36.39211741612758,Low-cost digital nurture,0.5,1.0917635224838274,0.5917635224838274,Low-cost nurture communication and continued monitoring,1,0,
17788,2011-09-01,United Kingdom,0.7442366735285494,84.28468208092485,High,0.2167630057803468,Reactivate Efficiently,29.556944444444444,1,11.75,0.0,5.875,4.372390456980227,Automated targeted campaign,5.0,0.6558585685470341,-4.344141431452966,Automated re-engagement with targeted product recommendations,0,0,
17790,2011-09-01,United Kingdom,0.11569868857053799,9.429190751445086,Low,67.08815028901735,Nurture / Monitor,20.379166666666666,6,847.16,126.09722222222223,423.58,49.00765050470848,Low-cost digital nurture,0.5,1.4702295151412543,0.9702295151412543,Low-cost nurture communication and continued monitoring,0,0,
17795,2011-09-01,United Kingdom,0.5780406692887455,57.33381502890174,Medium,38.36705202312139,Nurture / Monitor,79.475,2,342.83000000000004,85.02361111111111,171.41500000000002,99.08484132613033,Low-cost digital nurture,0.5,2.97254523978391,2.47254523978391,Low-cost nurture communication and continued monitoring,1,1,1108.0
17797,2011-09-01,United Kingdom,0.5060772374018135,46.31502890173411,Low,27.781791907514453,Nurture / Monitor,82.52152777777778,1,272.41,0.0,136.205,68.93025012031401,Low-cost digital nurture,0.5,2.0679075036094203,1.5679075036094203,Low-cost nurture communication and continued monitoring,0,0,
17799,2011-09-01,United Kingdom,0.17756444367174468,13.439306358381502,Low,75.54190751445087,Nurture / Monitor,63.46805555555556,5,1117.62,106.83333333333333,558.81,99.22478676820764,Low-cost digital nurture,0.5,2.976743603046229,2.476743603046229,Low-cost nurture communication and continued monitoring,0,1,1106.0
17800,2011-09-01,United Kingdom,0.18576369273928267,13.94508670520231,Low,58.12861271676301,Nurture / Monitor,17.471527777777776,5,628.25,155.94097222222223,314.125,58.35301998172717,Low-cost digital nurture,0.5,1.7505905994518152,1.2505905994518152,Low-cost nurture communication and continued monitoring,0,0,
17802,2011-09-01,United Kingdom,0.3772644554130952,29.91329479768786,Low,52.8179190751445,Nurture / Monitor,80.37708333333333,1,532.22,0.0,266.11,100.39384422997877,Low-cost digital nurture,0.5,3.011815326899363,2.511815326899363,Low-cost nurture communication and continued monitoring,0,1,1094.0
17809,2011-09-01,United Kingdom,0.16651867739312987,12.752890173410405,Low,72.10982658959537,Nurture / Monitor,29.34722222222222,4,995.01,116.11041666666667,497.505,82.84387459646908,Low-cost digital nurture,0.5,2.485316237894072,1.985316237894072,Low-cost nurture communication and continued monitoring,0,0,
17811,2011-09-01,United Kingdom,0.012917056856205143,1.8786127167630058,Low,87.53612716763006,Protect High Value,12.415277777777778,14,1910.24,165.96180555555554,955.12,12.337339344498655,VIP or loyalty service,12.0,0.9869871475598925,-11.013012852440108,Proactive loyalty or VIP service without aggressive discounting,0,0,
17816,2011-09-01,United Kingdom,0.7893069203279026,90.85982658959537,Critical,0.0722543352601156,Reactivate Efficiently,169.40277777777777,1,5.1,0.0,2.55,2.0127326468361515,Automated targeted campaign,5.0,0.3019098970254227,-4.698090102974577,Automated re-engagement with targeted product recommendations,0,0,
17817,2011-09-01,United Kingdom,0.7266121853802343,81.86416184971098,High,27.565028901734106,Reactivate Efficiently,177.2625,2,269.7,0.008333333333333333,134.85,97.98365319852459,Automated targeted campaign,5.0,14.697547979778689,9.697547979778689,Automated re-engagement with targeted product recommendations,1,0,
17819,2011-09-01,United Kingdom,0.4016594316825402,31.972543352601157,Low,84.35693641618496,Protect High Value,82.5423611111111,3,1632.35,57.927083333333336,816.175,327.82438665349724,VIP or loyalty service,12.0,26.22595093227978,14.22595093227978,Proactive loyalty or VIP service without aggressive discounting,0,0,
17827,2011-09-01,United Kingdom,0.6859529268379284,75.72254335260115,Medium,33.27312138728324,Nurture / Monitor,142.29444444444445,1,309.51,0.0,154.755,106.15464519280361,Low-cost digital nurture,0.5,3.184639355784108,2.684639355784108,Low-cost nurture communication and continued monitoring,1,1,1042.0
17828,2011-09-01,Malta,0.4668543901036326,40.24566473988439,Low,68.42485549132948,Nurture / Monitor,9.622916666666667,3,876.66,75.02222222222223,438.33,204.63628481412528,Low-cost digital nurture,0.5,6.139088544423758,5.639088544423758,Low-cost nurture communication and continued monitoring,0,1,443.0
17830,2011-09-01,United Kingdom,0.7077919669240207,79.22687861271676,Medium,4.624277456647398,Nurture / Monitor,161.51111111111112,1,99.15,0.0,49.575,35.08878676025833,Low-cost digital nurture,0.5,1.0526636028077498,0.5526636028077498,Low-cost nurture communication and continued monitoring,1,0,
17837,2011-09-01,United Kingdom,0.3979623506204415,31.71965317919075,Low,41.293352601156066,Nurture / Monitor,48.21944444444444,3,370.60999999999996,15.083333333333334,185.30499999999998,73.7444133817209,Low-cost digital nurture,0.5,2.212332401451627,1.712332401451627,Low-cost nurture communication and continued monitoring,0,0,
17841,2011-09-01,United Kingdom,2.9766594305961005e-06,0.25289017341040465,Low,99.24132947976878,Protect High Value,3.4458333333333333,55,16587.64,173.94791666666666,8293.82,0.02468787751866655,VIP or loyalty service,12.0,0.001975030201493324,-11.998024969798507,Proactive loyalty or VIP service without aggressive discounting,0,0,
17844,2011-09-01,Canada,0.7849621042191891,90.20953757225433,Critical,1.4812138728323698,Reactivate Efficiently,6.522916666666666,1,51.559999999999995,0.0,25.779999999999998,20.236323046770693,Automated targeted campaign,5.0,3.0354484570156037,-1.9645515429843963,Automated re-engagement with targeted product recommendations,1,0,
17848,2011-09-01,United Kingdom,0.14173406908416367,11.199421965317919,Low,56.79190751445087,Nurture / Monitor,28.365277777777777,5,607.6899999999999,120.94305555555556,303.84499999999997,43.06518822087771,Low-cost digital nurture,0.5,1.2919556466263311,0.7919556466263311,Low-cost nurture communication and continued monitoring,0,0,
17849,2011-09-01,United Kingdom,0.6344690792022469,67.66618497109826,Medium,26.6257225433526,Nurture / Monitor,118.4263888888889,2,260.70000000000005,45.06458333333333,130.35000000000002,82.7030444740129,Low-cost digital nurture,0.5,2.481091334220387,1.981091334220387,Low-cost nurture communication and continued monitoring,1,0,
17854,2011-09-01,United Kingdom,0.6073193846565501,62.57225433526011,Medium,33.706647398843934,Nurture / Monitor,85.31875,2,311.26,41.977777777777774,155.63,94.51711583409889,Low-cost digital nurture,0.5,2.8355134750229665,2.3355134750229665,Low-cost nurture communication and continued monitoring,1,1,1168.0
17856,2011-09-01,United Kingdom,0.5598636124840027,54.51589595375722,Medium,59.75433526011561,Nurture / Monitor,133.44930555555555,2,659.82,31.066666666666666,329.91,184.70460439459737,Low-cost digital nurture,0.5,5.541138131837921,5.041138131837921,Low-cost nurture communication and continued monitoring,1,1,501.0
17857,2011-09-01,United Kingdom,0.0875003530734487,7.442196531791907,Low,98.91618497109826,Protect High Value,9.42013888888889,10,11565.380000000001,157.15555555555557,5782.6900000000005,505.98741671430105,VIP or loyalty service,12.0,40.47899333714408,28.478993337144082,Proactive loyalty or VIP service without aggressive discounting,0,0,
17858,2011-09-01,United Kingdom,0.09113441921440961,7.731213872832369,Low,82.91184971098265,Protect High Value,16.38125,5,1548.25,152.03402777777777,774.125,70.54943227435484,VIP or loyalty service,12.0,5.643954581948387,-6.356045418051613,Proactive loyalty or VIP service without aggressive discounting,0,0,
17861,2011-09-01,United Kingdom,0.205202370428757,15.643063583815028,Low,73.88005780346822,Nurture / Monitor,36.295138888888886,4,1057.6299999999999,117.07847222222222,528.8149999999999,108.51409151828312,Low-cost digital nurture,0.5,3.2554227455484934,2.7554227455484934,Low-cost nurture communication and continued monitoring,0,1,1017.0
17863,2011-09-01,United Kingdom,0.3661080405694745,28.61271676300578,Low,69.11127167630057,Nurture / Monitor,45.425,2,894.5799999999999,109.08958333333334,447.28999999999996,163.75646546632024,Low-cost digital nurture,0.5,4.912693963989607,4.412693963989607,Low-cost nurture communication and continued monitoring,0,1,599.0
17864,2011-09-01,United Kingdom,0.6615567793519771,71.67630057803468,Medium,19.54479768786127,Nurture / Monitor,175.51111111111112,1,200.85,0.0,100.425,66.4368395664223,Low-cost digital nurture,0.5,1.9931051869926688,1.4931051869926688,Low-cost nurture communication and continued monitoring,0,0,
17865,2011-09-01,United Kingdom,0.02106012511481189,2.4566473988439306,Low,96.60404624277457,Protect High Value,7.477777777777778,8,4683.89,155.1173611111111,2341.945,49.32165471200814,VIP or loyalty service,12.0,3.945732376960651,-8.05426762303935,Proactive loyalty or VIP service without aggressive discounting,0,0,
17866,2011-09-01,United Kingdom,0.7487513609295596,85.04335260115607,High,36.63294797687861,Reactivate Efficiently,42.53680555555555,1,329.65,0.0,164.825,123.41294306521466,Automated targeted campaign,5.0,18.5119414597822,13.5119414597822,Automated re-engagement with targeted product recommendations,1,1,213.0
17867,2011-09-01,United Kingdom,0.4949632704106676,44.50867052023121,Low,70.44797687861272,Nurture / Monitor,43.47083333333333,3,931.9800000000001,59.86805555555556,465.99000000000007,230.64793437866703,Low-cost digital nurture,0.5,6.919438031360011,6.419438031360011,Low-cost nurture communication and continued monitoring,0,1,371.0
17869,2011-09-01,United Kingdom,0.3597054974661471,27.854046242774565,Low,21.423410404624278,Nurture / Monitor,7.322222222222222,4,213.86,138.87916666666666,106.93,38.46330884405511,Low-cost digital nurture,0.5,1.1538992653216533,0.6538992653216533,Low-cost nurture communication and continued monitoring,1,0,
17870,2011-09-01,United Kingdom,0.5730437912633211,56.683526011560694,Medium,27.9985549132948,Nurture / Monitor,23.555555555555557,5,275.16999999999996,11.735416666666667,137.58499999999998,78.84223002096401,Low-cost digital nurture,0.5,2.3652669006289204,1.8652669006289204,Low-cost nurture communication and continued monitoring,0,0,
17871,2011-09-01,United Kingdom,0.6234836679444709,65.39017341040463,Medium,13.294797687861271,Nurture / Monitor,104.51944444444445,1,155.9,0.0,77.95,48.600551916271506,Low-cost digital nurture,0.5,1.4580165574881452,0.9580165574881452,Low-cost nurture communication and continued monitoring,1,0,
17873,2011-09-01,United Kingdom,0.39015360389269454,31.069364161849713,Low,63.76445086705203,Nurture / Monitor,84.38125,2,756.8100000000002,56.020833333333336,378.4050000000001,147.6360744810151,Low-cost digital nurture,0.5,4.429082234430453,3.929082234430453,Low-cost nurture communication and continued monitoring,0,1,684.0
17874,2011-09-01,United Kingdom,0.5584752498883075,54.15462427745664,Medium,60.62138728323699,Nurture / Monitor,85.4625,6,683.46,70.06180555555555,341.73,190.84774714433135,Low-cost digital nurture,0.5,5.725432414329941,5.225432414329941,Low-cost nurture communication and continued monitoring,1,1,478.0
17877,2011-09-01,United Kingdom,0.7468187986459838,84.82658959537572,High,24.02456647398844,Reactivate Efficiently,70.45833333333333,1,237.61,0.0,118.805,88.7258073731361,Automated targeted campaign,5.0,13.308871105970416,8.308871105970416,Automated re-engagement with targeted product recommendations,1,0,
17879,2011-09-01,United Kingdom,0.7800242141224858,89.52312138728324,High,16.690751445086704,Reactivate Efficiently,73.475,1,178.51999999999998,0.0,89.25999999999999,69.62496135257308,Automated targeted campaign,5.0,10.443744202885961,5.443744202885961,Automated re-engagement with targeted product recommendations,1,0,
17883,2011-09-01,United Kingdom,0.7402521359841546,83.74277456647398,High,7.947976878612717,Reactivate Efficiently,146.19722222222222,1,119.35,0.0,59.675,44.17454621485442,Automated targeted campaign,5.0,6.626181932228163,1.626181932228163,Automated re-engagement with targeted product recommendations,0,0,
17886,2011-09-01,United Kingdom,0.559600702626477,54.44364161849711,Medium,41.90751445086705,Nurture / Monitor,110.56805555555556,2,377.71000000000004,38.90833333333333,188.85500000000002,105.68339069452333,Low-cost digital nurture,0.5,3.1705017208357,2.6705017208357,Low-cost nurture communication and continued monitoring,0,1,1050.0
17887,2011-09-01,United Kingdom,0.7147128830913254,80.16618497109826,High,6.25,Reactivate Efficiently,29.271527777777777,1,111.35,0.0,55.675,39.79163976610954,Automated targeted campaign,5.0,5.9687459649164305,0.9687459649164305,Automated re-engagement with targeted product recommendations,1,0,
17888,2011-09-01,United Kingdom,0.37246584682447526,29.40751445086705,Low,17.557803468208093,Nurture / Monitor,61.446527777777774,2,184.92000000000002,50.95,92.46000000000001,34.43819219739098,Low-cost digital nurture,0.5,1.0331457659217294,0.5331457659217294,Low-cost nurture communication and continued monitoring,0,0,
17889,2011-09-01,United Kingdom,0.6703569044759081,73.33815028901735,Medium,5.021676300578035,Nurture / Monitor,112.31527777777778,1,102.02,0.0,51.01,34.194905697316074,Low-cost digital nurture,0.5,1.025847170919482,0.5258471709194821,Low-cost nurture communication and continued monitoring,1,0,
17891,2011-09-01,United Kingdom,0.7004873828841275,77.9985549132948,Medium,19.689306358381504,Nurture / Monitor,62.16111111111111,1,203.85999999999999,0.0,101.92999999999999,71.40067893737911,Low-cost digital nurture,0.5,2.1420203681213734,1.6420203681213734,Low-cost nurture communication and continued monitoring,1,0,
17892,2011-09-01,United Kingdom,0.7233253713310195,81.5028901734104,High,11.235549132947977,Reactivate Efficiently,55.46111111111111,1,142.1,0.0,71.05,51.39226763306893,Automated targeted campaign,5.0,7.708840144960339,2.708840144960339,Automated re-engagement with targeted product recommendations,0,0,
17893,2011-09-01,United Kingdom,0.7786757095077127,89.23410404624278,High,5.491329479768786,Reactivate Efficiently,125.42361111111111,1,107.21,0.0,53.605,41.74091140816094,Automated targeted campaign,5.0,6.2611367112241405,1.2611367112241405,Automated re-engagement with targeted product recommendations,1,0,
17897,2011-09-01,United Kingdom,0.5236834618497949,48.952312138728324,Low,9.284682080924856,Nurture / Monitor,72.52569444444444,1,131.14,0.0,65.57,34.337924593491046,Low-cost digital nurture,0.5,1.0301377378047314,0.5301377378047314,Low-cost nurture communication and continued monitoring,1,0,
17898,2011-09-01,United Kingdom,0.6964887500663552,77.09537572254335,Medium,4.660404624277457,Nurture / Monitor,107.28263888888888,1,99.84,0.0,49.92,34.768718403312455,Low-cost digital nurture,0.5,1.0430615520993736,0.5430615520993736,Low-cost nurture communication and continued monitoring,0,0,
17899,2011-09-01,United Kingdom,0.7256284698290442,81.82803468208093,High,13.114161849710982,Reactivate Efficiently,59.37638888888889,1,154.55,0.0,77.275,56.07294000603939,Automated targeted campaign,5.0,8.410941000905908,3.4109410009059076,Automated re-engagement with targeted product recommendations,1,0,
17900,2011-09-01,United Kingdom,0.7475280094440894,84.9349710982659,High,6.502890173410404,Reactivate Efficiently,90.39027777777778,2,112.19999999999999,0.006944444444444444,56.099999999999994,41.93632132981341,Automated targeted campaign,5.0,6.290448199472011,1.290448199472011,Automated re-engagement with targeted product recommendations,1,0,
17905,2011-09-01,United Kingdom,0.5049788488679021,46.062138728323696,Low,22.579479768786126,Nurture / Monitor,56.550694444444446,1,224.84,0.0,112.42,56.769722189729556,Low-cost digital nurture,0.5,1.7030916656918866,1.2030916656918866,Low-cost nurture communication and continued monitoring,0,0,
17906,2011-09-01,United Kingdom,0.8009151133767196,92.34104046242774,Critical,2.709537572254335,Reactivate Efficiently,147.27430555555554,1,72.9,0.0,36.45,29.193355882581432,Automated targeted campaign,5.0,4.379003382387214,-0.6209966176127857,Automated re-engagement with targeted product recommendations,1,0,
17917,2011-09-01,United Kingdom,0.6671069919301723,72.54335260115607,Medium,7.984104046242775,Nurture / Monitor,156.3076388888889,1,119.55,0.0,59.775,39.876320442626046,Low-cost digital nurture,0.5,1.1962896132787812,0.6962896132787812,Low-cost nurture communication and continued monitoring,0,0,
17920,2011-09-01,United Kingdom,0.022851366926862106,2.565028901734104,Low,82.08092485549133,Protect High Value,5.419444444444444,6,1493.99,131.14513888888888,746.995,17.069856837531358,VIP or loyalty service,12.0,1.3655885470025086,-10.634411452997492,Proactive loyalty or VIP service without aggressive discounting,0,0,
17921,2011-09-01,United Kingdom,0.3659279728993269,28.576589595375722,Low,56.105491329479776,Nurture / Monitor,48.21111111111111,3,595.47,118.23402777777778,297.735,108.9495650111811,Low-cost digital nurture,0.5,3.268486950335433,2.768486950335433,Low-cost nurture communication and continued monitoring,0,1,1009.0
17926,2011-09-01,United Kingdom,0.5822861273142115,58.12861271676301,Medium,43.713872832369944,Nurture / Monitor,33.389583333333334,2,397.29,70.21875,198.645,115.66822776033155,Low-cost digital nurture,0.5,3.4700468328099463,2.9700468328099463,Low-cost nurture communication and continued monitoring,1,1,931.0
17928,2011-09-01,United Kingdom,0.8668831076751071,97.39884393063583,Critical,3.143063583815029,Reactivate Efficiently,146.24791666666667,1,78.25999999999999,0.0,39.129999999999995,33.921136003326936,Automated targeted campaign,5.0,5.08817040049904,0.08817040049904001,Automated re-engagement with targeted product recommendations,0,0,
17929,2011-09-01,United Kingdom,0.45716446358722973,38.619942196531795,Low,51.55346820809249,Nurture / Monitor,12.627083333333333,2,510.79999999999995,141.8486111111111,255.39999999999998,116.75980400017846,Low-cost digital nurture,0.5,3.502794120005354,3.002794120005354,Low-cost nurture communication and continued monitoring,0,1,921.0
17930,2011-09-01,United Kingdom,0.4303347901862606,35.47687861271676,Low,61.01878612716764,Nurture / Monitor,62.21944444444444,2,694.14,77.12361111111112,347.07,149.35629562994546,Low-cost digital nurture,0.5,4.480688868898364,3.9806888688983637,Low-cost nurture communication and continued monitoring,0,1,678.0
17931,2011-09-01,United Kingdom,0.3481614890371096,26.517341040462426,Low,44.4364161849711,Nurture / Monitor,34.22708333333333,2,408.36,121.25138888888888,204.18,71.08761283159704,Low-cost digital nurture,0.5,2.1326283849479113,1.6326283849479113,Low-cost nurture communication and continued monitoring,1,0,
17932,2011-09-01,United Kingdom,0.5040044471289907,45.88150289017341,Low,70.628612716763,Nurture / Monitor,73.55625,2,934.51,37.861805555555556,467.255,235.49859794325656,Low-cost digital nurture,0.5,7.064957938297696,6.564957938297696,Low-cost nurture communication and continued monitoring,0,1,357.0
17935,2011-09-01,United Kingdom,0.5420197888393249,51.445086705202314,Medium,11.488439306358382,Nurture / Monitor,38.44583333333333,2,142.89,3.079861111111111,71.445,38.72460381362556,Low-cost digital nurture,0.5,1.1617381144087668,0.6617381144087668,Low-cost nurture communication and continued monitoring,1,0,
17937,2011-09-01,United Kingdom,0.48469106637145043,43.09971098265896,Low,70.1228323699422,Nurture / Monitor,14.493055555555555,2,920.6400000000001,143.07916666666668,460.32000000000005,223.1129916721061,Low-cost digital nurture,0.5,6.693389750163182,6.193389750163182,Low-cost nurture communication and continued monitoring,0,1,387.0
17939,2011-09-01,United Kingdom,0.7514935688256944,85.47687861271676,High,4.588150289017341,Reactivate Efficiently,59.48125,1,99.14,0.0,49.57,37.25153620668967,Automated targeted campaign,5.0,5.58773043100345,0.5877304310034503,Automated re-engagement with targeted product recommendations,1,0,
17940,2011-09-01,United Kingdom,0.04279195131858051,3.7210982658959537,Low,69.90606936416185,Nurture / Monitor,8.4375,7,914.74,168.1375,457.37,19.57175477457917,Low-cost digital nurture,0.5,0.587152643237375,0.08715264323737504,Low-cost nurture communication and continued monitoring,0,0,
17941,2011-09-01,United Kingdom,0.7843635674071728,90.10115606936417,Critical,32.04479768786127,Reactivate Efficiently,30.645833333333332,1,304.56,0.0,152.28,119.44288404476428,Automated targeted campaign,5.0,17.916432606714643,12.916432606714643,Automated re-engagement with targeted product recommendations,1,1,226.0
17946,2011-09-01,United Kingdom,0.677674185563828,74.38583815028902,Medium,12.31936416184971,Nurture / Monitor,133.29166666666666,2,149.57999999999998,26.101388888888888,74.78999999999999,50.68325233831869,Low-cost digital nurture,0.5,1.5204975701495607,1.0204975701495607,Low-cost nurture communication and continued monitoring,1,0,
17948,2011-09-01,United Kingdom,0.7844062325897693,90.13728323699422,Critical,40.06502890173411,Reactivate Efficiently,47.459722222222226,1,358.56000000000006,0.0,179.28000000000003,140.62834937869385,Automated targeted campaign,5.0,21.094252406804078,16.094252406804078,Automated re-engagement with targeted product recommendations,1,1,166.0
17949,2011-09-01,United Kingdom,7.058974493471057e-05,0.3973988439306358,Low,99.78323699421965,Protect High Value,0.5513888888888889,24,41505.1,173.0576388888889,20752.55,1.4649172112448277,VIP or loyalty service,12.0,0.11719337689958621,-11.882806623100414,Proactive loyalty or VIP service without aggressive discounting,0,0,
17954,2011-09-01,United Kingdom,0.13081375656925492,10.223988439306359,Low,76.80635838150289,Nurture / Monitor,23.426388888888887,6,1176.45,146.09444444444443,588.225,76.94792195794999,Low-cost digital nurture,0.5,2.3084376587384994,1.8084376587384994,Low-cost nurture communication and continued monitoring,0,0,
17955,2011-09-01,United Kingdom,0.7929440934035301,91.40173410404624,Critical,54.22687861271677,Reactivate Efficiently,98.5,4,557.3,20.979861111111113,278.65,220.95387162689366,Automated targeted campaign,5.0,33.143080744034044,28.143080744034044,Automated re-engagement with targeted product recommendations,1,1,111.0
17956,2011-09-01,United Kingdom,0.8574005813453587,97.03757225433526,Critical,0.25289017341040465,Reactivate Efficiently,149.42569444444445,1,12.75,0.0,6.375,5.465928706076662,Automated targeted campaign,5.0,0.8198893059114992,-4.1801106940885004,Automated re-engagement with targeted product recommendations,1,0,
17958,2011-09-01,United Kingdom,0.9586432653363027,99.96387283236994,Critical,51.3728323699422,Reactivate Efficiently,16.486805555555556,1,508.4599999999999,0.0,254.22999999999996,243.7158773464482,Automated targeted campaign,5.0,36.55738160196723,31.55738160196723,Automated re-engagement with targeted product recommendations,1,1,95.0
17960,2011-09-01,United Kingdom,0.7949040282283822,91.58236994219652,Critical,2.781791907514451,Reactivate Efficiently,71.40625,1,73.78,0.0,36.89,29.324009601345022,Automated targeted campaign,5.0,4.3986014402017535,-0.6013985597982465,Automated re-engagement with targeted product recommendations,1,0,
17961,2011-09-01,United Kingdom,0.002287427543702549,0.9393063583815029,Low,54.732658959537574,Nurture / Monitor,23.489583333333332,23,566.69,149.80625,283.345,0.6481311573703988,Low-cost digital nurture,0.5,0.019443934721111965,-0.48055606527888806,Low-cost nurture communication and continued monitoring,0,0,
17962,2011-09-01,United Kingdom,0.749464274817355,85.1878612716763,High,5.130057803468208,Reactivate Efficiently,42.40555555555556,1,102.41,0.0,51.205,38.37631819202266,Automated targeted campaign,5.0,5.756447728803399,0.7564477288033986,Automated re-engagement with targeted product recommendations,1,0,
17965,2011-09-01,United Kingdom,0.09845091257783715,8.309248554913294,Low,66.54624277456648,Nurture / Monitor,34.37222222222222,5,834.05,118.1875,417.025,41.05649181777254,Low-cost digital nurture,0.5,1.2316947545331762,0.7316947545331762,Low-cost nurture communication and continued monitoring,0,0,
17966,2011-09-01,United Kingdom,0.4253623958737486,34.5014450867052,Low,56.06936416184971,Nurture / Monitor,51.355555555555554,4,594.43,109.91875,297.215,126.42408448961618,Low-cost digital nurture,0.5,3.792722534688485,3.292722534688485,Low-cost nurture communication and continued monitoring,0,1,846.0
17969,2011-09-01,United Kingdom,0.48637291647374437,43.28034682080925,Low,5.202312138728324,Nurture / Monitor,66.45833333333333,1,103.0,0.0,51.5,25.048205198397834,Low-cost digital nurture,0.5,0.751446155951935,0.251446155951935,Low-cost nurture communication and continued monitoring,1,0,
17970,2011-09-01,United Kingdom,0.7542386127637187,85.98265895953757,High,54.51589595375722,Reactivate Efficiently,111.16458333333334,1,562.79,0.0,281.395,212.2389744386466,Automated targeted campaign,5.0,31.83584616579699,26.83584616579699,Automated re-engagement with targeted product recommendations,1,1,114.0
17972,2011-09-01,United Kingdom,0.7739333053527342,88.65606936416185,High,9.971098265895954,Reactivate Efficiently,141.48888888888888,1,135.19,0.0,67.595,52.31402177531807,Automated targeted campaign,5.0,7.84710326629771,2.84710326629771,Automated re-engagement with targeted product recommendations,1,0,
17974,2011-09-01,United Kingdom,0.659030996295523,71.17052023121387,Medium,14.920520231213874,Nurture / Monitor,119.50694444444444,1,164.07,0.0,82.035,54.06360778110322,Low-cost digital nurture,0.5,1.6219082334330965,1.1219082334330965,Low-cost nurture communication and continued monitoring,0,0,
17975,2011-09-01,United Kingdom,0.04951020693513978,4.407514450867052,Low,92.16040462427746,Protect High Value,14.542361111111111,7,2568.37,157.0222222222222,1284.185,63.580265093002474,VIP or loyalty service,12.0,5.086421207440198,-6.913578792559802,Proactive loyalty or VIP service without aggressive discounting,0,0,
17979,2011-09-01,United Kingdom,0.5316718892772554,50.07225433526011,Medium,50.650289017341045,Nurture / Monitor,68.55277777777778,3,494.54,90.96527777777777,247.27,131.46650806158695,Low-cost digital nurture,0.5,3.9439952418476083,3.4439952418476083,Low-cost nurture communication and continued monitoring,0,1,808.0
17980,2011-09-01,United Kingdom,0.5503686613132827,52.67341040462428,Medium,51.73410404624278,Nurture / Monitor,65.49930555555555,2,516.25,38.897222222222226,258.125,142.0639107014911,Low-cost digital nurture,0.5,4.2619173210447325,3.7619173210447325,Low-cost nurture communication and continued monitoring,1,1,736.0
17984,2011-09-01,United Kingdom,0.6185468091026238,64.52312138728324,Medium,12.933526011560694,Nurture / Monitor,45.33402777777778,1,152.68,0.0,76.34,47.219863406894305,Low-cost digital nurture,0.5,1.416595902206829,0.9165959022068291,Low-cost nurture communication and continued monitoring,1,0,
17987,2011-09-01,United Kingdom,0.5931124490092654,60.00722543352601,Medium,19.183526011560694,Nurture / Monitor,85.40138888888889,1,198.57,0.0,99.285,58.88716949988491,Low-cost digital nurture,0.5,1.7666150849965474,1.2666150849965474,Low-cost nurture communication and continued monitoring,1,0,
17988,2011-09-01,United Kingdom,0.4173851386357442,33.59826589595375,Low,3.251445086705202,Nurture / Monitor,17.336111111111112,4,81.01,44.02361111111111,40.505,16.90618504044082,Low-cost digital nurture,0.5,0.5071855512132246,0.007185551213224617,Low-cost nurture communication and continued monitoring,0,0,
17990,2011-09-01,United Kingdom,0.6117833214509959,63.61994219653179,Medium,34.42919075144509,Nurture / Monitor,136.51111111111112,1,314.84000000000003,0.0,157.42000000000002,96.30693046281579,Low-cost digital nurture,0.5,2.8892079138844733,2.3892079138844733,Low-cost nurture communication and continued monitoring,1,1,1141.0
17991,2011-09-01,United Kingdom,0.8794647183710081,97.9407514450867,Critical,4.226878612716764,Reactivate Efficiently,125.33472222222223,2,93.35000000000001,0.9715277777777778,46.675000000000004,41.04901572996681,Automated targeted campaign,5.0,6.157352359495022,1.1573523594950217,Automated re-engagement with targeted product recommendations,1,0,
17994,2011-09-01,United Kingdom,0.2207582311767178,16.76300578034682,Low,41.18497109826589,Nurture / Monitor,21.513194444444444,3,369.59000000000003,151.85208333333333,184.79500000000002,40.79501733030157,Low-cost digital nurture,0.5,1.223850519909047,0.723850519909047,Low-cost nurture communication and continued monitoring,1,0,
17997,2011-09-01,United Kingdom,0.3194712621352342,24.313583815028903,Low,78.35982658959537,Nurture / Monitor,33.272222222222226,4,1268.51,31.0,634.255,202.62624536558295,Low-cost digital nurture,0.5,6.078787360967488,5.578787360967488,Low-cost nurture communication and continued monitoring,0,1,445.0
18008,2011-09-01,United Kingdom,0.21280666606810483,16.257225433526013,Low,87.71676300578035,Protect High Value,103.29444444444445,6,1934.6,60.075694444444444,967.3,205.8478880876778,VIP or loyalty service,12.0,16.467831047014226,4.467831047014226,Proactive loyalty or VIP service without aggressive discounting,0,0,
18009,2011-09-01,United Kingdom,0.6364908723143017,67.91907514450867,Medium,25.216763005780347,Nurture / Monitor,135.43333333333334,1,247.39,0.0,123.695,78.73073845091754,Low-cost digital nurture,0.5,2.361922153527526,1.861922153527526,Low-cost nurture communication and continued monitoring,1,0,
18010,2011-09-01,United Kingdom,0.8125092211941202,93.85838150289018,Critical,16.11271676300578,Reactivate Efficiently,156.48125,1,174.8,0.0,87.4,71.01330593236611,Automated targeted campaign,5.0,10.651995889854916,5.651995889854916,Automated re-engagement with targeted product recommendations,1,0,
18013,2011-09-01,United Kingdom,0.6776820836399358,74.42196531791907,Medium,17.95520231213873,Nurture / Monitor,55.40902777777778,2,187.29000000000002,0.0020833333333333333,93.64500000000001,63.46153872246179,Low-cost digital nurture,0.5,1.9038461616738536,1.4038461616738536,Low-cost nurture communication and continued monitoring,1,0,
18016,2011-09-01,United Kingdom,0.6125819771193858,63.72832369942196,Medium,14.884393063583815,Nurture / Monitor,86.43680555555555,1,164.01,0.0,82.005,50.23478503367523,Low-cost digital nurture,0.5,1.5070435510102569,1.0070435510102569,Low-cost nurture communication and continued monitoring,0,0,
18017,2011-09-01,United Kingdom,0.6149156218267725,63.90895953757225,Medium,16.835260115606935,Nurture / Monitor,69.34166666666667,1,179.0,0.0,89.5,55.03494815349614,Low-cost digital nurture,0.5,1.651048444604884,1.151048444604884,Low-cost nurture communication and continued monitoring,0,0,
18018,2011-09-01,United Kingdom,0.5559930747741855,53.612716763005785,Medium,8.38150289017341,Nurture / Monitor,8.265972222222222,2,122.14,91.17708333333333,61.07,33.9544970764595,Low-cost digital nurture,0.5,1.018634912293785,0.518634912293785,Low-cost nurture communication and continued monitoring,1,0,
18024,2011-09-01,United Kingdom,0.6686824911247456,72.97687861271676,Medium,42.95520231213873,Nurture / Monitor,52.47222222222222,2,389.78,0.008333333333333333,194.89,130.31953069530167,Low-cost digital nurture,0.5,3.9095859208590498,3.4095859208590498,Low-cost nurture communication and continued monitoring,1,1,815.0
18036,2011-09-01,United Kingdom,0.41785468332384984,33.67052023121387,Low,25.939306358381504,Nurture / Monitor,5.461805555555555,2,253.69,140.06180555555557,126.845,53.00277730621373,Low-cost digital nurture,0.5,1.5900833191864119,1.0900833191864119,Low-cost nurture communication and continued monitoring,0,0,
18037,2011-09-01,United Kingdom,0.3184210539800092,24.20520231213873,Low,0.6864161849710982,Nurture / Monitor,54.43125,4,30.47,98.95625,15.235,4.85114475738544,Low-cost digital nurture,0.5,0.1455343427215632,-0.3544656572784368,Low-cost nurture communication and continued monitoring,1,0,
18040,2011-09-01,United Kingdom,0.7922511222419569,91.36560693641619,Critical,24.16907514450867,Reactivate Efficiently,145.64791666666667,1,239.0,0.0,119.5,94.67400910791385,Automated targeted campaign,5.0,14.201101366187077,9.201101366187077,Automated re-engagement with targeted product recommendations,0,0,
18041,2011-09-01,United Kingdom,0.043411236699868336,3.7933526011560694,Low,79.47976878612717,Nurture / Monitor,3.4805555555555556,8,1341.44,158.87708333333333,670.72,29.11678467933569,Low-cost digital nurture,0.5,0.8735035403800707,0.3735035403800707,Low-cost nurture communication and continued monitoring,0,0,
18043,2011-09-01,United Kingdom,0.6803985563532098,74.8193641618497,Medium,9.718208092485549,Nurture / Monitor,106.47222222222223,1,133.68,0.0,66.84,45.47783950664854,Low-cost digital nurture,0.5,1.3643351851994563,0.8643351851994563,Low-cost nurture communication and continued monitoring,0,0,
18044,2011-09-01,United Kingdom,0.314158167402332,23.88005780346821,Low,71.17052023121387,Nurture / Monitor,66.43680555555555,5,959.16,89.11944444444444,479.58,150.66397392281036,Low-cost digital nurture,0.5,4.51991921768431,4.01991921768431,Low-cost nurture communication and continued monitoring,0,1,668.0
18048,2011-09-01,United Kingdom,0.8139953546855816,94.03901734104046,Critical,15.823699421965317,Reactivate Efficiently,103.37638888888888,2,172.29000000000002,0.002777777777777778,86.14500000000001,70.12162982938943,Automated targeted campaign,5.0,10.518244474408414,5.518244474408414,Automated re-engagement with targeted product recommendations,1,0,
18055,2011-09-01,United Kingdom,0.3516287336370121,27.167630057803464,Low,78.50433526011561,Nurture / Monitor,28.461805555555557,2,1278.83,75.09583333333333,639.415,224.83668671851007,Low-cost digital nurture,0.5,6.7451006015553014,6.2451006015553014,Low-cost nurture communication and continued monitoring,0,1,383.0
18061,2011-09-01,United Kingdom,0.0846135041413981,7.261560693641618,Low,71.53179190751445,Nurture / Monitor,7.632638888888889,5,976.1800000000001,138.04166666666666,488.09000000000003,41.299005236374995,Low-cost digital nurture,0.5,1.23897015709125,0.7389701570912499,Low-cost nurture communication and continued monitoring,0,0,
18062,2011-09-01,United Kingdom,0.5182967286801597,48.085260115606935,Low,53.97398843930635,Nurture / Monitor,73.38402777777777,2,550.72,47.21736111111111,275.36,142.7181872093688,Low-cost digital nurture,0.5,4.281545616281064,3.781545616281064,Low-cost nurture communication and continued monitoring,1,1,728.0
18064,2011-09-01,United Kingdom,0.4122830596446213,32.947976878612714,Low,65.9320809248555,Nurture / Monitor,33.30625,2,814.0,102.06319444444445,407.0,167.79920527536086,Low-cost digital nurture,0.5,5.033976158260826,4.533976158260826,Low-cost nurture communication and continued monitoring,1,1,575.0
18065,2011-09-01,United Kingdom,0.3781346459894593,30.021676300578036,Low,59.9349710982659,Nurture / Monitor,83.48125,5,662.1,36.03055555555556,331.05,125.1814745548105,Low-cost digital nurture,0.5,3.755444236644315,3.255444236644315,Low-cost nurture communication and continued monitoring,0,1,856.0
18069,2011-09-01,United Kingdom,0.34202302601396445,26.04768786127168,Low,60.91040462427746,Nurture / Monitor,80.36527777777778,2,691.21,54.946527777777774,345.605,118.20486790555618,Low-cost digital nurture,0.5,3.5461460371666855,3.0461460371666855,Low-cost nurture communication and continued monitoring,0,1,906.0
18071,2011-09-01,United Kingdom,0.6580481213982029,70.8092485549133,Medium,18.60549132947977,Nurture / Monitor,157.50069444444443,1,194.05,0.0,97.025,63.84711897866064,Low-cost digital nurture,0.5,1.915413569359819,1.415413569359819,Low-cost nurture communication and continued monitoring,1,0,
18072,2011-09-01,United Kingdom,0.7252329592582916,81.71965317919076,High,25.252890173410403,Reactivate Efficiently,85.55277777777778,1,247.44,0.0,123.72,89.72582171943583,Automated targeted campaign,5.0,13.458873257915373,8.458873257915373,Automated re-engagement with targeted product recommendations,1,0,
18073,2011-09-01,United Kingdom,0.06625415935094017,5.852601156069364,Low,95.628612716763,Protect High Value,14.415277777777778,12,3859.82,82.76666666666667,1929.91,127.86456467297296,VIP or loyalty service,12.0,10.229165173837837,-1.7708348261621634,Proactive loyalty or VIP service without aggressive discounting,1,0,
18075,2011-09-01,United Kingdom,0.10366540690012817,8.670520231213873,Low,74.63872832369943,Nurture / Monitor,6.368055555555555,4,1090.25,155.12291666666667,545.125,56.510604936432365,Low-cost digital nurture,0.5,1.6953181480929709,1.1953181480929709,Low-cost nurture communication and continued monitoring,0,0,
18077,2011-09-01,United Kingdom,0.19090783729448857,14.30635838150289,Low,69.65317919075144,Nurture / Monitor,3.479861111111111,4,910.88,123.03333333333333,455.44,86.94706541740187,Low-cost digital nurture,0.5,2.608411962522056,2.108411962522056,Low-cost nurture communication and continued monitoring,0,1,1246.0
18078,2011-09-01,United Kingdom,0.6621388694229714,71.85693641618496,Medium,37.68063583815029,Nurture / Monitor,117.39444444444445,2,336.13,41.975,168.065,111.28236908957169,Low-cost digital nurture,0.5,3.3384710726871507,2.8384710726871507,Low-cost nurture communication and continued monitoring,1,1,981.0
18079,2011-09-01,United Kingdom,0.7012163131108762,78.17919075144508,Medium,90.28179190751445,Protect High Value,26.541666666666668,2,2206.18,111.9486111111111,1103.09,773.5047028294764,VIP or loyalty service,12.0,61.880376226358116,49.880376226358116,Proactive loyalty or VIP service without aggressive discounting,0,1,40.0
18080,2011-09-01,United Kingdom,0.8335408162283294,95.73699421965318,Critical,66.871387283237,Reactivate Efficiently,142.57638888888889,1,841.4999999999999,0.0,420.74999999999994,350.7122984280696,Automated targeted campaign,5.0,52.606844764210436,47.606844764210436,Automated re-engagement with targeted product recommendations,0,1,46.0
18081,2011-09-01,United Kingdom,0.49655660648493494,44.869942196531795,Low,20.447976878612717,Nurture / Monitor,12.484027777777778,2,208.05,21.01875,104.025,51.65430098959536,Low-cost digital nurture,0.5,1.5496290296878608,1.0496290296878608,Low-cost nurture communication and continued monitoring,0,0,
18086,2011-09-01,United Kingdom,0.8195970145635348,94.86994219653178,Critical,4.877167630057803,Reactivate Efficiently,174.43472222222223,1,101.34,0.0,50.67,41.52898072793431,Automated targeted campaign,5.0,6.2293471091901464,1.2293471091901464,Automated re-engagement with targeted product recommendations,1,0,
18092,2011-09-01,United Kingdom,0.22066562447836266,16.726878612716764,Low,92.77456647398844,Protect High Value,19.474305555555556,4,2739.6400000000003,108.01458333333333,1369.8200000000002,302.2721857229508,VIP or loyalty service,12.0,24.181774857836064,12.181774857836064,Proactive loyalty or VIP service without aggressive discounting,0,0,
18093,2011-09-01,United Kingdom,0.45984043654924933,39.1257225433526,Low,69.2557803468208,Nurture / Monitor,20.393055555555556,1,899.36,0.0,449.68,206.78104750746644,Low-cost digital nurture,0.5,6.203431425223993,5.703431425223993,Low-cost nurture communication and continued monitoring,0,1,437.0
18094,2011-09-01,United Kingdom,0.3483682841169602,26.589595375722542,Low,87.42774566473989,Protect High Value,36.3875,4,1897.58,102.02569444444444,948.79,330.52834428733064,VIP or loyalty service,12.0,26.442267542986453,14.442267542986453,Proactive loyalty or VIP service without aggressive discounting,0,0,
18097,2011-09-01,United Kingdom,0.48145662346780616,42.73843930635838,Low,79.15462427745665,Nurture / Monitor,26.56111111111111,3,1329.02,78.85833333333333,664.51,319.9327408605919,Low-cost digital nurture,0.5,9.597982225817756,9.097982225817756,Low-cost nurture communication and continued monitoring,1,1,273.0
18099,2011-09-01,United Kingdom,0.6843058753831712,75.28901734104046,Medium,15.390173410404625,Nurture / Monitor,27.33888888888889,1,168.31,0.0,84.155,57.58776094287077,Low-cost digital nurture,0.5,1.727632828286123,1.227632828286123,Low-cost nurture communication and continued monitoring,1,0,
18101,2011-09-01,United Kingdom,0.7538727453282376,85.91040462427746,High,5.852601156069364,Reactivate Efficiently,43.454861111111114,1,110.23,0.0,55.115,41.549696358765814,Automated targeted campaign,5.0,6.232454453814872,1.2324544538148716,Automated re-engagement with targeted product recommendations,0,0,
18102,2011-09-01,United Kingdom,2.9496092616787863e-09,0.0722543352601156,Low,99.96387283236994,Protect High Value,26.347916666666666,19,90771.14,133.06458333333333,45385.57,0.00013386969761857088,VIP or loyalty service,12.0,1.070957580948567e-05,-11.99998929042419,Proactive loyalty or VIP service without aggressive discounting,0,0,
18108,2011-09-01,United Kingdom,0.8011987250104029,92.41329479768787,Critical,27.673410404624278,Reactivate Efficiently,154.41944444444445,1,271.0,0.0,135.5,108.56242723890959,Automated targeted campaign,5.0,16.284364085836437,11.284364085836437,Automated re-engagement with targeted product recommendations,1,0,
18109,2011-09-01,United Kingdom,0.02967253715313128,2.9624277456647397,Low,94.32803468208093,Protect High Value,10.485416666666667,11,3219.45,149.73472222222222,1609.725,47.76462486882425,VIP or loyalty service,12.0,3.82116998950594,-8.17883001049406,Proactive loyalty or VIP service without aggressive discounting,0,0,
18112,2011-09-01,United Kingdom,0.6874227174238048,75.79479768786128,Medium,18.786127167630056,Nurture / Monitor,66.41944444444445,1,196.64,0.0,98.32,67.58740157710848,Low-cost digital nurture,0.5,2.0276220473132542,1.5276220473132542,Low-cost nurture communication and continued monitoring,0,0,
18116,2011-09-01,United Kingdom,0.48721108827501924,43.46098265895954,Low,45.52023121387283,Nurture / Monitor,134.32361111111112,3,416.23,16.07638888888889,208.115,101.39593563635563,Low-cost digital nurture,0.5,3.041878069090669,2.541878069090669,Low-cost nurture communication and continued monitoring,0,1,1083.0
18118,2011-09-01,United Kingdom,0.09314478902710509,7.875722543352601,Low,92.3771676300578,Protect High Value,47.55277777777778,12,2623.31,122.98611111111111,1311.655,122.17382825134752,VIP or loyalty service,12.0,9.773906260107802,-2.226093739892198,Proactive loyalty or VIP service without aggressive discounting,0,0,
18120,2011-09-01,United Kingdom,0.7686401927658856,88.1864161849711,High,6.213872832369942,Reactivate Efficiently,114.42708333333333,1,111.15,0.0,55.575,42.71717871296409,Automated targeted campaign,5.0,6.407576806944614,1.407576806944614,Automated re-engagement with targeted product recommendations,1,0,
18121,2011-09-01,United Kingdom,0.5446308037784452,51.80635838150289,Medium,59.5014450867052,Nurture / Monitor,49.46319444444445,2,653.3,5.027083333333334,326.65,177.9036520542291,Low-cost digital nurture,0.5,5.337109561626873,4.837109561626873,Low-cost nurture communication and continued monitoring,1,1,531.0
18122,2011-09-01,United Kingdom,0.7209270787399777,80.9971098265896,High,7.911849710982659,Reactivate Efficiently,50.515972222222224,1,119.19,0.0,59.595,42.963649257508976,Automated targeted campaign,5.0,6.444547388626346,1.4445473886263462,Automated re-engagement with targeted product recommendations,0,0,
18125,2011-09-01,United Kingdom,0.47822364704728065,42.19653179190752,Low,21.134393063583815,Nurture / Monitor,101.50625,1,212.93,0.0,106.465,50.91408058288874,Low-cost digital nurture,0.5,1.527422417486662,1.027422417486662,Low-cost nurture communication and continued monitoring,0,0,
18127,2011-09-01,United Kingdom,0.8000649352593173,92.26878612716763,Critical,10.910404624277456,Reactivate Efficiently,33.579166666666666,1,139.6,0.0,69.8,55.844532481100345,Automated targeted campaign,5.0,8.37667987216505,3.3766798721650506,Automated re-engagement with targeted product recommendations,0,0,
18129,2011-09-01,United Kingdom,0.7988912178032913,92.12427745664739,Critical,6.6112716763005785,Reactivate Efficiently,143.40555555555557,1,112.55000000000001,0.0,56.275000000000006,44.957603281880225,Automated targeted campaign,5.0,6.743640492282034,1.7436404922820339,Automated re-engagement with targeted product recommendations,1,0,
18133,2011-09-01,United Kingdom,0.8180429474049802,94.76156069364163,Critical,70.41184971098265,Reactivate Efficiently,112.40694444444445,1,931.4999999999999,0.0,465.74999999999994,381.0035027538695,Automated targeted campaign,5.0,57.15052541308042,52.15052541308042,Automated re-engagement with targeted product recommendations,1,1,37.0
18135,2011-09-01,United Kingdom,0.6021759559865906,61.34393063583815,Medium,5.816473988439307,Nurture / Monitor,90.41388888888889,1,109.82000000000001,0.0,54.910000000000004,33.06548174322369,Low-cost digital nurture,0.5,0.9919644522967107,0.4919644522967107,Low-cost nurture communication and continued monitoring,0,0,
18136,2011-09-01,United Kingdom,0.49453642769513084,44.4364161849711,Low,33.81502890173411,Nurture / Monitor,111.50069444444445,1,311.86,0.0,155.93,77.11306517050176,Low-cost digital nurture,0.5,2.3133919551150526,1.8133919551150526,Low-cost nurture communication and continued monitoring,0,0,
18142,2011-09-01,United Kingdom,0.5428918052979975,51.55346820809249,Medium,72.90462427745665,Nurture / Monitor,57.44513888888889,2,1019.52,58.03333333333333,509.76,276.74452666870724,Low-cost digital nurture,0.5,8.302335800061217,7.802335800061217,Low-cost nurture communication and continued monitoring,1,1,304.0
18143,2011-09-01,United Kingdom,0.41579873410300394,33.417630057803464,Low,72.32658959537572,Nurture / Monitor,16.49513888888889,2,1000.1600000000001,25.05763888888889,500.08000000000004,207.93263095023022,Low-cost digital nurture,0.5,6.237978928506906,5.737978928506906,Low-cost nurture communication and continued monitoring,1,1,434.0
18144,2011-09-01,United Kingdom,0.14788038999867667,11.632947976878613,Low,82.15317919075144,Protect High Value,9.610416666666667,6,1505.5,159.70277777777778,752.75,111.31696357150386,VIP or loyalty service,12.0,8.90535708572031,-3.0946429142796905,Proactive loyalty or VIP service without aggressive discounting,0,0,
18145,2011-09-01,United Kingdom,0.4274648357966831,34.898843930635834,Low,45.15895953757225,Nurture / Monitor,104.55694444444444,1,414.77,0.0,207.385,88.64979497169512,Low-cost digital nurture,0.5,2.6594938491508535,2.1594938491508535,Low-cost nurture communication and continued monitoring,0,1,1219.0
18146,2011-09-01,United Kingdom,0.585929983450793,58.95953757225434,Medium,14.053468208092484,Nurture / Monitor,40.49444444444445,2,160.35000000000002,79.81458333333333,80.17500000000001,46.97693642316733,Low-cost digital nurture,0.5,1.4093080926950199,0.9093080926950199,Low-cost nurture communication and continued monitoring,1,0,
18147,2011-09-01,United Kingdom,0.6938131025092605,76.69797687861272,Medium,4.479768786127168,Nurture / Monitor,8.484722222222222,1,98.88,0.0,49.44,34.30211978805784,Low-cost digital nurture,0.5,1.0290635936417352,0.5290635936417352,Low-cost nurture communication and continued monitoring,0,0,
18149,2011-09-01,United Kingdom,0.5396309541800793,51.22832369942196,Medium,53.82947976878613,Nurture / Monitor,115.46666666666667,2,549.68,58.00277777777778,274.84,148.312171446853,Low-cost digital nurture,0.5,4.44936514340559,3.94936514340559,Low-cost nurture communication and continued monitoring,0,1,683.0
18150,2011-09-01,United Kingdom,0.5547161926851569,53.395953757225435,Medium,45.01445086705203,Nurture / Monitor,40.34513888888889,2,413.28,61.205555555555556,206.64,114.62655405646082,Low-cost digital nurture,0.5,3.4387966216938244,2.9387966216938244,Low-cost nurture communication and continued monitoring,0,1,938.0
18151,2011-09-01,United Kingdom,0.49790560493763225,45.08670520231214,Low,38.22254335260116,Nurture / Monitor,34.517361111111114,1,340.8,0.0,170.4,84.84311508137255,Low-cost digital nurture,0.5,2.545293452441176,2.045293452441176,Low-cost nurture communication and continued monitoring,1,0,
18155,2011-09-01,United Kingdom,0.6242165405860362,65.60693641618496,Medium,12.897398843930635,Nurture / Monitor,70.50069444444445,1,152.63,0.0,76.315,47.63708529482335,Low-cost digital nurture,0.5,1.4291125588447005,0.9291125588447005,Low-cost nurture communication and continued monitoring,0,0,
18160,2011-09-01,United Kingdom,0.7168287867413413,80.34682080924856,High,34.71820809248555,Reactivate Efficiently,100.42986111111111,1,318.55,0.0,159.275,114.17290500822715,Automated targeted campaign,5.0,17.12593575123407,12.12593575123407,Automated re-engagement with targeted product recommendations,0,0,
18161,2011-09-01,United Kingdom,0.4779754553841081,42.1242774566474,Low,49.13294797687861,Nurture / Monitor,40.43680555555556,2,469.73,112.21458333333334,234.865,112.25970532878856,Low-cost digital nurture,0.5,3.3677911598636565,2.8677911598636565,Low-cost nurture communication and continued monitoring,0,1,965.0
18165,2011-09-01,United Kingdom,0.7558751297010102,86.16329479768787,High,31.466763005780347,Reactivate Efficiently,77.44236111111111,1,302.46000000000004,0.0,151.23000000000002,114.31099586468379,Automated targeted campaign,5.0,17.146649379702566,12.146649379702566,Automated re-engagement with targeted product recommendations,1,1,250.0
18167,2011-09-01,United Kingdom,0.662526035051867,72.03757225433526,Medium,50.84898843930635,Nurture / Monitor,5.513888888888889,1,498.48,0.0,249.24,165.12798897632734,Low-cost digital nurture,0.5,4.95383966928982,4.45383966928982,Low-cost nurture communication and continued monitoring,0,1,593.0
18168,2011-09-01,United Kingdom,0.3219841403691074,24.49421965317919,Low,52.312138728323696,Nurture / Monitor,76.19375,3,525.65,91.22430555555556,262.825,84.62548169251065,Low-cost digital nurture,0.5,2.5387644507753193,2.0387644507753193,Low-cost nurture communication and continued monitoring,1,0,
18170,2011-09-01,United Kingdom,0.4754532513031573,41.690751445086704,Low,59.57369942196532,Nurture / Monitor,12.330555555555556,2,655.51,105.03541666666666,327.755,155.8321803808663,Low-cost digital nurture,0.5,4.674965411425989,4.174965411425989,Low-cost nurture communication and continued monitoring,0,1,642.0
18171,2011-09-01,United Kingdom,0.4088997949457421,32.47832369942196,Low,47.290462427745666,Nurture / Monitor,62.58402777777778,2,443.97,75.93263888888889,221.985,90.76962098103056,Low-cost digital nurture,0.5,2.7230886294309165,2.2230886294309165,Low-cost nurture communication and continued monitoring,0,1,1195.0
18172,2011-09-01,United Kingdom,0.048910248300506554,4.335260115606936,Low,94.79768786127167,Protect High Value,27.321527777777778,8,3350.94,125.95069444444445,1675.47,81.94765372004971,VIP or loyalty service,12.0,6.555812297603977,-5.444187702396023,Proactive loyalty or VIP service without aggressive discounting,0,0,
18173,2011-09-01,United Kingdom,0.7200617118409396,80.81647398843931,High,85.54913294797689,Rescue Now,99.39930555555556,3,1728.8400000000001,75.10347222222222,864.4200000000001,622.4357449495451,Personal outreach,50.0,155.60893623738627,105.60893623738627,"Priority personal outreach, tailored incentive, and rapid follow-up",0,1,8.0
18177,2011-09-01,United Kingdom,0.3713066202066571,29.29913294797688,Low,73.41040462427746,Nurture / Monitor,57.56736111111111,5,1037.27,98.06736111111111,518.635,192.5726089708796,Low-cost digital nurture,0.5,5.777178269126388,5.277178269126388,Low-cost nurture communication and continued monitoring,0,1,471.0
18178,2011-09-01,United Kingdom,0.2865985726687609,21.820809248554912,Low,71.13439306358381,Nurture / Monitor,28.604166666666668,2,956.86,90.96875,478.43,137.11735512191527,Low-cost digital nurture,0.5,4.113520653657458,3.6135206536574582,Low-cost nurture communication and continued monitoring,1,1,771.0
18179,2011-09-01,United Kingdom,0.6959842587531166,77.02312138728324,Medium,49.783236994219656,Nurture / Monitor,152.44375,2,480.26,2.026388888888889,240.13,167.1267000543859,Low-cost digital nurture,0.5,5.013801001631577,4.513801001631577,Low-cost nurture communication and continued monitoring,0,1,579.0
18180,2011-09-01,United Kingdom,0.521190786320741,48.59104046242775,Low,56.53901734104046,Nurture / Monitor,36.63125,2,601.8499999999999,5.9944444444444445,300.92499999999995,156.83933737356895,Low-cost digital nurture,0.5,4.705180121207069,4.205180121207069,Low-cost nurture communication and continued monitoring,0,1,634.0
18183,2011-09-01,United Kingdom,0.5780715807967506,57.40606936416185,Medium,58.38150289017341,Nurture / Monitor,127.35694444444445,2,632.07,47.22083333333333,316.035,182.69085203710108,Low-cost digital nurture,0.5,5.480725561113032,4.980725561113032,Low-cost nurture communication and continued monitoring,1,1,509.0
18185,2011-09-01,United Kingdom,0.7893999234388822,90.89595375722543,Critical,31.900289017341038,Reactivate Efficiently,149.42916666666667,1,304.25,0.0,152.125,120.08746335313995,Automated targeted campaign,5.0,18.01311950297099,13.01311950297099,Automated re-engagement with targeted product recommendations,1,1,223.0
18189,2011-09-01,United Kingdom,0.863918658383352,97.36271676300578,Critical,58.41763005780347,Reactivate Efficiently,167.59097222222223,1,633.1,0.0,316.55,273.4734513112501,Automated targeted campaign,5.0,41.02101769668751,36.02101769668751,Automated re-engagement with targeted product recommendations,0,1,83.0
18190,2011-09-01,United Kingdom,0.6469344685867744,69.32803468208093,Medium,6.719653179190751,Nurture / Monitor,92.38333333333334,1,113.0,0.0,56.5,36.55179747515275,Low-cost digital nurture,0.5,1.0965539242545825,0.5965539242545825,Low-cost nurture communication and continued monitoring,1,0,
18191,2011-09-01,United Kingdom,0.8000029483291157,92.23265895953757,Critical,20.41184971098266,Reactivate Efficiently,161.49444444444444,1,207.79999999999998,0.0,103.89999999999999,83.12030633139511,Automated targeted campaign,5.0,12.468045949709266,7.468045949709266,Automated re-engagement with targeted product recommendations,1,0,
18193,2011-09-01,United Kingdom,0.6095337797749716,63.186416184971094,Medium,24.747109826589593,Nurture / Monitor,65.41805555555555,1,243.76,0.0,121.88,74.28997707897354,Low-cost digital nurture,0.5,2.228699312369206,1.7286993123692058,Low-cost nurture communication and continued monitoring,1,0,
18198,2011-09-01,United Kingdom,0.0568932577792865,5.057803468208093,Low,95.08670520231213,Protect High Value,0.5069444444444444,11,3520.07,166.87708333333333,1760.035,100.13412495556652,VIP or loyalty service,12.0,8.010729996445322,-3.9892700035546778,Proactive loyalty or VIP service without aggressive discounting,0,0,
18200,2011-09-01,United Kingdom,0.6498132382584283,69.6893063583815,Medium,12.5,Nurture / Monitor,6.21875,1,150.35,0.0,75.175,48.849710186077345,Low-cost digital nurture,0.5,1.4654913055823202,0.9654913055823202,Low-cost nurture communication and continued monitoring,1,0,
18202,2011-09-01,United Kingdom,0.578051805273435,57.36994219653179,Medium,69.6893063583815,Nurture / Monitor,99.49166666666666,2,911.26,0.001388888888888889,455.63,263.3777440367352,Low-cost digital nurture,0.5,7.901332321102055,7.401332321102055,Low-cost nurture communication and continued monitoring,1,1,321.0
18203,2011-09-01,United Kingdom,0.633882276582307,67.48554913294798,Medium,14.089595375722544,Nurture / Monitor,57.453472222222224,1,160.42000000000002,0.0,80.21000000000001,50.84369740466685,Low-cost digital nurture,0.5,1.5253109221400054,1.0253109221400054,Low-cost nurture communication and continued monitoring,1,0,
18204,2011-09-01,United Kingdom,0.4845471000572478,43.0635838150289,Low,79.8771676300578,Nurture / Monitor,9.618055555555555,2,1358.87,82.7388888888889,679.435,329.21825892739616,Low-cost digital nurture,0.5,9.876547767821885,9.376547767821885,Low-cost nurture communication and continued monitoring,0,1,268.0
18210,2011-09-01,United Kingdom,0.7277180098800967,82.15317919075144,High,11.34393063583815,Reactivate Efficiently,167.29305555555555,1,142.4,0.0,71.2,51.81352230346289,Automated targeted campaign,5.0,7.772028345519433,2.7720283455194332,Automated re-engagement with targeted product recommendations,0,0,
18211,2011-09-01,United Kingdom,0.6466212200230894,69.2557803468208,Medium,27.420520231213874,Nurture / Monitor,36.483333333333334,2,268.7,142.01041666666666,134.35,86.87356091010206,Low-cost digital nurture,0.5,2.6062068273030614,2.1062068273030614,Low-cost nurture communication and continued monitoring,0,1,1248.0
18213,2011-09-01,United Kingdom,0.7797629524278802,89.45086705202311,High,23.446531791907514,Reactivate Efficiently,136.56875,1,232.48000000000002,0.0,116.24000000000001,90.6396455902168,Automated targeted campaign,5.0,13.59594683853252,8.59594683853252,Automated re-engagement with targeted product recommendations,1,0,
18218,2011-09-01,United Kingdom,0.6856634760822617,75.61416184971098,Medium,39.37861271676301,Nurture / Monitor,111.46319444444444,1,352.7,0.0,176.35,120.91675400710686,Low-cost digital nurture,0.5,3.6275026202132055,3.1275026202132055,Low-cost nurture communication and continued monitoring,1,1,885.0
18219,2011-09-01,United Kingdom,0.24359325045212632,18.352601156069365,Low,68.71387283236994,Nurture / Monitor,49.43541666666667,5,882.76,85.96666666666667,441.38,107.51718888455952,Low-cost digital nurture,0.5,3.2255156665367855,2.7255156665367855,Low-cost nurture communication and continued monitoring,0,1,1027.0
18220,2011-09-01,United Kingdom,0.5704637643837779,56.358381502890175,Medium,32.153179190751445,Nurture / Monitor,126.62291666666667,1,305.28000000000003,0.0,152.64000000000001,87.07558899553986,Low-cost digital nurture,0.5,2.6122676698661955,2.1122676698661955,Low-cost nurture communication and continued monitoring,1,1,1242.0
18221,2011-09-01,United Kingdom,0.46044303388253793,39.197976878612714,Low,61.66907514450867,Nurture / Monitor,15.54861111111111,3,706.86,95.85902777777778,353.43,162.73438146510537,Low-cost digital nurture,0.5,4.882031443953161,4.382031443953161,Low-cost nurture communication and continued monitoring,0,1,603.0
18223,2011-09-01,United Kingdom,0.06209461249660181,5.527456647398844,Low,87.78901734104046,Protect High Value,43.37013888888889,6,1944.77,135.1951388888889,972.385,60.37986977250815,VIP or loyalty service,12.0,4.830389581800652,-7.169610418199348,Proactive loyalty or VIP service without aggressive discounting,0,0,
18224,2011-09-01,United Kingdom,0.8080396161911876,93.2442196531792,Critical,13.908959537572255,Reactivate Efficiently,163.5625,1,158.95000000000002,0.0,79.47500000000001,64.21894849679464,Automated targeted campaign,5.0,9.632842274519195,4.632842274519195,Automated re-engagement with targeted product recommendations,1,0,
18225,2011-09-01,United Kingdom,0.07686647246072632,6.719653179190751,Low,90.67919075144508,Protect High Value,13.252083333333333,5,2261.96,151.24305555555554,1130.98,86.93444302363226,VIP or loyalty service,12.0,6.954755441890581,-5.045244558109419,Proactive loyalty or VIP service without aggressive discounting,0,0,
18226,2011-09-01,United Kingdom,0.05772566535140413,5.130057803468208,Low,95.59248554913295,Protect High Value,20.552083333333332,8,3833.73,134.99652777777777,1916.865,110.65230751381928,VIP or loyalty service,12.0,8.852184601105543,-3.1478153988944566,Proactive loyalty or VIP service without aggressive discounting,0,0,
18227,2011-09-01,United Kingdom,0.8293150881072846,95.41184971098265,Critical,4.263005780346821,Reactivate Efficiently,117.48402777777778,1,93.75,0.0,46.875,38.874144755028965,Automated targeted campaign,5.0,5.831121713254345,0.8311217132543449,Automated re-engagement with targeted product recommendations,1,0,
18229,2011-09-01,United Kingdom,0.04659573900637988,4.226878612716764,Low,95.05057803468208,Protect High Value,10.559027777777779,9,3491.16,154.00347222222223,1745.58,81.33659009475659,VIP or loyalty service,12.0,6.506927207580527,-5.493072792419473,Proactive loyalty or VIP service without aggressive discounting,0,0,
18230,2011-09-01,United Kingdom,0.4040526574375822,32.080924855491325,Low,76.91473988439307,Nurture / Monitor,73.4576388888889,3,1178.46,79.0625,589.23,238.07994734194656,Low-cost digital nurture,0.5,7.142398420258397,6.642398420258397,Low-cost nurture communication and continued monitoring,0,1,350.0
18231,2011-09-01,United Kingdom,0.2745478438799419,20.700867052023124,Low,86.16329479768787,Protect High Value,92.40416666666667,4,1780.77,76.1125,890.385,244.45328197304207,VIP or loyalty service,12.0,19.556262557843365,7.556262557843365,Proactive loyalty or VIP service without aggressive discounting,1,0,
18232,2011-09-01,United Kingdom,0.5179916327754881,48.04913294797688,Low,51.01156069364162,Nurture / Monitor,57.53472222222222,3,500.62,39.77777777777778,250.31,129.65848560003244,Low-cost digital nurture,0.5,3.889754568000973,3.389754568000973,Low-cost nurture communication and continued monitoring,0,1,824.0
18235,2011-09-01,United Kingdom,0.5902752168691537,59.53757225433526,Medium,63.403179190751445,Nurture / Monitor,20.336111111111112,2,749.8,97.09791666666666,374.9,221.29417880424572,Low-cost digital nurture,0.5,6.638825364127372,6.138825364127372,Low-cost nurture communication and continued monitoring,0,1,393.0
18236,2011-09-01,United Kingdom,0.25894448115939783,19.29190751445087,Low,58.8150289017341,Nurture / Monitor,29.338194444444444,4,641.19,111.25069444444445,320.595,83.01630593729716,Low-cost digital nurture,0.5,2.490489178118915,1.990489178118915,Low-cost nurture communication and continued monitoring,0,0,
18237,2011-09-01,United Kingdom,0.4518958398143712,38.078034682080926,Low,54.69653179190751,Nurture / Monitor,19.469444444444445,2,566.5899999999999,14.985416666666667,283.29499999999996,128.01983194021227,Low-cost digital nurture,0.5,3.840594958206368,3.340594958206368,Low-cost nurture communication and continued monitoring,0,1,833.0
18239,2011-09-01,United Kingdom,0.5058193094961345,46.24277456647399,Low,58.887283236994215,Nurture / Monitor,118.47361111111111,2,643.0899999999999,41.890972222222224,321.54499999999996,162.64366987193455,Low-cost digital nurture,0.5,4.8793100961580365,4.3793100961580365,Low-cost nurture communication and continued monitoring,1,1,604.0
18241,2011-09-01,United Kingdom,0.05972799303940342,5.346820809248555,Low,77.02312138728324,Nurture / Monitor,6.545138888888889,10,1205.78,111.06458333333333,602.89,36.00940972352593,Low-cost digital nurture,0.5,1.0802822917057777,0.5802822917057777,Low-cost nurture communication and continued monitoring,0,0,
18242,2011-09-01,United Kingdom,0.5599761176814868,54.6242774566474,Medium,60.982658959537574,Nurture / Monitor,96.40138888888889,2,694.0799999999999,17.12638888888889,347.03999999999996,194.33411188018317,Low-cost digital nurture,0.5,5.830023356405495,5.330023356405495,Low-cost nurture communication and continued monitoring,0,1,467.0
18245,2011-09-01,United Kingdom,0.3742801172920802,29.696531791907514,Low,67.88294797687861,Nurture / Monitor,49.39652777777778,4,867.9000000000001,62.1875,433.95000000000005,162.41885689889824,Low-cost digital nurture,0.5,4.872565706966947,4.372565706966947,Low-cost nurture communication and continued monitoring,1,1,606.0
18246,2011-09-01,United Kingdom,0.917120991707069,99.45809248554913,Critical,23.55491329479769,Reactivate Efficiently,133.42013888888889,1,232.9,0.0,116.45,106.79873948428818,Automated targeted campaign,5.0,16.019810922643227,11.019810922643227,Automated re-engagement with targeted product recommendations,0,0,
18248,2011-09-01,United Kingdom,0.4976752837807603,45.05057803468208,Low,65.60693641618496,Nurture / Monitor,22.570138888888888,2,804.02,63.87569444444444,402.01,200.07044083270344,Low-cost digital nurture,0.5,6.002113224981103,5.502113224981103,Low-cost nurture communication and continued monitoring,1,1,452.0
18252,2011-09-01,United Kingdom,0.6978098489723802,77.42052023121387,Medium,2.5289017341040463,Nurture / Monitor,71.50902777777777,1,69.89999999999999,0.0,34.949999999999996,24.388454221584684,Low-cost digital nurture,0.5,0.7316536266475405,0.23165362664754052,Low-cost nurture communication and continued monitoring,0,0,
18257,2011-09-01,United Kingdom,0.269009522980444,20.339595375722546,Low,76.98699421965318,Nurture / Monitor,14.384027777777778,3,1199.07,92.19236111111111,599.535,161.28062436008048,Low-cost digital nurture,0.5,4.838418730802414,4.338418730802414,Low-cost nurture communication and continued monitoring,0,1,610.0
18260,2011-09-01,United Kingdom,0.20494034227939287,15.606936416184972,Low,86.77745664739885,Protect High Value,72.47430555555556,4,1840.58,97.08541666666666,920.29,188.60454759630247,VIP or loyalty service,12.0,15.088363807704198,3.088363807704198,Proactive loyalty or VIP service without aggressive discounting,1,0,
18262,2011-09-01,United Kingdom,0.6622147005209907,71.89306358381504,Medium,12.283236994219653,Nurture / Monitor,40.330555555555556,1,149.48,0.0,74.74,49.493926716938844,Low-cost digital nurture,0.5,1.4848178015081652,0.9848178015081652,Low-cost nurture communication and continued monitoring,1,0,
18263,2011-09-01,United Kingdom,0.5725996569474079,56.611271676300575,Medium,65.82369942196532,Nurture / Monitor,55.580555555555556,2,811.4,96.92777777777778,405.7,232.30368082356338,Low-cost digital nurture,0.5,6.969110424706901,6.469110424706901,Low-cost nurture communication and continued monitoring,0,1,366.0
18265,2011-09-01,United Kingdom,0.7024739700231674,78.32369942196532,Medium,50.361271676300575,Nurture / Monitor,58.356944444444444,1,488.55,0.0,244.275,171.5968290274092,Low-cost digital nurture,0.5,5.147904870822276,4.647904870822276,Low-cost nurture communication and continued monitoring,0,1,556.0
18268,2011-09-01,United Kingdom,0.7415355466692761,83.85115606936417,High,0.6141618497109826,Reactivate Efficiently,34.199305555555554,1,25.5,0.0,12.75,9.454578220033271,Automated targeted campaign,5.0,1.4181867330049907,-3.5818132669950096,Automated re-engagement with targeted product recommendations,1,0,
18270,2011-09-01,United Kingdom,0.7596571613631234,86.66907514450867,High,6.358381502890173,Reactivate Efficiently,166.47152777777777,1,111.95,0.0,55.975,42.52180960730084,Automated targeted campaign,5.0,6.378271441095126,1.3782714410951256,Automated re-engagement with targeted product recommendations,0,0,
18272,2011-09-01,United Kingdom,0.3246266313749722,24.783236994219653,Low,89.34248554913295,Protect High Value,13.495833333333334,4,2106.45,133.10486111111112,1053.225,341.9048838299051,VIP or loyalty service,12.0,27.35239070639241,15.35239070639241,Proactive loyalty or VIP service without aggressive discounting,0,0,
18273,2011-09-01,United Kingdom,0.9083643571925117,99.13294797687861,Critical,1.4270231213872833,Reactivate Efficiently,157.5263888888889,1,51.0,0.0,25.5,23.163291108409048,Automated targeted campaign,5.0,3.474493666261357,-1.525506333738643,Automated re-engagement with targeted product recommendations,0,0,
18280,2011-09-01,United Kingdom,0.7118670374568563,79.80491329479769,Medium,17.1242774566474,Nurture / Monitor,177.5888888888889,1,180.60000000000002,0.0,90.30000000000001,64.28159348235414,Low-cost digital nurture,0.5,1.9284478044706241,1.4284478044706241,Low-cost nurture communication and continued monitoring,1,0,
18281,2011-09-01,United Kingdom,0.8945043714109413,98.6271676300578,Critical,3.2153179190751446,Reactivate Efficiently,80.54652777777778,1,80.82,0.0,40.41,36.14692164871614,Automated targeted campaign,5.0,5.4220382473074205,0.42203824730742046,Automated re-engagement with targeted product recommendations,1,0,
18282,2011-09-01,United Kingdom,0.6895160424570752,76.08381502890174,Medium,4.696531791907514,Nurture / Monitor,26.43402777777778,1,100.21000000000001,0.0,50.105000000000004,34.54820130731176,Low-cost digital nurture,0.5,1.0364460392193526,0.5364460392193526,Low-cost nurture communication and continued monitoring,1,0,
18283,2011-09-01,United Kingdom,0.305171254997729,23.33815028901734,Low,58.562138728323696,Nurture / Monitor,48.44444444444444,6,635.28,83.86319444444445,317.64,96.93459743747864,Low-cost digital nurture,0.5,2.9080379231243594,2.4080379231243594,Low-cost nurture communication and continued monitoring,0,1,1132.0
18287,2011-09-01,United Kingdom,0.5545418434886545,53.32369942196532,Medium,64.23410404624278,Nurture / Monitor,101.55625,1,765.28,0.0,382.64,212.18989099249876,Low-cost digital nurture,0.5,6.365696729774963,5.865696729774963,Low-cost nurture communication and continued monitoring,0,1,416.0
