campaign_priority_rank,customer_id,snapshot_date,latest_country,retention_strategy,campaign_channel,churn_probability,risk_tier,estimated_90d_customer_value,revenue_at_risk,expected_campaign_cost,expected_preserved_revenue,expected_net_benefit,net_benefit_per_pound,cumulative_campaign_cost,cumulative_expected_net_benefit,value_aware_action,actual_churn
1,15749,2011-09-01,United Kingdom,Protect High Value,VIP or loyalty service,0.42706354033575966,Low,10767.95,4598.598849158444,12.0,367.88790793267555,355.88790793267555,29.657325661056294,12.0,355.88790793267555,Proactive loyalty or VIP service without aggressive discounting,1
2,15098,2011-09-01,United Kingdom,Protect High Value,VIP or loyalty service,0.19495519599155275,Low,19958.25,3890.9645403984077,12.0,311.27716323187263,299.27716323187263,24.939763602656054,24.0,655.1650711645482,Proactive loyalty or VIP service without aggressive discounting,1
3,13135,2011-09-01,United Kingdom,Rescue Now,Personal outreach,0.8939247130351293,Critical,1548.0,1383.7954557783803,50.0,345.9488639445951,295.9488639445951,5.9189772788919015,74.0,951.1139351091433,"Priority personal outreach, tailored incentive, and rapid follow-up",1
4,12590,2011-09-01,Germany,Protect High Value,VIP or loyalty service,0.4356235502386205,Low,4670.63,2034.636422451008,12.0,162.77091379608063,150.77091379608063,12.564242816340053,86.0,1101.8848489052239,Proactive loyalty or VIP service without aggressive discounting,1
5,14459,2011-09-01,United Kingdom,Rescue Now,Personal outreach,0.8519560903200809,Critical,918.96,782.9135687605416,50.0,195.7283921901354,145.7283921901354,2.914567843802708,136.0,1247.6132410953592,"Priority personal outreach, tailored incentive, and rapid follow-up",1
6,16152,2011-09-01,United Kingdom,Rescue Now,Personal outreach,0.7679887269431093,High,914.52,702.3410505640122,50.0,175.58526264100306,125.58526264100306,2.511705252820061,186.0,1373.1985037363622,"Priority personal outreach, tailored incentive, and rapid follow-up",1
7,16333,2011-09-01,United Kingdom,Protect High Value,VIP or loyalty service,0.3318897903563647,Low,4970.12,1649.532084845975,12.0,131.962566787678,119.96256678767801,9.996880565639835,198.0,1493.1610705240403,Proactive loyalty or VIP service without aggressive discounting,0
8,18173,2011-09-01,United Kingdom,Rescue Now,Personal outreach,0.7200617118409396,High,864.4200000000001,622.4357449495451,50.0,155.60893623738627,105.60893623738627,2.1121787247477255,248.0,1598.7700067614264,"Priority personal outreach, tailored incentive, and rapid follow-up",0
9,12798,2011-09-01,Japan,Rescue Now,Personal outreach,0.770343154764342,High,803.52,618.9861317162441,50.0,154.74653292906103,104.74653292906103,2.094930658581221,298.0,1703.5165396904874,"Priority personal outreach, tailored incentive, and rapid follow-up",0
10,13344,2011-09-01,United Kingdom,Rescue Now,Personal outreach,0.7397748735792365,High,828.075,612.5890784391263,50.0,153.14726960978157,103.14726960978157,2.0629453921956316,348.0,1806.663809300269,"Priority personal outreach, tailored incentive, and rapid follow-up",0
11,12744,2011-09-01,Singapore,Protect High Value,VIP or loyalty service,0.4669494806843348,Low,3034.0299999999997,1416.7387328806922,12.0,113.33909863045538,101.33909863045538,8.444924885871282,360.0,1908.0029079307242,Proactive loyalty or VIP service without aggressive discounting,0
12,17396,2011-09-01,United Kingdom,Protect High Value,VIP or loyalty service,0.6187596338227976,Medium,2193.1499999999996,1357.0326909184685,12.0,108.56261527347748,96.56261527347748,8.046884606123124,372.0,2004.5655232042016,Proactive loyalty or VIP service without aggressive discounting,0
13,12378,2011-09-01,Switzerland,Protect High Value,VIP or loyalty service,0.66806450903427,Medium,2004.31,1339.0083761024775,12.0,107.12067008819821,95.12067008819821,7.926722507349851,384.0,2099.6861932924,Proactive loyalty or VIP service without aggressive discounting,1
14,17553,2011-09-01,United Kingdom,Rescue Now,Personal outreach,0.7246265590881866,High,743.8,538.9772346497932,50.0,134.7443086624483,84.7443086624483,1.6948861732489662,434.0,2184.4305019548483,"Priority personal outreach, tailored incentive, and rapid follow-up",1
15,12409,2011-09-01,Switzerland,Protect High Value,VIP or loyalty service,0.3710413901353034,Low,3103.54,1151.5417959405195,12.0,92.12334367524156,80.12334367524156,6.67694530627013,446.0,2264.5538456300897,Proactive loyalty or VIP service without aggressive discounting,0
16,12432,2011-09-01,Norway,Protect High Value,VIP or loyalty service,0.684443507830735,Medium,1658.33,1135.0332023409428,12.0,90.80265618727543,78.80265618727543,6.566888015606286,458.0,2343.356501817365,Proactive loyalty or VIP service without aggressive discounting,0
17,16671,2011-09-01,United Kingdom,Rescue Now,Personal outreach,0.7366767838520791,High,691.44,509.36779542668165,50.0,127.34194885667041,77.34194885667041,1.5468389771334083,508.0,2420.6984506740355,"Priority personal outreach, tailored incentive, and rapid follow-up",0
18,13572,2011-09-01,United Kingdom,Rescue Now,Personal outreach,0.7224727972317819,High,692.125,500.04148478404704,50.0,125.01037119601176,75.01037119601176,1.5002074239202352,558.0,2495.7088218700474,"Priority personal outreach, tailored incentive, and rapid follow-up",1
19,12770,2011-09-01,Japan,Reactivate Efficiently,Automated targeted campaign,0.765049216317584,High,675.725,516.9628816961995,5.0,77.54443225442992,72.54443225442992,14.508886450885985,563.0,2568.2532541244773,Automated re-engagement with targeted product recommendations,1
20,16766,2011-09-01,United Kingdom,Reactivate Efficiently,Automated targeted campaign,0.8702214216146398,Critical,572.8,498.4628303008656,5.0,74.76942454512984,69.76942454512984,13.953884909025968,568.0,2638.022678669607,Automated re-engagement with targeted product recommendations,1
21,12688,2011-09-01,Israel,Protect High Value,VIP or loyalty service,0.40931279963624934,Low,2436.9049999999997,997.456407997574,12.0,79.79651263980593,67.79651263980593,5.6497093866504935,580.0,2705.819191309413,Proactive loyalty or VIP service without aggressive discounting,1
22,12769,2011-09-01,Brazil,Reactivate Efficiently,Automated targeted campaign,0.8361449925203079,Critical,571.8,478.107706723112,5.0,71.7161560084668,66.7161560084668,13.34323120169336,585.0,2772.5353473178798,Automated re-engagement with targeted product recommendations,1
23,12818,2011-09-01,Austria,Reactivate Efficiently,Automated targeted campaign,0.7898454630905234,Critical,591.0400000000001,466.83026250502303,5.0,70.02453937575345,65.02453937575345,13.004907875150689,590.0,2837.5598866936334,Automated re-engagement with targeted product recommendations,1
24,12830,2011-09-01,United Kingdom,Protect High Value,VIP or loyalty service,0.36461609266040573,Low,2602.0,948.7310731023757,12.0,75.89848584819006,63.89848584819006,5.324873820682505,602.0,2901.4583725418233,Proactive loyalty or VIP service without aggressive discounting,0
25,12514,2011-09-01,Italy,Reactivate Efficiently,Automated targeted campaign,0.8797859094661196,Critical,508.84,447.67026217274025,5.0,67.15053932591104,62.15053932591104,12.430107865182208,607.0,2963.6089118677346,Automated re-engagement with targeted product recommendations,1
26,12435,2011-09-01,Denmark,Protect High Value,VIP or loyalty service,0.46204531388248954,Low,1989.4950000000001,919.2368417426436,12.0,73.5389473394115,61.53894733941149,5.128245611617625,619.0,3025.147859207146,Proactive loyalty or VIP service without aggressive discounting,0
27,16182,2011-09-01,United Kingdom,Protect High Value,VIP or loyalty service,0.4299492752010671,Low,2009.5,863.9830685165443,12.0,69.11864548132355,57.118645481323554,4.7598871234436295,631.0,3082.26650468847,Proactive loyalty or VIP service without aggressive discounting,0
28,12754,2011-09-01,Japan,Protect High Value,VIP or loyalty service,0.5821150769116751,Medium,1482.585,863.0350813030958,12.0,69.04280650424766,57.042806504247665,4.753567208687305,643.0,3139.3093111927174,Proactive loyalty or VIP service without aggressive discounting,1
29,16692,2011-09-01,United Kingdom,Reactivate Efficiently,Automated targeted campaign,0.7379359639781379,High,558.75,412.3217198727845,5.0,61.84825798091767,56.84825798091767,11.369651596183534,648.0,3196.1575691736352,Automated re-engagement with targeted product recommendations,1
30,12753,2011-09-01,Japan,Protect High Value,VIP or loyalty service,0.23491145223073123,Low,3639.8900000000003,855.0518458601164,12.0,68.40414766880932,56.404147668809316,4.700345639067443,660.0,3252.5617168424446,Proactive loyalty or VIP service without aggressive discounting,0
31,14920,2011-09-01,United Kingdom,Reactivate Efficiently,Automated targeted campaign,0.824359413077474,Critical,488.885,403.01695166238085,5.0,60.45254274935712,55.45254274935712,11.090508549871425,665.0,3308.014259591802,Automated re-engagement with targeted product recommendations,1
32,16041,2011-09-01,United Kingdom,Protect High Value,VIP or loyalty service,0.6034555011678325,Medium,1369.9,826.6736910498138,12.0,66.1338952839851,54.1338952839851,4.511157940332091,677.0,3362.148154875787,Proactive loyalty or VIP service without aggressive discounting,0
33,12354,2011-09-01,Spain,Reactivate Efficiently,Automated targeted campaign,0.7248340782998594,High,539.7,391.1929520584341,5.0,58.678942808765115,53.678942808765115,10.735788561753022,682.0,3415.827097684552,Automated re-engagement with targeted product recommendations,1
34,15502,2011-09-01,United Kingdom,Protect High Value,VIP or loyalty service,0.3230712341962994,Low,2513.0649999999996,811.899011165523,12.0,64.95192089324185,52.95192089324185,4.412660074436821,694.0,3468.779018577794,Proactive loyalty or VIP service without aggressive discounting,0
35,17107,2011-09-01,United Kingdom,Protect High Value,VIP or loyalty service,0.25636664716085644,Low,3166.3050000000003,811.7349967386556,12.0,64.93879973909245,52.938799739092445,4.4115666449243705,706.0,3521.717818316886,Proactive loyalty or VIP service without aggressive discounting,0
36,15333,2011-09-01,United Kingdom,Reactivate Efficiently,Automated targeted campaign,0.7475177313545189,High,514.28,384.43341888100196,5.0,57.66501283215029,52.66501283215029,10.533002566430058,711.0,3574.3828311490365,Automated re-engagement with targeted product recommendations,1
37,18133,2011-09-01,United Kingdom,Reactivate Efficiently,Automated targeted campaign,0.8180429474049802,Critical,465.74999999999994,381.0035027538695,5.0,57.15052541308042,52.15052541308042,10.430105082616084,716.0,3626.5333565621168,Automated re-engagement with targeted product recommendations,1
38,16532,2011-09-01,United Kingdom,Protect High Value,VIP or loyalty service,0.6070699508626439,Medium,1303.2,791.1335599641976,12.0,63.29068479713581,51.29068479713581,4.274223733094651,728.0,3677.8240413592525,Proactive loyalty or VIP service without aggressive discounting,0
39,12557,2011-09-01,Spain,Protect High Value,VIP or loyalty service,0.31850945077276877,Low,2481.92,790.5149760619503,12.0,63.241198084956025,51.241198084956025,4.270099840413002,740.0,3729.0652394442086,Proactive loyalty or VIP service without aggressive discounting,0
40,18079,2011-09-01,United Kingdom,Protect High Value,VIP or loyalty service,0.7012163131108762,Medium,1103.09,773.5047028294764,12.0,61.880376226358116,49.880376226358116,4.156698018863176,752.0,3778.945615670567,Proactive loyalty or VIP service without aggressive discounting,0
41,13294,2011-09-01,United Kingdom,Reactivate Efficiently,Automated targeted campaign,0.8256382664713808,Critical,436.87,360.69658947335216,5.0,54.10448842100282,49.10448842100282,9.820897684200563,757.0,3828.0501040915697,Automated re-engagement with targeted product recommendations,1
42,13934,2011-09-01,United Kingdom,Reactivate Efficiently,Automated targeted campaign,0.7755568770956761,High,461.05,357.5704981849615,5.0,53.63557472774422,48.63557472774422,9.727114945548845,762.0,3876.685678819314,Automated re-engagement with targeted product recommendations,1
43,13308,2011-09-01,United Kingdom,Reactivate Efficiently,Automated targeted campaign,0.8769941613282147,Critical,407.475,357.3531958872143,5.0,53.60297938308215,48.60297938308215,9.72059587661643,767.0,3925.288658202396,Automated re-engagement with targeted product recommendations,0
44,13583,2011-09-01,United Kingdom,Reactivate Efficiently,Automated targeted campaign,0.9122494252984896,Critical,390.515,356.2470843204397,5.0,53.437062648065954,48.437062648065954,9.68741252961319,772.0,3973.725720850462,Automated re-engagement with targeted product recommendations,1
45,16216,2011-09-01,United Kingdom,Reactivate Efficiently,Automated targeted campaign,0.77706441575,High,457.46500000000003,355.47977295107376,5.0,53.32196594266106,48.32196594266106,9.664393188532213,777.0,4022.047686793123,Automated re-engagement with targeted product recommendations,1
46,18080,2011-09-01,United Kingdom,Reactivate Efficiently,Automated targeted campaign,0.8335408162283294,Critical,420.74999999999994,350.7122984280696,5.0,52.606844764210436,47.606844764210436,9.521368952842087,782.0,4069.6545315573335,Automated re-engagement with targeted product recommendations,0
47,17731,2011-09-01,United Kingdom,Reactivate Efficiently,Automated targeted campaign,0.7230973791830514,High,481.87,348.438934106937,5.0,52.26584011604054,47.26584011604054,9.453168023208109,787.0,4116.920371673374,Automated re-engagement with targeted product recommendations,0
48,15480,2011-09-01,Malta,Reactivate Efficiently,Automated targeted campaign,0.763802536801304,High,452.75,345.8115985367904,5.0,51.87173978051856,46.87173978051856,9.374347956103712,792.0,4163.792111453892,Automated re-engagement with targeted product recommendations,1
49,12717,2011-09-01,Greece,Reactivate Efficiently,Automated targeted campaign,0.8129756220900586,Critical,415.49,337.78324122219846,5.0,50.667486183329764,45.667486183329764,9.133497236665953,797.0,4209.459597637222,Automated re-engagement with targeted product recommendations,1
50,14936,2011-09-01,Channel Islands,Protect High Value,VIP or loyalty service,0.28416850763116575,Low,2536.44,720.776369495994,12.0,57.66210955967952,45.66210955967952,3.80517579663996,809.0,4255.121707196901,Proactive loyalty or VIP service without aggressive discounting,0
51,17444,2011-09-01,Canada,Protect High Value,VIP or loyalty service,0.5961305599121288,Medium,1194.5500000000002,712.1077603430336,12.0,56.96862082744269,44.96862082744269,3.7473850689535575,821.0,4300.090328024344,Proactive loyalty or VIP service without aggressive discounting,1
52,13122,2011-09-01,United Kingdom,Reactivate Efficiently,Automated targeted campaign,0.7309681871973754,High,451.835,330.2770108623261,5.0,49.541551629348916,44.541551629348916,8.908310325869783,826.0,4344.6318796536925,Automated re-engagement with targeted product recommendations,0
53,15076,2011-09-01,United Kingdom,Reactivate Efficiently,Automated targeted campaign,0.7438630472561208,High,440.425,327.61588258777704,5.0,49.14238238816655,44.14238238816655,8.828476477633311,831.0,4388.774262041859,Automated re-engagement with targeted product recommendations,1
54,16698,2011-09-01,United Kingdom,Protect High Value,VIP or loyalty service,0.6951104254318018,Medium,999.0,694.41531500637,12.0,55.553225200509594,43.553225200509594,3.6294354333757997,843.0,4432.327487242369,Proactive loyalty or VIP service without aggressive discounting,1
55,14145,2011-09-01,United Kingdom,Protect High Value,VIP or loyalty service,0.4778226535999279,Low,1425.6,681.1839749720572,12.0,54.494717997764575,42.494717997764575,3.5412264998137144,855.0,4474.822205240133,Proactive loyalty or VIP service without aggressive discounting,0
56,14055,2011-09-01,United Kingdom,Reactivate Efficiently,Automated targeted campaign,0.8712849768533101,Critical,362.82000000000005,316.11961530191803,5.0,47.4179422952877,42.4179422952877,8.48358845905754,860.0,4517.240147535421,Automated re-engagement with targeted product recommendations,1
57,17649,2011-09-01,United Kingdom,Reactivate Efficiently,Automated targeted campaign,0.7217146043833302,High,434.245,313.40095838043925,5.0,47.01014375706588,42.01014375706588,8.402028751413177,865.0,4559.2502912924865,Automated re-engagement with targeted product recommendations,1
58,15832,2011-09-01,United Kingdom,Reactivate Efficiently,Automated targeted campaign,0.7435864640309204,High,418.395,311.11285861821693,5.0,46.66692879273254,41.66692879273254,8.333385758546509,870.0,4600.917220085219,Automated re-engagement with targeted product recommendations,1
59,13316,2011-09-01,United Kingdom,Protect High Value,VIP or loyalty service,0.37804813059296916,Low,1767.5900000000001,668.2340951548264,12.0,53.45872761238611,41.45872761238611,3.4548939676988426,882.0,4642.375947697605,Proactive loyalty or VIP service without aggressive discounting,0
60,16989,2011-09-01,United Kingdom,Reactivate Efficiently,Automated targeted campaign,0.717131654308368,High,428.85,307.54190995014363,5.0,46.13128649252155,41.13128649252155,8.22625729850431,887.0,4683.507234190126,Automated re-engagement with targeted product recommendations,0
61,14930,2011-09-01,Channel Islands,Protect High Value,VIP or loyalty service,0.5618825547816397,Medium,1181.48,663.8530008234118,12.0,53.10824006587294,41.10824006587294,3.4256866721560786,899.0,4724.615474255999,Proactive loyalty or VIP service without aggressive discounting,1
62,16276,2011-09-01,United Kingdom,Reactivate Efficiently,Automated targeted campaign,0.7575477979088333,High,405.30000000000007,307.0341224924502,5.0,46.05511837386753,41.05511837386753,8.211023674773505,904.0,4765.670592629866,Automated re-engagement with targeted product recommendations,1
63,15826,2011-09-01,United Kingdom,Reactivate Efficiently,Automated targeted campaign,0.8492833128412479,Critical,360.0,305.74199262284924,5.0,45.86129889342738,40.86129889342738,8.172259778685476,909.0,4806.531891523294,Automated re-engagement with targeted product recommendations,0
64,16377,2011-09-01,United Kingdom,Reactivate Efficiently,Automated targeted campaign,0.9040219510185323,Critical,338.1,305.6498216393658,5.0,45.84747324590487,40.84747324590487,8.169494649180974,914.0,4847.379364769198,Automated re-engagement with targeted product recommendations,1
65,12444,2011-09-01,Norway,Protect High Value,VIP or loyalty service,0.552317211946641,Medium,1173.635,648.218811042996,12.0,51.85750488343968,39.85750488343968,3.3214587402866402,926.0,4887.236869652638,Proactive loyalty or VIP service without aggressive discounting,0
66,15786,2011-09-01,United Kingdom,Protect High Value,VIP or loyalty service,0.4114651879846609,Low,1573.82,647.572142154019,12.0,51.80577137232152,39.80577137232152,3.317147614360127,938.0,4927.04264102496,Proactive loyalty or VIP service without aggressive discounting,0
67,13341,2011-09-01,United Kingdom,Reactivate Efficiently,Automated targeted campaign,0.7670470361489418,High,387.925,297.5567214980782,5.0,44.63350822471173,39.63350822471173,7.926701644942346,943.0,4966.676149249672,Automated re-engagement with targeted product recommendations,1
68,13388,2011-09-01,United Kingdom,Reactivate Efficiently,Automated targeted campaign,0.8716477494241442,Critical,338.54999999999995,295.096345567544,5.0,44.2644518351316,39.2644518351316,7.852890367026321,948.0,5005.940601084803,Automated re-engagement with targeted product recommendations,1
69,15223,2011-09-01,United Kingdom,Reactivate Efficiently,Automated targeted campaign,0.7804810177699757,High,377.875,294.9242645898296,5.0,44.238639688474436,39.238639688474436,7.847727937694887,953.0,5045.179240773277,Automated re-engagement with targeted product recommendations,1
70,12758,2011-09-01,Portugal,Protect High Value,VIP or loyalty service,0.4583082988011318,Low,1395.795,639.7044319251257,12.0,51.17635455401006,39.17635455401006,3.264696212834172,965.0,5084.355595327287,Proactive loyalty or VIP service without aggressive discounting,1
71,13952,2011-09-01,United Kingdom,Protect High Value,VIP or loyalty service,0.3907421041423206,Low,1625.5349999999999,635.164966256987,12.0,50.81319730055896,38.81319730055896,3.2344331083799136,977.0,5123.168792627846,Proactive loyalty or VIP service without aggressive discounting,1
72,13324,2011-09-01,United Kingdom,Protect High Value,VIP or loyalty service,0.4720516490843598,Low,1344.195,634.529466440951,12.0,50.76235731527608,38.76235731527608,3.2301964429396732,989.0,5161.931149943122,Proactive loyalty or VIP service without aggressive discounting,0
73,17426,2011-09-01,United Kingdom,Protect High Value,VIP or loyalty service,0.6063842415366499,Medium,1042.675,632.2616890442265,12.0,50.58093512353812,38.58093512353812,3.2150779269615097,1001.0,5200.512085066661,Proactive loyalty or VIP service without aggressive discounting,0
74,13452,2011-09-01,United Kingdom,Reactivate Efficiently,Automated targeted campaign,0.9740169880965337,Critical,295.0,287.33501148847745,5.0,43.10025172327162,38.10025172327162,7.620050344654324,1006.0,5238.612336789933,Automated re-engagement with targeted product recommendations,1
75,16763,2011-09-01,United Kingdom,Reactivate Efficiently,Automated targeted campaign,0.9371301553879823,Critical,305.925,286.6915427870685,5.0,43.003731418060276,38.003731418060276,7.600746283612056,1011.0,5276.616068207993,Automated re-engagement with targeted product recommendations,1
76,12477,2011-09-01,Germany,Protect High Value,VIP or loyalty service,0.19288258186592233,Low,3239.04,624.7543979669971,12.0,49.98035183735977,37.98035183735977,3.165029319779981,1023.0,5314.596420045353,Proactive loyalty or VIP service without aggressive discounting,0
77,14885,2011-09-01,United Kingdom,Reactivate Efficiently,Automated targeted campaign,0.7301563982911089,High,382.65999999999997,279.4016473700757,5.0,41.91024710551135,36.91024710551135,7.382049421102271,1028.0,5351.506667150864,Automated re-engagement with targeted product recommendations,1
78,15372,2011-09-01,United Kingdom,Protect High Value,VIP or loyalty service,0.6088519148508954,Medium,1003.6999999999999,611.1046669358436,12.0,48.88837335486749,36.88837335486749,3.074031112905624,1040.0,5388.395040505731,Proactive loyalty or VIP service without aggressive discounting,1
79,14603,2011-09-01,United Kingdom,Reactivate Efficiently,Automated targeted campaign,0.8440589878208872,Critical,330.0,278.53946598089277,5.0,41.78091989713391,36.78091989713391,7.356183979426783,1045.0,5425.175960402865,Automated re-engagement with targeted product recommendations,1
80,12438,2011-09-01,Norway,Reactivate Efficiently,Automated targeted campaign,0.7203616277063178,High,385.03499999999997,277.36443932390205,5.0,41.6046658985853,36.6046658985853,7.320933179717061,1050.0,5461.78062630145,Automated re-engagement with targeted product recommendations,0
81,13220,2011-09-01,United Kingdom,Reactivate Efficiently,Automated targeted campaign,0.7618325843820675,High,363.245,276.7318771138641,5.0,41.50978156707961,36.50978156707961,7.301956313415921,1055.0,5498.29040786853,Automated re-engagement with targeted product recommendations,0
82,17686,2011-09-01,United Kingdom,Protect High Value,VIP or loyalty service,0.4043748790953408,Low,1498.37,605.9031875900857,12.0,48.47225500720686,36.47225500720686,3.039354583933905,1067.0,5534.762662875736,Proactive loyalty or VIP service without aggressive discounting,0
83,18189,2011-09-01,United Kingdom,Reactivate Efficiently,Automated targeted campaign,0.863918658383352,Critical,316.55,273.4734513112501,5.0,41.02101769668751,36.02101769668751,7.2042035393375015,1072.0,5570.783680572424,Automated re-engagement with targeted product recommendations,0
84,17353,2011-09-01,United Kingdom,Protect High Value,VIP or loyalty service,0.6693275606864245,Medium,870.0,582.3149777971894,12.0,46.58519822377515,34.58519822377515,2.8820998519812626,1084.0,5605.368878796199,Proactive loyalty or VIP service without aggressive discounting,1
85,13209,2011-09-01,United Kingdom,Protect High Value,VIP or loyalty service,0.30744672777708953,Low,1862.94,572.7548070450512,12.0,45.820384563604094,33.820384563604094,2.818365380300341,1096.0,5639.189263359804,Proactive loyalty or VIP service without aggressive discounting,0
86,17597,2011-09-01,United Kingdom,Protect High Value,VIP or loyalty service,0.5600810244381971,Medium,1022.1850000000001,572.5064219653585,12.0,45.800513757228686,33.800513757228686,2.8167094797690573,1108.0,5672.989777117033,Proactive loyalty or VIP service without aggressive discounting,1
87,13365,2011-09-01,United Kingdom,Reactivate Efficiently,Automated targeted campaign,0.7328739107678953,High,350.3,256.72573094199373,5.0,38.50885964129906,33.50885964129906,6.701771928259812,1113.0,5706.4986367583315,Automated re-engagement with targeted product recommendations,0
88,16303,2011-09-01,United Kingdom,Protect High Value,VIP or loyalty service,0.35284309270877423,Low,1604.575,566.1632054831814,12.0,45.29305643865451,33.29305643865451,2.7744213698878757,1125.0,5739.791693196986,Proactive loyalty or VIP service without aggressive discounting,0
89,17133,2011-09-01,United Kingdom,Protect High Value,VIP or loyalty service,0.4553097103607658,Low,1239.395,564.3085784725813,12.0,45.14468627780651,33.14468627780651,2.762057189817209,1137.0,5772.936379474792,Proactive loyalty or VIP service without aggressive discounting,0
90,12424,2011-09-01,Australia,Protect High Value,VIP or loyalty service,0.640742324303942,Medium,880.4800000000001,564.1608017031349,12.0,45.132864136250795,33.132864136250795,2.761072011354233,1149.0,5806.069243611043,Proactive loyalty or VIP service without aggressive discounting,1
91,13814,2011-09-01,Germany,Reactivate Efficiently,Automated targeted campaign,0.8159068651111115,Critical,308.77,251.9275627403579,5.0,37.78913441105368,32.78913441105368,6.557826882210736,1154.0,5838.858378022097,Automated re-engagement with targeted product recommendations,0
92,14235,2011-09-01,United Kingdom,Protect High Value,VIP or loyalty service,0.39748615551641014,Low,1401.43,557.0490229253627,12.0,44.56392183402902,32.56392183402902,2.7136601528357516,1166.0,5871.422299856126,Proactive loyalty or VIP service without aggressive discounting,0
93,17723,2011-09-01,United Kingdom,Protect High Value,VIP or loyalty service,0.33683596020476714,Low,1638.2000000000003,551.8046700074497,12.0,44.144373600595976,32.144373600595976,2.678697800049665,1178.0,5903.566673456722,Proactive loyalty or VIP service without aggressive discounting,1
94,17749,2011-09-01,United Kingdom,Reactivate Efficiently,Automated targeted campaign,0.7327325609855122,High,337.26,247.12138351797384,5.0,37.068207527696075,32.068207527696075,6.413641505539215,1183.0,5935.6348809844185,Automated re-engagement with targeted product recommendations,1
95,17958,2011-09-01,United Kingdom,Reactivate Efficiently,Automated targeted campaign,0.9586432653363027,Critical,254.22999999999996,243.7158773464482,5.0,36.55738160196723,31.55738160196723,6.311476320393446,1188.0,5967.192262586385,Automated re-engagement with targeted product recommendations,1
96,13523,2011-09-01,United Kingdom,Protect High Value,VIP or loyalty service,0.6040497856902538,Medium,901.145,544.3364441258437,12.0,43.5469155300675,31.5469155300675,2.628909627505625,1200.0,5998.739178116452,Proactive loyalty or VIP service without aggressive discounting,0
97,15442,2011-09-01,United Kingdom,Reactivate Efficiently,Automated targeted campaign,0.8174722577140661,Critical,297.0,242.78926054107762,5.0,36.41838908116164,31.418389081161642,6.283677816232329,1205.0,6030.157567197614,Automated re-engagement with targeted product recommendations,1
98,15665,2011-09-01,United Kingdom,Protect High Value,VIP or loyalty service,0.4880403039505585,Low,1111.105,542.2640219209853,12.0,43.381121753678826,31.381121753678826,2.6150934794732357,1217.0,6061.538688951293,Proactive loyalty or VIP service without aggressive discounting,1
99,17443,2011-09-01,Canada,Reactivate Efficiently,Automated targeted campaign,0.885307502022512,Critical,267.12,236.4833399402534,5.0,35.472500991038004,30.472500991038004,6.094500198207601,1222.0,6092.011189942331,Automated re-engagement with targeted product recommendations,1
100,15704,2011-09-01,United Kingdom,Protect High Value,VIP or loyalty service,0.4628553283774116,Low,1146.81,530.8071191364994,12.0,42.46456953091995,30.464569530919952,2.5387141275766627,1234.0,6122.475759473251,Proactive loyalty or VIP service without aggressive discounting,1
101,14645,2011-09-01,United Kingdom,Reactivate Efficiently,Automated targeted campaign,0.7903816429078051,Critical,298.545,235.96448758191067,5.0,35.3946731372866,30.394673137286603,6.07893462745732,1239.0,6152.870432610537,Automated re-engagement with targeted product recommendations,1
102,15147,2011-09-01,United Kingdom,Reactivate Efficiently,Automated targeted campaign,0.7519592036125697,High,311.75,234.42328172621862,5.0,35.16349225893279,30.16349225893279,6.032698451786558,1244.0,6183.03392486947,Automated re-engagement with targeted product recommendations,1
103,14873,2011-09-01,United Kingdom,Reactivate Efficiently,Automated targeted campaign,0.8970963498934997,Critical,259.84,233.10151555632694,5.0,34.96522733344904,29.965227333449043,5.993045466689809,1249.0,6212.999152202919,Automated re-engagement with targeted product recommendations,1
104,17152,2011-09-01,United Kingdom,Protect High Value,VIP or loyalty service,0.6190740250088886,Medium,844.75,522.9627826262587,12.0,41.837022610100696,29.837022610100696,2.4864185508417247,1261.0,6242.836174813019,Proactive loyalty or VIP service without aggressive discounting,1
105,16278,2011-09-01,United Kingdom,Reactivate Efficiently,Automated targeted campaign,0.8065191540769406,Critical,283.19,228.3981592430488,5.0,34.25972388645732,29.259723886457323,5.851944777291465,1266.0,6272.0958986994765,Automated re-engagement with targeted product recommendations,1
106,12749,2011-09-01,United Kingdom,Protect High Value,VIP or loyalty service,0.3736460498877679,Low,1377.615,514.7404030161374,12.0,41.179232241291,29.179232241290997,2.4316026867742497,1278.0,6301.275130940768,Proactive loyalty or VIP service without aggressive discounting,0
107,12426,2011-09-01,Germany,Reactivate Efficiently,Automated targeted campaign,0.885328450564521,Critical,255.365,226.0818997784089,5.0,33.912284966761334,28.912284966761334,5.782456993352267,1283.0,6330.187415907529,Automated re-engagement with targeted product recommendations,1
108,16135,2011-09-01,United Kingdom,Reactivate Efficiently,Automated targeted campaign,0.871818343517649,Critical,258.775,225.6047918437796,5.0,33.84071877656694,28.840718776566938,5.768143755313387,1288.0,6359.028134684096,Automated re-engagement with targeted product recommendations,1
109,16022,2011-09-01,United Kingdom,Reactivate Efficiently,Automated targeted campaign,0.7437641160416062,High,301.315,224.10728462507657,5.0,33.61609269376149,28.616092693761487,5.723218538752297,1293.0,6387.6442273778575,Automated re-engagement with targeted product recommendations,1
110,14338,2011-09-01,United Kingdom,Reactivate Efficiently,Automated targeted campaign,0.7531410839822482,High,294.11,221.50632421001905,5.0,33.22594863150285,28.225948631502852,5.64518972630057,1298.0,6415.87017600936,Automated re-engagement with targeted product recommendations,1
111,17955,2011-09-01,United Kingdom,Reactivate Efficiently,Automated targeted campaign,0.7929440934035301,Critical,278.65,220.95387162689366,5.0,33.143080744034044,28.143080744034044,5.628616148806809,1303.0,6444.013256753394,Automated re-engagement with targeted product recommendations,1
112,13169,2011-09-01,United Kingdom,Reactivate Efficiently,Automated targeted campaign,0.8739308388670943,Critical,252.6,220.75492989782802,5.0,33.1132394846742,28.113239484674203,5.622647896934841,1308.0,6472.126496238068,Automated re-engagement with targeted product recommendations,0
113,16116,2011-09-01,United Kingdom,Reactivate Efficiently,Automated targeted campaign,0.7168337722867908,High,306.39,219.6306994909498,5.0,32.94460492364247,27.944604923642473,5.588920984728494,1313.0,6500.07110116171,Automated re-engagement with targeted product recommendations,1
114,17970,2011-09-01,United Kingdom,Reactivate Efficiently,Automated targeted campaign,0.7542386127637187,High,281.395,212.2389744386466,5.0,31.83584616579699,26.83584616579699,5.367169233159398,1318.0,6526.906947327508,Automated re-engagement with targeted product recommendations,1
115,12545,2011-09-01,Spain,Reactivate Efficiently,Automated targeted campaign,0.7789442413612206,High,272.075,211.9312544683541,5.0,31.789688170253115,26.789688170253115,5.357937634050623,1323.0,6553.69663549776,Automated re-engagement with targeted product recommendations,0
116,12355,2011-09-01,Bahrain,Reactivate Efficiently,Automated targeted campaign,0.9190616484287468,Critical,229.7,211.10846064408312,5.0,31.666269096612467,26.666269096612467,5.333253819322493,1328.0,6580.362904594373,Automated re-engagement with targeted product recommendations,1
117,15655,2011-09-01,United Kingdom,Reactivate Efficiently,Automated targeted campaign,0.743590445898856,High,280.335,208.4544276510558,5.0,31.268164147658368,26.268164147658368,5.253632829531673,1333.0,6606.631068742031,Automated re-engagement with targeted product recommendations,1
118,13043,2011-09-01,United Kingdom,Reactivate Efficiently,Automated targeted campaign,0.8011465896473323,Critical,258.21,206.86406091283766,5.0,31.029609136925647,26.029609136925647,5.205921827385129,1338.0,6632.660677878956,Automated re-engagement with targeted product recommendations,1
119,16142,2011-09-01,United Kingdom,Reactivate Efficiently,Automated targeted campaign,0.7651283518441939,High,267.67,204.8019059381354,5.0,30.72028589072031,25.72028589072031,5.144057178144061,1343.0,6658.380963769677,Automated re-engagement with targeted product recommendations,1
120,17040,2011-09-01,United Kingdom,Reactivate Efficiently,Automated targeted campaign,0.8951008430626384,Critical,224.865,201.27685107528018,5.0,30.191527661292024,25.191527661292024,5.038305532258405,1348.0,6683.5724914309685,Automated re-engagement with targeted product recommendations,1
121,15825,2011-09-01,United Kingdom,Reactivate Efficiently,Automated targeted campaign,0.7427817504627832,High,266.47,197.92905304581785,5.0,29.689357956872676,24.689357956872676,4.9378715913745355,1353.0,6708.261849387841,Automated re-engagement with targeted product recommendations,1
122,15149,2011-09-01,United Kingdom,Reactivate Efficiently,Automated targeted campaign,0.7445562308130207,High,260.40000000000003,193.88244250371062,5.0,29.082366375556592,24.082366375556592,4.816473275111319,1358.0,6732.344215763397,Automated re-engagement with targeted product recommendations,1
123,13217,2011-09-01,United Kingdom,Reactivate Efficiently,Automated targeted campaign,0.7219483695385629,High,266.99,192.75299518310092,5.0,28.912949277465138,23.912949277465138,4.782589855493027,1363.0,6756.257165040863,Automated re-engagement with targeted product recommendations,1
124,17159,2011-09-01,United Kingdom,Reactivate Efficiently,Automated targeted campaign,0.717431395090494,High,264.225,189.5633103677858,5.0,28.43449655516787,23.43449655516787,4.6868993110335735,1368.0,6779.691661596031,Automated re-engagement with targeted product recommendations,0
125,15109,2011-09-01,United Kingdom,Reactivate Efficiently,Automated targeted campaign,0.7803642813062985,High,242.475,189.21882910974475,5.0,28.382824366461712,23.382824366461712,4.676564873292342,1373.0,6803.074485962493,Automated re-engagement with targeted product recommendations,1
126,16834,2011-09-01,United Kingdom,Reactivate Efficiently,Automated targeted campaign,0.910564449900466,Critical,206.73,188.24098872792334,5.0,28.2361483091885,23.2361483091885,4.6472296618377005,1378.0,6826.310634271681,Automated re-engagement with targeted product recommendations,1
127,15891,2011-09-01,United Kingdom,Reactivate Efficiently,Automated targeted campaign,0.7219498117382699,High,254.565,183.78315382515268,5.0,27.567473073772902,22.567473073772902,4.51349461475458,1383.0,6848.878107345454,Automated re-engagement with targeted product recommendations,1
128,17140,2011-09-01,United Kingdom,Reactivate Efficiently,Automated targeted campaign,0.805690478565771,Critical,227.06,182.94008006314397,5.0,27.441012009471596,22.441012009471596,4.488202401894319,1388.0,6871.3191193549255,Automated re-engagement with targeted product recommendations,1
129,17193,2011-09-01,United Kingdom,Reactivate Efficiently,Automated targeted campaign,0.8016110028466298,Critical,224.28000000000003,179.78531571844215,5.0,26.967797357766322,21.967797357766322,4.393559471553265,1393.0,6893.286916712692,Automated re-engagement with targeted product recommendations,0
130,15630,2011-09-01,United Kingdom,Reactivate Efficiently,Automated targeted campaign,0.9006965314033513,Critical,198.43,178.725212726367,5.0,26.80878190895505,21.80878190895505,4.36175638179101,1398.0,6915.095698621647,Automated re-engagement with targeted product recommendations,0
131,13398,2011-09-01,United Kingdom,Reactivate Efficiently,Automated targeted campaign,0.7794092519450261,High,228.67,178.22751364226912,5.0,26.734127046340365,21.734127046340365,4.346825409268073,1403.0,6936.829825667987,Automated re-engagement with targeted product recommendations,1
132,16643,2011-09-01,United Kingdom,Reactivate Efficiently,Automated targeted campaign,0.7269971041221395,High,243.755,177.2091791152921,5.0,26.581376867293816,21.581376867293816,4.3162753734587636,1408.0,6958.4112025352815,Automated re-engagement with targeted product recommendations,1
133,14022,2011-09-01,United Kingdom,Reactivate Efficiently,Automated targeted campaign,0.7949579460141205,Critical,220.0,174.8907481231065,5.0,26.233612218465975,21.233612218465975,4.246722443693195,1413.0,6979.644814753748,Automated re-engagement with targeted product recommendations,1
134,16917,2011-09-01,United Kingdom,Reactivate Efficiently,Automated targeted campaign,0.8821167435369226,Critical,195.76,172.68317371478796,5.0,25.90247605721819,20.90247605721819,4.180495211443638,1418.0,7000.547290810966,Automated re-engagement with targeted product recommendations,1
135,15599,2011-09-01,United Kingdom,Reactivate Efficiently,Automated targeted campaign,0.7606087659741887,High,224.415,170.69201621609756,5.0,25.603802432414632,20.603802432414632,4.120760486482927,1423.0,7021.15109324338,Automated re-engagement with targeted product recommendations,0
136,12809,2011-09-01,Portugal,Reactivate Efficiently,Automated targeted campaign,0.8366530140487279,Critical,202.655,169.55191656204497,5.0,25.432787484306743,20.432787484306743,4.0865574968613485,1428.0,7041.583880727687,Automated re-engagement with targeted product recommendations,1
137,15230,2011-09-01,United Kingdom,Reactivate Efficiently,Automated targeted campaign,0.7842186079737087,Critical,214.8,168.45015699275262,5.0,25.267523548912894,20.267523548912894,4.053504709782579,1433.0,7061.8514042766,Automated re-engagement with targeted product recommendations,1
138,14691,2011-09-01,United Kingdom,Reactivate Efficiently,Automated targeted campaign,0.7602573083484354,High,219.8,167.10455637498612,5.0,25.065683456247918,20.065683456247918,4.013136691249583,1438.0,7081.917087732848,Automated re-engagement with targeted product recommendations,0
139,13509,2011-09-01,United Kingdom,Reactivate Efficiently,Automated targeted campaign,0.745491841287986,High,220.35,164.2691272278077,5.0,24.640369084171155,19.640369084171155,3.928073816834231,1443.0,7101.557456817019,Automated re-engagement with targeted product recommendations,0
140,14348,2011-09-01,United Kingdom,Reactivate Efficiently,Automated targeted campaign,0.799249207396948,Critical,204.785,163.674248936784,5.0,24.551137340517602,19.551137340517602,3.9102274681035203,1448.0,7121.108594157537,Automated re-engagement with targeted product recommendations,1
141,17701,2011-09-01,United Kingdom,Reactivate Efficiently,Automated targeted campaign,0.7827481166221896,High,208.975,163.57478767112207,5.0,24.536218150668308,19.536218150668308,3.9072436301336615,1453.0,7140.644812308205,Automated re-engagement with targeted product recommendations,1
142,17423,2011-09-01,United Kingdom,Reactivate Efficiently,Automated targeted campaign,0.7162063216570552,High,224.71,160.9387225395569,5.0,24.14080838093353,19.14080838093353,3.8281616761867063,1458.0,7159.785620689138,Automated re-engagement with targeted product recommendations,0
143,14619,2011-09-01,United Kingdom,Reactivate Efficiently,Automated targeted campaign,0.8133019170727547,Critical,197.22,160.3994040850887,5.0,24.059910612763304,19.059910612763304,3.811982122552661,1463.0,7178.845531301901,Automated re-engagement with targeted product recommendations,1
144,16319,2011-09-01,United Kingdom,Reactivate Efficiently,Automated targeted campaign,0.7908440691784973,Critical,202.20000000000002,159.90867078789216,5.0,23.986300618183822,18.986300618183822,3.7972601236367645,1468.0,7197.831831920085,Automated re-engagement with targeted product recommendations,1
145,14149,2011-09-01,United Kingdom,Reactivate Efficiently,Automated targeted campaign,0.714582648412979,High,223.31,159.57345121710236,5.0,23.936017682565353,18.936017682565353,3.7872035365130707,1473.0,7216.767849602651,Automated re-engagement with targeted product recommendations,1
146,13109,2011-09-01,United Kingdom,Reactivate Efficiently,Automated targeted campaign,0.86117327209031,Critical,184.925,159.2524673413006,5.0,23.887870101195087,18.887870101195087,3.7775740202390176,1478.0,7235.655719703846,Automated re-engagement with targeted product recommendations,0
147,16624,2011-09-01,United Kingdom,Reactivate Efficiently,Automated targeted campaign,0.7455958896043982,High,213.215,158.97222760200177,5.0,23.845834140300266,18.845834140300266,3.769166828060053,1483.0,7254.501553844147,Automated re-engagement with targeted product recommendations,0
148,14288,2011-09-01,United Kingdom,Reactivate Efficiently,Automated targeted campaign,0.7451755264253308,High,213.3,158.94593978652307,5.0,23.84189096797846,18.84189096797846,3.768378193595692,1488.0,7273.343444812125,Automated re-engagement with targeted product recommendations,1
149,15225,2011-09-01,United Kingdom,Reactivate Efficiently,Automated targeted campaign,0.7684551610220802,High,204.70000000000002,157.30277146121983,5.0,23.595415719182974,18.595415719182974,3.7190831438365946,1493.0,7291.938860531308,Automated re-engagement with targeted product recommendations,1
150,15695,2011-09-01,United Kingdom,Reactivate Efficiently,Automated targeted campaign,0.7614929779985683,High,204.99,156.09844555992652,5.0,23.414766833988978,18.414766833988978,3.6829533667977956,1498.0,7310.353627365297,Automated re-engagement with targeted product recommendations,1
151,17486,2011-09-01,United Kingdom,Reactivate Efficiently,Automated targeted campaign,0.786208264460849,Critical,198.435,156.01123695828858,5.0,23.401685543743287,18.401685543743287,3.6803371087486574,1503.0,7328.75531290904,Automated re-engagement with targeted product recommendations,1
152,12580,2011-09-01,Germany,Reactivate Efficiently,Automated targeted campaign,0.8208013727345871,Critical,189.85,155.82914061366137,5.0,23.374371092049206,18.374371092049206,3.6748742184098413,1508.0,7347.129684001089,Automated re-engagement with targeted product recommendations,1
153,15405,2011-09-01,United Kingdom,Reactivate Efficiently,Automated targeted campaign,0.8898069553125506,Critical,174.55,155.3158040498057,5.0,23.297370607470857,18.297370607470857,3.6594741214941715,1513.0,7365.42705460856,Automated re-engagement with targeted product recommendations,1
154,15639,2011-09-01,United Kingdom,Reactivate Efficiently,Automated targeted campaign,0.725415035431327,High,212.66,154.266761434826,5.0,23.1400142152239,18.1400142152239,3.62800284304478,1518.0,7383.567068823784,Automated re-engagement with targeted product recommendations,1
155,14681,2011-09-01,United Kingdom,Reactivate Efficiently,Automated targeted campaign,0.7804123821783309,High,196.975,153.7217289795767,5.0,23.058259346936506,18.058259346936506,3.611651869387301,1523.0,7401.62532817072,Automated re-engagement with targeted product recommendations,0
156,13358,2011-09-01,United Kingdom,Reactivate Efficiently,Automated targeted campaign,0.7888933221890723,Critical,194.515,153.4515845656074,5.0,23.01773768484111,18.01773768484111,3.6035475369682217,1528.0,7419.643065855562,Automated re-engagement with targeted product recommendations,1
157,17715,2011-09-01,United Kingdom,Reactivate Efficiently,Automated targeted campaign,0.9191220152971403,Critical,163.2,150.0007128964933,5.0,22.500106934473994,17.500106934473994,3.5000213868947987,1533.0,7437.143172790036,Automated re-engagement with targeted product recommendations,1
158,15063,2011-09-01,United Kingdom,Reactivate Efficiently,Automated targeted campaign,0.8079736543873831,Critical,185.39999999999998,149.7983155234208,5.0,22.46974732851312,17.46974732851312,3.4939494657026238,1538.0,7454.6129201185495,Automated re-engagement with targeted product recommendations,1
159,12792,2011-09-01,Portugal,Reactivate Efficiently,Automated targeted campaign,0.8573049832740112,Critical,172.26999999999998,147.6879294686139,5.0,22.153189420292083,17.153189420292083,3.4306378840584166,1543.0,7471.766109538841,Automated re-engagement with targeted product recommendations,1
160,13833,2011-09-01,United Kingdom,Reactivate Efficiently,Automated targeted campaign,0.7564698752319411,High,191.925,145.1854808038903,5.0,21.777822120583544,16.777822120583544,3.3555644241167086,1548.0,7488.543931659425,Automated re-engagement with targeted product recommendations,1
161,16185,2011-09-01,United Kingdom,Reactivate Efficiently,Automated targeted campaign,0.8620111593016664,Critical,167.5,144.38686918302912,5.0,21.658030377454367,16.658030377454367,3.3316060754908734,1553.0,7505.201962036879,Automated re-engagement with targeted product recommendations,0
162,14886,2011-09-01,United Kingdom,Reactivate Efficiently,Automated targeted campaign,0.7881449972129534,Critical,182.4,143.7576474916427,5.0,21.563647123746403,16.563647123746403,3.3127294247492807,1558.0,7521.765609160626,Automated re-engagement with targeted product recommendations,1
163,15424,2011-09-01,United Kingdom,Reactivate Efficiently,Automated targeted campaign,0.748144934644727,High,191.67000000000002,143.39693962335483,5.0,21.50954094350322,16.50954094350322,3.3019081887006445,1563.0,7538.275150104129,Automated re-engagement with targeted product recommendations,1
164,15386,2011-09-01,United Kingdom,Reactivate Efficiently,Automated targeted campaign,0.7184638976040529,High,197.07,141.5876803008307,5.0,21.238152045124604,16.238152045124604,3.2476304090249206,1568.0,7554.513302149254,Automated re-engagement with targeted product recommendations,1
165,15219,2011-09-01,United Kingdom,Reactivate Efficiently,Automated targeted campaign,0.9254051068525563,Critical,152.875,141.47130571008455,5.0,21.22069585651268,16.22069585651268,3.2441391713025363,1573.0,7570.733998005767,Automated re-engagement with targeted product recommendations,1
166,17948,2011-09-01,United Kingdom,Reactivate Efficiently,Automated targeted campaign,0.7844062325897693,Critical,179.28000000000003,140.62834937869385,5.0,21.094252406804078,16.094252406804078,3.2188504813608154,1578.0,7586.828250412571,Automated re-engagement with targeted product recommendations,1
167,15247,2011-09-01,United Kingdom,Reactivate Efficiently,Automated targeted campaign,0.7869584228353133,Critical,178.0,140.07859926468575,5.0,21.01178988970286,16.01178988970286,3.202357977940572,1583.0,7602.840040302273,Automated re-engagement with targeted product recommendations,1
168,13748,2011-09-01,United Kingdom,Reactivate Efficiently,Automated targeted campaign,0.738868890924272,High,188.42499999999998,139.22137077240595,5.0,20.88320561586089,15.883205615860891,3.1766411231721783,1588.0,7618.723245918134,Automated re-engagement with targeted product recommendations,0
169,14888,2011-09-01,United Kingdom,Reactivate Efficiently,Automated targeted campaign,0.7494678398877039,High,184.6,138.35176324327014,5.0,20.75276448649052,15.75276448649052,3.150552897298104,1593.0,7634.4760104046245,Automated re-engagement with targeted product recommendations,1
170,15364,2011-09-01,United Kingdom,Reactivate Efficiently,Automated targeted campaign,0.8330224835839568,Critical,165.90000000000003,138.19843002657845,5.0,20.729764503986768,15.729764503986768,3.1459529007973535,1598.0,7650.205774908612,Automated re-engagement with targeted product recommendations,0
171,14633,2011-09-01,United Kingdom,Reactivate Efficiently,Automated targeted campaign,0.7974976515426142,Critical,172.45000000000002,137.52847000852384,5.0,20.629270501278576,15.629270501278576,3.125854100255715,1603.0,7665.83504540989,Automated re-engagement with targeted product recommendations,1
172,17492,2011-09-01,United Kingdom,Reactivate Efficiently,Automated targeted campaign,0.7319289136997842,High,187.285,137.07930660226407,5.0,20.56189599033961,15.561895990339611,3.1123791980679223,1608.0,7681.3969414002295,Automated re-engagement with targeted product recommendations,1
173,16739,2011-09-01,United Kingdom,Reactivate Efficiently,Automated targeted campaign,0.8480526375898846,Critical,161.5,136.96050097076636,5.0,20.544075145614954,15.544075145614954,3.108815029122991,1613.0,7696.941016545845,Automated re-engagement with targeted product recommendations,1
174,14108,2011-09-01,United Kingdom,Reactivate Efficiently,Automated targeted campaign,0.9394795471079124,Critical,145.665,136.84928822947404,5.0,20.527393234421105,15.527393234421105,3.105478646884221,1618.0,7712.468409780266,Automated re-engagement with targeted product recommendations,0
175,15047,2011-09-01,United Kingdom,Reactivate Efficiently,Automated targeted campaign,0.7948328143228685,Critical,171.81,136.56022582881204,5.0,20.484033874321806,15.484033874321806,3.096806774864361,1623.0,7727.952443654587,Automated re-engagement with targeted product recommendations,1
176,13216,2011-09-01,United Kingdom,Reactivate Efficiently,Automated targeted campaign,0.8182473112029458,Critical,166.87,136.54092882043557,5.0,20.481139323065335,15.481139323065335,3.096227864613067,1628.0,7743.433582977653,Automated re-engagement with targeted product recommendations,1
177,16769,2011-09-01,United Kingdom,Reactivate Efficiently,Automated targeted campaign,0.7550790479876806,High,180.77,136.49563950473302,5.0,20.47434592570995,15.474345925709951,3.0948691851419903,1633.0,7758.9079289033625,Automated re-engagement with targeted product recommendations,1
178,15244,2011-09-01,United Kingdom,Reactivate Efficiently,Automated targeted campaign,0.9141514704906936,Critical,148.97,136.18114455899862,5.0,20.427171683849792,15.427171683849792,3.0854343367699584,1638.0,7774.335100587212,Automated re-engagement with targeted product recommendations,0
179,13699,2011-09-01,United Kingdom,Reactivate Efficiently,Automated targeted campaign,0.8788724562903867,Critical,154.29000000000002,135.60123128104377,5.0,20.340184692156566,15.340184692156566,3.0680369384313133,1643.0,7789.675285279369,Automated re-engagement with targeted product recommendations,1
180,15918,2011-09-01,United Kingdom,Reactivate Efficiently,Automated targeted campaign,0.8065323809248014,Critical,167.115,134.7836588382482,5.0,20.21754882573723,15.217548825737229,3.0435097651474456,1648.0,7804.892834105106,Automated re-engagement with targeted product recommendations,1
181,14924,2011-09-01,United Kingdom,Reactivate Efficiently,Automated targeted campaign,0.8690113682641356,Critical,155.025,134.71848736514764,5.0,20.207773104772144,15.207773104772144,3.041554620954429,1653.0,7820.100607209878,Automated re-engagement with targeted product recommendations,1
182,16426,2011-09-01,United Kingdom,Reactivate Efficiently,Automated targeted campaign,0.8196911482481948,Critical,164.185,134.58099117512987,5.0,20.18714867626948,15.18714867626948,3.037429735253896,1658.0,7835.287755886147,Automated re-engagement with targeted product recommendations,0
183,17169,2011-09-01,United Kingdom,Reactivate Efficiently,Automated targeted campaign,0.8693627063591365,Critical,154.34,134.17744009946912,5.0,20.12661601492037,15.12661601492037,3.0253232029840738,1663.0,7850.414371901068,Automated re-engagement with targeted product recommendations,0
184,17724,2011-09-01,United Kingdom,Reactivate Efficiently,Automated targeted campaign,0.7173672494476122,High,186.55,133.82486038445205,5.0,20.07372905766781,15.073729057667808,3.0147458115335617,1668.0,7865.488100958736,Automated re-engagement with targeted product recommendations,0
185,14012,2011-09-01,United Kingdom,Reactivate Efficiently,Automated targeted campaign,0.812826784078415,Critical,164.4,133.62872330249144,5.0,20.044308495373716,15.044308495373716,3.0088616990747434,1673.0,7880.53240945411,Automated re-engagement with targeted product recommendations,1
186,16450,2011-09-01,United Kingdom,Reactivate Efficiently,Automated targeted campaign,0.8568068896836457,Critical,155.96,133.6276025150614,5.0,20.044140377259207,15.044140377259207,3.0088280754518415,1678.0,7895.576549831369,Automated re-engagement with targeted product recommendations,1
187,14762,2011-09-01,United Kingdom,Reactivate Efficiently,Automated targeted campaign,0.8888971040533457,Critical,150.26,133.56567885505572,5.0,20.034851828258358,15.034851828258358,3.0069703656516715,1683.0,7910.6114016596275,Automated re-engagement with targeted product recommendations,1
188,13062,2011-09-01,United Kingdom,Reactivate Efficiently,Automated targeted campaign,0.7645629029551694,High,173.49,132.64401803369233,5.0,19.896602705053848,14.896602705053848,2.9793205410107695,1688.0,7925.508004364681,Automated re-engagement with targeted product recommendations,1
189,16063,2011-09-01,United Kingdom,Reactivate Efficiently,Automated targeted campaign,0.7872828569879705,Critical,167.66,131.99584380260313,5.0,19.799376570390468,14.799376570390468,2.9598753140780936,1693.0,7940.307380935072,Automated re-engagement with targeted product recommendations,1
190,17697,2011-09-01,United Kingdom,Reactivate Efficiently,Automated targeted campaign,0.7777254747782087,High,169.475,131.80502483803693,5.0,19.77075372570554,14.77075372570554,2.9541507451411078,1698.0,7955.078134660777,Automated re-engagement with targeted product recommendations,1
191,16545,2011-09-01,United Kingdom,Reactivate Efficiently,Automated targeted campaign,0.7768148277292598,High,169.65,131.78663552426892,5.0,19.767995328640335,14.767995328640335,2.953599065728067,1703.0,7969.846129989418,Automated re-engagement with targeted product recommendations,1
192,14311,2011-09-01,United Kingdom,Reactivate Efficiently,Automated targeted campaign,0.8488882800091833,Critical,155.13,131.6880388778246,5.0,19.75320583167369,14.75320583167369,2.950641166334738,1708.0,7984.599335821092,Automated re-engagement with targeted product recommendations,1
193,13493,2011-09-01,Switzerland,Reactivate Efficiently,Automated targeted campaign,0.7312931494651606,High,179.64,131.36950136992144,5.0,19.705425205488215,14.705425205488215,2.941085041097643,1713.0,7999.30476102658,Automated re-engagement with targeted product recommendations,1
194,13887,2011-09-01,United Kingdom,Reactivate Efficiently,Automated targeted campaign,0.749155507823364,High,174.775,130.93365387982846,5.0,19.640048081974268,14.640048081974268,2.9280096163948537,1718.0,8013.944809108554,Automated re-engagement with targeted product recommendations,1
195,17678,2011-09-01,United Kingdom,Reactivate Efficiently,Automated targeted campaign,0.8760367763658562,Critical,149.055,130.5776617012127,5.0,19.586649255181904,14.586649255181904,2.9173298510363805,1723.0,8028.531458363736,Automated re-engagement with targeted product recommendations,1
196,15396,2011-09-01,United Kingdom,Reactivate Efficiently,Automated targeted campaign,0.899310100122166,Critical,144.09,129.5815923266029,5.0,19.437238848990436,14.437238848990436,2.8874477697980874,1728.0,8042.9686972127265,Automated re-engagement with targeted product recommendations,1
197,16526,2011-09-01,United Kingdom,Reactivate Efficiently,Automated targeted campaign,0.8916731277955053,Critical,145.18,129.45310469335146,5.0,19.417965704002718,14.417965704002718,2.8835931408005435,1733.0,8057.38666291673,Automated re-engagement with targeted product recommendations,1
198,12881,2011-09-01,United Kingdom,Reactivate Efficiently,Automated targeted campaign,0.8628042659575436,Critical,149.0,128.557835627674,5.0,19.2836753441511,14.2836753441511,2.8567350688302198,1738.0,8071.67033826088,Automated re-engagement with targeted product recommendations,1
199,14128,2011-09-01,United Kingdom,Reactivate Efficiently,Automated targeted campaign,0.8413740042173853,Critical,152.77,128.53670662428996,5.0,19.280505993643494,14.280505993643494,2.856101198728699,1743.0,8085.950844254524,Automated re-engagement with targeted product recommendations,0
200,13745,2011-09-01,United Kingdom,Reactivate Efficiently,Automated targeted campaign,0.847326202666937,Critical,150.02,127.1158769240939,5.0,19.067381538614082,14.067381538614082,2.8134763077228166,1748.0,8100.018225793138,Automated re-engagement with targeted product recommendations,1
201,17248,2011-09-01,United Kingdom,Reactivate Efficiently,Automated targeted campaign,0.7977770677969455,Critical,159.325,127.10583132674833,5.0,19.065874699012248,14.065874699012248,2.8131749398024497,1753.0,8114.08410049215,Automated re-engagement with targeted product recommendations,1
202,14747,2011-09-01,United Kingdom,Reactivate Efficiently,Automated targeted campaign,0.7737168569561818,High,164.1,126.96693622650942,5.0,19.04504043397641,14.04504043397641,2.809008086795282,1758.0,8128.129140926127,Automated re-engagement with targeted product recommendations,1
203,14859,2011-09-01,United Kingdom,Reactivate Efficiently,Automated targeted campaign,0.8533926575052668,Critical,148.43,126.66907215350676,5.0,19.000360823026014,14.000360823026014,2.800072164605203,1763.0,8142.129501749153,Automated re-engagement with targeted product recommendations,0
204,13737,2011-09-01,United Kingdom,Reactivate Efficiently,Automated targeted campaign,0.7455337892095996,High,169.79999999999998,126.59163740778999,5.0,18.988745611168497,13.988745611168497,2.797749122233699,1768.0,8156.118247360321,Automated re-engagement with targeted product recommendations,1
205,16109,2011-09-01,United Kingdom,Reactivate Efficiently,Automated targeted campaign,0.848281587224951,Critical,148.44,125.91891880767172,5.0,18.887837821150757,13.887837821150757,2.7775675642301514,1773.0,8170.006085181472,Automated re-engagement with targeted product recommendations,1
206,13035,2011-09-01,United Kingdom,Reactivate Efficiently,Automated targeted campaign,0.7561964955475625,High,166.5,125.90671650866916,5.0,18.886007476300374,13.886007476300374,2.777201495260075,1778.0,8183.892092657773,Automated re-engagement with targeted product recommendations,0
207,13055,2011-09-01,United Kingdom,Reactivate Efficiently,Automated targeted campaign,0.7301888548712515,High,172.43,125.9064642454499,5.0,18.885969636817485,13.885969636817485,2.777193927363497,1783.0,8197.77806229459,Automated re-engagement with targeted product recommendations,0
208,13642,2011-09-01,United Kingdom,Reactivate Efficiently,Automated targeted campaign,0.8047560814563117,Critical,156.14,125.6546145585885,5.0,18.848192183788274,13.848192183788274,2.769638436757655,1788.0,8211.626254478379,Automated re-engagement with targeted product recommendations,1
209,15254,2011-09-01,United Kingdom,Reactivate Efficiently,Automated targeted campaign,0.8324950120604894,Critical,150.18,125.0241009112443,5.0,18.753615136686644,13.753615136686644,2.7507230273373287,1793.0,8225.379869615064,Automated re-engagement with targeted product recommendations,1
210,13500,2011-09-01,United Kingdom,Reactivate Efficiently,Automated targeted campaign,0.7626528878854736,High,163.2,124.46495130290928,5.0,18.66974269543639,13.66974269543639,2.733948539087278,1798.0,8239.0496123105,Automated re-engagement with targeted product recommendations,0
211,13023,2011-09-01,United Kingdom,Reactivate Efficiently,Automated targeted campaign,0.8536044588039103,Critical,145.70000000000002,124.37016964772975,5.0,18.655525447159462,13.655525447159462,2.7311050894318925,1803.0,8252.705137757659,Automated re-engagement with targeted product recommendations,0
212,16139,2011-09-01,United Kingdom,Reactivate Efficiently,Automated targeted campaign,0.8074096583048275,Critical,153.185,123.683048507425,5.0,18.55245727611375,13.55245727611375,2.71049145522275,1808.0,8266.257595033772,Automated re-engagement with targeted product recommendations,0
213,17866,2011-09-01,United Kingdom,Reactivate Efficiently,Automated targeted campaign,0.7487513609295596,High,164.825,123.41294306521466,5.0,18.5119414597822,13.5119414597822,2.70238829195644,1813.0,8279.769536493555,Automated re-engagement with targeted product recommendations,1
214,17123,2011-09-01,United Kingdom,Reactivate Efficiently,Automated targeted campaign,0.7144186379148215,High,172.64999999999998,123.34437783599392,5.0,18.501656675399087,13.501656675399087,2.7003313350798175,1818.0,8293.271193168954,Automated re-engagement with targeted product recommendations,1
215,13060,2011-09-01,United Kingdom,Reactivate Efficiently,Automated targeted campaign,0.7982704249467583,Critical,153.765,122.74605189193828,5.0,18.411907783790742,13.411907783790742,2.6823815567581484,1823.0,8306.683100952745,Automated re-engagement with targeted product recommendations,1
216,15308,2011-09-01,United Kingdom,Reactivate Efficiently,Automated targeted campaign,0.7896313493472519,Critical,155.235,122.57842251592065,5.0,18.386763377388096,13.386763377388096,2.677352675477619,1828.0,8320.069864330133,Automated re-engagement with targeted product recommendations,1
217,17658,2011-09-01,United Kingdom,Reactivate Efficiently,Automated targeted campaign,0.770496759112468,High,158.79999999999998,122.35488534705989,5.0,18.353232802058983,13.353232802058983,2.6706465604117966,1833.0,8333.423097132192,Automated re-engagement with targeted product recommendations,0
218,14463,2011-09-01,United Kingdom,Reactivate Efficiently,Automated targeted campaign,0.7856492291119581,Critical,154.71,121.54779223591105,5.0,18.232168835386656,13.232168835386656,2.646433767077331,1838.0,8346.655265967578,Automated re-engagement with targeted product recommendations,0
219,12614,2011-09-01,Germany,Reactivate Efficiently,Automated targeted campaign,0.7669285125141025,High,157.8,121.02131927472539,5.0,18.15319789120881,13.153197891208809,2.6306395782417615,1843.0,8359.808463858786,Automated re-engagement with targeted product recommendations,1
220,13899,2011-09-01,United Kingdom,Reactivate Efficiently,Automated targeted campaign,0.8104227177336141,Critical,149.25,120.9555906217419,5.0,18.143338593261284,13.143338593261284,2.628667718652257,1848.0,8372.951802452048,Automated re-engagement with targeted product recommendations,0
221,16227,2011-09-01,United Kingdom,Reactivate Efficiently,Automated targeted campaign,0.767003708525555,High,157.11,120.50395264644996,5.0,18.075592896967493,13.075592896967493,2.6151185793934983,1853.0,8386.027395349016,Automated re-engagement with targeted product recommendations,1
222,14636,2011-09-01,United Kingdom,Reactivate Efficiently,Automated targeted campaign,0.8016113035045598,Critical,150.095,120.31784859951689,5.0,18.047677289927535,13.047677289927535,2.609535457985507,1858.0,8399.075072638943,Automated re-engagement with targeted product recommendations,0
223,18185,2011-09-01,United Kingdom,Reactivate Efficiently,Automated targeted campaign,0.7893999234388822,Critical,152.125,120.08746335313995,5.0,18.01311950297099,13.01311950297099,2.6026239005941982,1863.0,8412.088192141915,Automated re-engagement with targeted product recommendations,1
224,15469,2011-09-01,United Kingdom,Reactivate Efficiently,Automated targeted campaign,0.7874486887523212,Critical,152.15,119.81031799366568,5.0,17.97154769904985,12.97154769904985,2.59430953980997,1868.0,8425.059739840965,Automated re-engagement with targeted product recommendations,0
225,17176,2011-09-01,United Kingdom,Reactivate Efficiently,Automated targeted campaign,0.7805621514211104,High,153.065,119.47674570727226,5.0,17.921511856090838,12.921511856090838,2.5843023712181674,1873.0,8437.981251697056,Automated re-engagement with targeted product recommendations,1
226,17941,2011-09-01,United Kingdom,Reactivate Efficiently,Automated targeted campaign,0.7843635674071728,Critical,152.28,119.44288404476428,5.0,17.916432606714643,12.916432606714643,2.5832865213429286,1878.0,8450.89768430377,Automated re-engagement with targeted product recommendations,1
227,13000,2011-09-01,United Kingdom,Reactivate Efficiently,Automated targeted campaign,0.7164894983406356,High,166.54999999999998,119.33132594863284,5.0,17.899698892294925,12.899698892294925,2.579939778458985,1883.0,8463.797383196066,Automated re-engagement with targeted product recommendations,1
228,17120,2011-09-01,United Kingdom,Reactivate Efficiently,Automated targeted campaign,0.774249581599,High,153.73,119.02538817921426,5.0,17.853808226882137,12.853808226882137,2.5707616453764275,1888.0,8476.651191422949,Automated re-engagement with targeted product recommendations,1
229,16201,2011-09-01,United Kingdom,Reactivate Efficiently,Automated targeted campaign,0.7803184753009231,High,151.9,118.53037639821022,5.0,17.779556459731534,12.779556459731534,2.5559112919463067,1893.0,8489.43074788268,Automated re-engagement with targeted product recommendations,0
230,17411,2011-09-01,United Kingdom,Reactivate Efficiently,Automated targeted campaign,0.8299106754356227,Critical,142.79,118.50294534545256,5.0,17.775441801817884,12.775441801817884,2.555088360363577,1898.0,8502.206189684497,Automated re-engagement with targeted product recommendations,0
231,17464,2011-09-01,United Kingdom,Reactivate Efficiently,Automated targeted campaign,0.8173261860874919,Critical,144.98000000000002,118.49595045896459,5.0,17.774392568844686,12.774392568844686,2.554878513768937,1903.0,8514.980582253342,Automated re-engagement with targeted product recommendations,1
232,15130,2011-09-01,United Kingdom,Reactivate Efficiently,Automated targeted campaign,0.7172598439181834,High,165.055,118.38732353791578,5.0,17.758098530687366,12.758098530687366,2.5516197061374735,1908.0,8527.738680784028,Automated re-engagement with targeted product recommendations,1
233,13990,2011-09-01,United Kingdom,Reactivate Efficiently,Automated targeted campaign,0.7605624292133748,High,155.65,118.38154210706179,5.0,17.75723131605927,12.757231316059269,2.5514462632118535,1913.0,8540.495912100088,Automated re-engagement with targeted product recommendations,1
234,13525,2011-09-01,United Kingdom,Reactivate Efficiently,Automated targeted campaign,0.8343693743785174,Critical,141.44,118.0132043120975,5.0,17.701980646814626,12.701980646814626,2.540396129362925,1918.0,8553.197892746903,Automated re-engagement with targeted product recommendations,0
235,15745,2011-09-01,United Kingdom,Reactivate Efficiently,Automated targeted campaign,0.7770459109989581,High,151.425,117.66417707301724,5.0,17.649626560952587,12.649626560952587,2.5299253121905174,1923.0,8565.847519307856,Automated re-engagement with targeted product recommendations,0
236,16810,2011-09-01,United Kingdom,Reactivate Efficiently,Automated targeted campaign,0.7595480524444254,High,154.77,117.55525207682372,5.0,17.63328781152356,12.633287811523559,2.526657562304712,1928.0,8578.480807119378,Automated re-engagement with targeted product recommendations,1
237,16967,2011-09-01,United Kingdom,Reactivate Efficiently,Automated targeted campaign,0.7359424777771315,High,159.51,117.39018463023024,5.0,17.608527694534533,12.608527694534533,2.5217055389069065,1933.0,8591.089334813913,Automated re-engagement with targeted product recommendations,1
238,16031,2011-09-01,United Kingdom,Reactivate Efficiently,Automated targeted campaign,0.7668633357944215,High,152.815,117.18822065942452,5.0,17.578233098913678,12.578233098913678,2.5156466197827356,1938.0,8603.667567912826,Automated re-engagement with targeted product recommendations,0
239,14622,2011-09-01,United Kingdom,Reactivate Efficiently,Automated targeted campaign,0.7302859530714959,High,160.29000000000002,117.0575354178301,5.0,17.558630312674513,12.558630312674513,2.5117260625349025,1943.0,8616.2261982255,Automated re-engagement with targeted product recommendations,1
240,13484,2011-09-01,United Kingdom,Reactivate Efficiently,Automated targeted campaign,0.7452128796888116,High,156.9,116.92390082317453,5.0,17.538585123476178,12.538585123476178,2.5077170246952356,1948.0,8628.764783348977,Automated re-engagement with targeted product recommendations,1
241,16463,2011-09-01,United Kingdom,Reactivate Efficiently,Automated targeted campaign,0.7316685634836141,High,159.685,116.83649455988092,5.0,17.525474183982137,12.525474183982137,2.5050948367964274,1953.0,8641.290257532959,Automated re-engagement with targeted product recommendations,0
242,12790,2011-09-01,Netherlands,Reactivate Efficiently,Automated targeted campaign,0.7907741631203206,Critical,147.46,116.60755809372247,5.0,17.49113371405837,12.491133714058371,2.4982267428116742,1958.0,8653.781391247017,Automated re-engagement with targeted product recommendations,1
243,17531,2011-09-01,United Kingdom,Reactivate Efficiently,Automated targeted campaign,0.7832284633581387,High,148.35,116.19194253917986,5.0,17.42879138087698,12.42879138087698,2.485758276175396,1963.0,8666.210182627894,Automated re-engagement with targeted product recommendations,1
244,16297,2011-09-01,United Kingdom,Reactivate Efficiently,Automated targeted campaign,0.7679258534337631,High,150.95,115.91840757582652,5.0,17.387761136373978,12.387761136373978,2.4775522272747956,1968.0,8678.597943764267,Automated re-engagement with targeted product recommendations,1
245,17410,2011-09-01,United Kingdom,Reactivate Efficiently,Automated targeted campaign,0.7659894490357652,High,151.2,115.81760469420769,5.0,17.372640704131154,12.372640704131154,2.474528140826231,1973.0,8690.970584468398,Automated re-engagement with targeted product recommendations,0
246,14816,2011-09-01,United Kingdom,Reactivate Efficiently,Automated targeted campaign,0.8488794814335512,Critical,135.925,115.38394351385546,5.0,17.30759152707832,12.30759152707832,2.4615183054156637,1978.0,8703.278175995476,Automated re-engagement with targeted product recommendations,1
247,13762,2011-09-01,United Kingdom,Reactivate Efficiently,Automated targeted campaign,0.7514268310449054,High,153.36,115.2388188090467,5.0,17.285822821357005,12.285822821357005,2.457164564271401,1983.0,8715.563998816833,Automated re-engagement with targeted product recommendations,1
248,12991,2011-09-01,United Kingdom,Reactivate Efficiently,Automated targeted campaign,0.7571604600922056,High,151.78,114.92181463279496,5.0,17.238272194919244,12.238272194919244,2.447654438983849,1988.0,8727.802271011753,Automated re-engagement with targeted product recommendations,0
249,16193,2011-09-01,United Kingdom,Reactivate Efficiently,Automated targeted campaign,0.7273769308489606,High,157.225,114.36183795272783,5.0,17.154275692909174,12.154275692909174,2.4308551385818347,1993.0,8739.956546704661,Automated re-engagement with targeted product recommendations,1
250,18165,2011-09-01,United Kingdom,Reactivate Efficiently,Automated targeted campaign,0.7558751297010102,High,151.23000000000002,114.31099586468379,5.0,17.146649379702566,12.146649379702566,2.429329875940513,1998.0,8752.103196084365,Automated re-engagement with targeted product recommendations,1
251,15813,2011-09-01,United Kingdom,Nurture / Monitor,Low-cost digital nurture,0.6273432970656126,Medium,651.9549999999999,408.99959923841146,0.5,12.269987977152343,11.769987977152343,23.539975954304687,1998.5,8763.873184061516,Low-cost nurture communication and continued monitoring,1
252,15734,2011-09-01,United Kingdom,Nurture / Monitor,Low-cost digital nurture,0.5938734326212638,Medium,669.7250000000001,397.731884662276,0.5,11.93195653986828,11.43195653986828,22.86391307973656,1999.0,8775.305140601386,Low-cost nurture communication and continued monitoring,1
253,13224,2011-09-01,United Kingdom,Nurture / Monitor,Low-cost digital nurture,0.6523035034374863,Medium,606.13,395.3807225385636,0.5,11.861421676156906,11.361421676156906,22.722843352313813,1999.5,8786.666562277542,Low-cost nurture communication and continued monitoring,0
254,14154,2011-09-01,United Kingdom,Nurture / Monitor,Low-cost digital nurture,0.5821152679608437,Medium,672.81,391.6529734367352,0.5,11.749589203102055,11.249589203102055,22.49917840620411,2000.0,8797.916151480644,Low-cost nurture communication and continued monitoring,1
255,16681,2011-09-01,United Kingdom,Nurture / Monitor,Low-cost digital nurture,0.5678381567414303,Medium,666.3399999999999,378.37327736308464,0.5,11.35119832089254,10.85119832089254,21.70239664178508,2000.5,8808.767349801536,Low-cost nurture communication and continued monitoring,0
256,15791,2011-09-01,United Kingdom,Nurture / Monitor,Low-cost digital nurture,0.6166923885757767,Medium,611.62,377.18139870071656,0.5,11.315441961021497,10.815441961021497,21.630883922042994,2001.0,8819.582791762557,Low-cost nurture communication and continued monitoring,0
257,13235,2011-09-01,United Kingdom,Nurture / Monitor,Low-cost digital nurture,0.7114020341470104,Medium,515.535,366.75264767397897,0.5,11.002579430219368,10.502579430219368,21.005158860438737,2001.5,8830.085371192778,Low-cost nurture communication and continued monitoring,1
258,13285,2011-09-01,United Kingdom,Nurture / Monitor,Low-cost digital nurture,0.5613088022506976,Medium,651.605,365.7516220905658,0.5,10.972548662716973,10.472548662716973,20.945097325433945,2002.0,8840.557919855495,Low-cost nurture communication and continued monitoring,0
259,15069,2011-09-01,United Kingdom,Nurture / Monitor,Low-cost digital nurture,0.6452266482657404,Medium,554.765,357.94916152514344,0.5,10.738474845754302,10.238474845754302,20.476949691508604,2002.5,8850.796394701249,Low-cost nurture communication and continued monitoring,1
260,17505,2011-09-01,United Kingdom,Nurture / Monitor,Low-cost digital nurture,0.6169172244242201,Medium,572.9200000000001,353.4442162171243,0.5,10.603326486513728,10.103326486513728,20.206652973027456,2003.0,8860.899721187763,Low-cost nurture communication and continued monitoring,1
261,13124,2011-09-01,United Kingdom,Nurture / Monitor,Low-cost digital nurture,0.5569509570191971,Medium,630.075,350.9208742438706,0.5,10.527626227316118,10.027626227316118,20.055252454632235,2003.5,8870.92734741508,Low-cost nurture communication and continued monitoring,0
262,15494,2011-09-01,United Kingdom,Nurture / Monitor,Low-cost digital nurture,0.6076045585126164,Medium,559.94,340.2220964935545,0.5,10.206662894806634,9.706662894806634,19.413325789613268,2004.0,8880.634010309886,Low-cost nurture communication and continued monitoring,0
263,14038,2011-09-01,United Kingdom,Nurture / Monitor,Low-cost digital nurture,0.6209300671037443,Medium,543.21,337.29542175142495,0.5,10.118862652542749,9.618862652542749,19.237725305085497,2004.5,8890.25287296243,Low-cost nurture communication and continued monitoring,0
264,12381,2011-09-01,Norway,Nurture / Monitor,Low-cost digital nurture,0.6489481201501195,Medium,514.37,333.79944456161695,0.5,10.013983336848508,9.513983336848508,19.027966673697016,2005.0,8899.766856299279,Low-cost nurture communication and continued monitoring,0
265,12560,2011-09-01,Germany,Nurture / Monitor,Low-cost digital nurture,0.5164516457905914,Low,646.155,333.7078131858196,0.5,10.011234395574588,9.511234395574588,19.022468791149176,2005.5,8909.278090694854,Low-cost nurture communication and continued monitoring,1
266,13895,2011-09-01,United Kingdom,Nurture / Monitor,Low-cost digital nurture,0.7117325447798721,Medium,468.65000000000003,333.5534571110871,0.5,10.006603713332613,9.506603713332613,19.013207426665225,2006.0,8918.784694408187,Low-cost nurture communication and continued monitoring,0
267,15123,2011-09-01,United Kingdom,Nurture / Monitor,Low-cost digital nurture,0.621000490292435,Medium,534.735,332.07069717652524,0.5,9.962120915295756,9.462120915295756,18.924241830591512,2006.5,8928.246815323482,Low-cost nurture communication and continued monitoring,1
268,18204,2011-09-01,United Kingdom,Nurture / Monitor,Low-cost digital nurture,0.4845471000572478,Low,679.435,329.21825892739616,0.5,9.876547767821885,9.376547767821885,18.75309553564377,2007.0,8937.623363091305,Low-cost nurture communication and continued monitoring,0
269,15530,2011-09-01,United Kingdom,Nurture / Monitor,Low-cost digital nurture,0.5645139380675337,Medium,581.845,328.45961229490416,0.5,9.853788368847125,9.353788368847125,18.70757673769425,2007.5,8946.977151460153,Low-cost nurture communication and continued monitoring,0
270,12370,2011-09-01,Cyprus,Nurture / Monitor,Low-cost digital nurture,0.6922270570734176,Medium,469.195,324.78947404356217,0.5,9.743684221306864,9.243684221306864,18.48736844261373,2008.0,8956.220835681459,Low-cost nurture communication and continued monitoring,0
271,15237,2011-09-01,United Kingdom,Nurture / Monitor,Low-cost digital nurture,0.5902613652601079,Medium,546.825,322.7696710583585,0.5,9.683090131750754,9.183090131750754,18.36618026350151,2008.5,8965.403925813209,Low-cost nurture communication and continued monitoring,0
272,12457,2011-09-01,Switzerland,Nurture / Monitor,Low-cost digital nurture,0.7098468481613062,Medium,453.625,322.0042764971725,0.5,9.660128294915175,9.160128294915175,18.32025658983035,2009.0,8974.564054108125,Low-cost nurture communication and continued monitoring,0
273,18097,2011-09-01,United Kingdom,Nurture / Monitor,Low-cost digital nurture,0.48145662346780616,Low,664.51,319.9327408605919,0.5,9.597982225817756,9.097982225817756,18.19596445163551,2009.5,8983.662036333943,Low-cost nurture communication and continued monitoring,1
274,17242,2011-09-01,United Kingdom,Nurture / Monitor,Low-cost digital nurture,0.5628137710085679,Medium,567.52,319.40807132278246,0.5,9.582242139683473,9.082242139683473,18.164484279366945,2010.0,8992.744278473627,Low-cost nurture communication and continued monitoring,1
275,12597,2011-09-01,Spain,Nurture / Monitor,Low-cost digital nurture,0.5639648164494813,Medium,560.405,316.0487029623715,0.5,9.481461088871145,8.981461088871145,17.96292217774229,2010.5,9001.725739562498,Low-cost nurture communication and continued monitoring,0
276,14921,2011-09-01,United Kingdom,Nurture / Monitor,Low-cost digital nurture,0.696917395129892,Medium,451.505,314.6616884881219,0.5,9.439850654643656,8.939850654643656,17.879701309287313,2011.0,9010.665590217142,Low-cost nurture communication and continued monitoring,0
277,14105,2011-09-01,United Kingdom,Nurture / Monitor,Low-cost digital nurture,0.4887791884499555,Low,633.115,309.45343589549356,0.5,9.283603076864805,8.783603076864805,17.56720615372961,2011.5,9019.449193294007,Low-cost nurture communication and continued monitoring,1
278,12539,2011-09-01,Spain,Nurture / Monitor,Low-cost digital nurture,0.5695044155907791,Medium,542.995,309.2380501437151,0.5,9.277141504311453,8.777141504311453,17.554283008622907,2012.0,9028.226334798319,Low-cost nurture communication and continued monitoring,0
279,15004,2011-09-01,United Kingdom,Nurture / Monitor,Low-cost digital nurture,0.5040996809460521,Low,610.19,307.59658431647154,0.5,9.227897529494145,8.727897529494145,17.45579505898829,2012.5,9036.954232327813,Low-cost nurture communication and continued monitoring,1
280,17651,2011-09-01,United Kingdom,Nurture / Monitor,Low-cost digital nurture,0.5317492374760119,Medium,574.005,305.2267210574182,0.5,9.156801631722546,8.656801631722546,17.313603263445092,2013.0,9045.611033959536,Low-cost nurture communication and continued monitoring,0
281,13075,2011-09-01,United Kingdom,Nurture / Monitor,Low-cost digital nurture,0.6584983977270162,Medium,459.805,302.78085576687073,0.5,9.083425673006122,8.583425673006122,17.166851346012244,2013.5,9054.194459632543,Low-cost nurture communication and continued monitoring,1
282,17648,2011-09-01,United Kingdom,Nurture / Monitor,Low-cost digital nurture,0.5424374551561861,Medium,553.6949999999999,300.34490673270443,0.5,9.010347201981132,8.510347201981132,17.020694403962263,2014.0,9062.704806834525,Low-cost nurture communication and continued monitoring,0
283,13339,2011-09-01,United Kingdom,Nurture / Monitor,Low-cost digital nurture,0.6976713353969892,Medium,430.06,300.0405345008292,0.5,9.001216035024877,8.501216035024877,17.002432070049753,2014.5,9071.20602286955,Low-cost nurture communication and continued monitoring,1
284,16012,2011-09-01,United Kingdom,Nurture / Monitor,Low-cost digital nurture,0.5286872521828426,Low,566.06,299.26870597061986,0.5,8.978061179118596,8.478061179118596,16.95612235823719,2015.0,9079.68408404867,Low-cost nurture communication and continued monitoring,0
285,13425,2011-09-01,United Kingdom,Nurture / Monitor,Low-cost digital nurture,0.486134838316429,Low,611.32,297.1839493595994,0.5,8.915518480787982,8.415518480787982,16.831036961575965,2015.5,9088.099602529457,Low-cost nurture communication and continued monitoring,1
286,14001,2011-09-01,United Kingdom,Nurture / Monitor,Low-cost digital nurture,0.5889585688719977,Medium,503.95,296.80567078304324,0.5,8.904170123491296,8.404170123491296,16.808340246982592,2016.0,9096.503772652948,Low-cost nurture communication and continued monitoring,0
287,13989,2011-09-01,United Kingdom,Nurture / Monitor,Low-cost digital nurture,0.6602282882598479,Medium,448.33500000000004,296.0034496169789,0.5,8.880103488509366,8.380103488509366,16.760206977018733,2016.5,9104.883876141457,Low-cost nurture communication and continued monitoring,0
288,16053,2011-09-01,United Kingdom,Nurture / Monitor,Low-cost digital nurture,0.52528002179552,Low,562.095,295.25727385115283,0.5,8.857718215534584,8.357718215534584,16.71543643106917,2017.0,9113.241594356992,Low-cost nurture communication and continued monitoring,0
289,15985,2011-09-01,United Kingdom,Nurture / Monitor,Low-cost digital nurture,0.5078025523298348,Low,571.21,290.061895916325,0.5,8.70185687748975,8.20185687748975,16.4037137549795,2017.5,9121.443451234481,Low-cost nurture communication and continued monitoring,1
290,15861,2011-09-01,United Kingdom,Nurture / Monitor,Low-cost digital nurture,0.5082078640965046,Low,561.88,285.551834678544,0.5,8.56655504035632,8.06655504035632,16.13311008071264,2018.0,9129.510006274837,Low-cost nurture communication and continued monitoring,0
291,14565,2011-09-01,United Kingdom,Nurture / Monitor,Low-cost digital nurture,0.441067245449827,Low,646.4549999999999,285.1301261572679,0.5,8.553903784718036,8.053903784718036,16.107807569436073,2018.5,9137.563910059554,Low-cost nurture communication and continued monitoring,0
292,13562,2011-09-01,United Kingdom,Nurture / Monitor,Low-cost digital nurture,0.47079065450997426,Low,604.865,284.76478924017556,0.5,8.542943677205267,8.042943677205267,16.085887354410534,2019.0,9145.60685373676,Low-cost nurture communication and continued monitoring,0
293,13186,2011-09-01,United Kingdom,Nurture / Monitor,Low-cost digital nurture,0.5740948607407544,Medium,494.17,283.7004573322586,0.5,8.511013719967758,8.011013719967758,16.022027439935517,2019.5,9153.617867456727,Low-cost nurture communication and continued monitoring,0
294,15376,2011-09-01,United Kingdom,Nurture / Monitor,Low-cost digital nurture,0.5772564099062972,Medium,488.61,282.0532544443159,0.5,8.461597633329475,7.961597633329475,15.92319526665895,2020.0,9161.579465090057,Low-cost nurture communication and continued monitoring,0
295,14336,2011-09-01,United Kingdom,Nurture / Monitor,Low-cost digital nurture,0.502271308062188,Low,557.195,279.8630614957109,0.5,8.395891844871327,7.895891844871327,15.791783689742655,2020.5,9169.475356934929,Low-cost nurture communication and continued monitoring,0
296,17554,2011-09-01,United Kingdom,Nurture / Monitor,Low-cost digital nurture,0.4472448980557555,Low,624.9449999999999,279.5034628154541,0.5,8.385103884463623,7.885103884463623,15.770207768927246,2021.0,9177.360460819393,Low-cost nurture communication and continued monitoring,0
297,12865,2011-09-01,Austria,Nurture / Monitor,Low-cost digital nurture,0.5691368290236944,Medium,490.69,279.26975063363665,0.5,8.3780925190091,7.878092519009099,15.756185038018199,2021.5,9185.238553338402,Low-cost nurture communication and continued monitoring,0
298,15034,2011-09-01,United Kingdom,Nurture / Monitor,Low-cost digital nurture,0.4513853614449559,Low,618.265,279.0757704937657,0.5,8.37227311481297,7.87227311481297,15.74454622962594,2022.0,9193.110826453216,Low-cost nurture communication and continued monitoring,0
299,13320,2011-09-01,United Kingdom,Nurture / Monitor,Low-cost digital nurture,0.5682473003411596,Medium,490.57500000000005,278.7679193648644,0.5,8.363037580945932,7.863037580945932,15.726075161891863,2022.5,9200.973864034162,Low-cost nurture communication and continued monitoring,0
300,14973,2011-09-01,United Kingdom,Nurture / Monitor,Low-cost digital nurture,0.4234527731365417,Low,657.225,278.30374882466367,0.5,8.34911246473991,7.84911246473991,15.69822492947982,2023.0,9208.822976498903,Low-cost nurture communication and continued monitoring,1
301,12878,2011-09-01,United Kingdom,Nurture / Monitor,Low-cost digital nurture,0.6508396227703426,Medium,427.495,278.2306845362076,0.5,8.346920536086229,7.846920536086229,15.693841072172457,2023.5,9216.66989703499,Low-cost nurture communication and continued monitoring,1
302,12613,2011-09-01,Germany,Nurture / Monitor,Low-cost digital nurture,0.41494589329028336,Low,668.26,277.29174265016474,0.5,8.318752279504942,7.818752279504942,15.637504559009884,2024.0,9224.488649314495,Low-cost nurture communication and continued monitoring,0
303,14195,2011-09-01,United Kingdom,Nurture / Monitor,Low-cost digital nurture,0.5476647032293364,Medium,506.0,277.1183398340442,0.5,8.313550195021326,7.813550195021326,15.627100390042653,2024.5,9232.302199509517,Low-cost nurture communication and continued monitoring,1
304,18142,2011-09-01,United Kingdom,Nurture / Monitor,Low-cost digital nurture,0.5428918052979975,Medium,509.76,276.74452666870724,0.5,8.302335800061217,7.802335800061217,15.604671600122433,2025.0,9240.104535309578,Low-cost nurture communication and continued monitoring,1
305,14567,2011-09-01,United Kingdom,Nurture / Monitor,Low-cost digital nurture,0.6888435925675515,Medium,400.38,275.79919759219626,0.5,8.273975927765887,7.773975927765887,15.547951855531775,2025.5,9247.878511237344,Low-cost nurture communication and continued monitoring,0
306,16102,2011-09-01,United Kingdom,Nurture / Monitor,Low-cost digital nurture,0.6532609560955468,Medium,419.88,274.2912102453982,0.5,8.228736307361945,7.728736307361945,15.45747261472389,2026.0,9255.607247544707,Low-cost nurture communication and continued monitoring,0
307,14409,2011-09-01,United Kingdom,Nurture / Monitor,Low-cost digital nurture,0.42896861480347187,Low,638.815,274.0315856656799,0.5,8.220947569970397,7.720947569970397,15.441895139940794,2026.5,9263.328195114678,Low-cost nurture communication and continued monitoring,0
308,16083,2011-09-01,United Kingdom,Nurture / Monitor,Low-cost digital nurture,0.5586452275612638,Medium,489.82,273.6356053640582,0.5,8.209068160921746,7.7090681609217455,15.418136321843491,2027.0,9271.0372632756,Low-cost nurture communication and continued monitoring,1
309,12886,2011-09-01,United Kingdom,Nurture / Monitor,Low-cost digital nurture,0.7057061771617411,Medium,387.5,273.4611436501747,0.5,8.20383430950524,7.70383430950524,15.40766861901048,2027.5,9278.741097585105,Low-cost nurture communication and continued monitoring,0
310,12534,2011-09-01,Germany,Nurture / Monitor,Low-cost digital nurture,0.5550982305763409,Medium,490.59,272.32564093844707,0.5,8.169769228153411,7.669769228153411,15.339538456306823,2028.0,9286.41086681326,Low-cost nurture communication and continued monitoring,1
311,14759,2011-09-01,United Kingdom,Nurture / Monitor,Low-cost digital nurture,0.6234954306072236,Medium,435.425,271.48549787215035,0.5,8.14456493616451,7.64456493616451,15.28912987232902,2028.5,9294.055431749424,Low-cost nurture communication and continued monitoring,1
312,12664,2011-09-01,Finland,Nurture / Monitor,Low-cost digital nurture,0.4615594362348826,Low,587.95,271.3738705342993,0.5,8.141216116028978,7.641216116028978,15.282432232057957,2029.0,9301.696647865454,Low-cost nurture communication and continued monitoring,0
313,12670,2011-09-01,France,Nurture / Monitor,Low-cost digital nurture,0.5795984334618105,Medium,468.19499999999994,271.36508855465235,0.5,8.14095265663957,7.64095265663957,15.28190531327914,2029.5,9309.337600522094,Low-cost nurture communication and continued monitoring,0
314,16214,2011-09-01,United Kingdom,Nurture / Monitor,Low-cost digital nurture,0.5092525669040644,Low,531.375,270.6040827386472,0.5,8.118122482159416,7.618122482159416,15.236244964318832,2030.0,9316.955723004254,Low-cost nurture communication and continued monitoring,1
315,13692,2011-09-01,United Kingdom,Nurture / Monitor,Low-cost digital nurture,0.6100961105658712,Medium,435.79,265.873784023501,0.5,7.97621352070503,7.47621352070503,14.95242704141006,2030.5,9324.43193652496,Low-cost nurture communication and continued monitoring,0
316,13758,2011-09-01,United Kingdom,Nurture / Monitor,Low-cost digital nurture,0.4387462459882682,Low,605.135,265.5007095661107,0.5,7.96502128698332,7.46502128698332,14.93004257396664,2031.0,9331.896957811943,Low-cost nurture communication and continued monitoring,0
317,14584,2011-09-01,United Kingdom,Nurture / Monitor,Low-cost digital nurture,0.5136321724305726,Low,516.53,265.30642602556367,0.5,7.95919278076691,7.45919278076691,14.91838556153382,2031.5,9339.35615059271,Low-cost nurture communication and continued monitoring,1
318,16256,2011-09-01,United Kingdom,Nurture / Monitor,Low-cost digital nurture,0.7049971930013604,Medium,376.21500000000003,265.23051896500687,0.5,7.956915568950206,7.456915568950206,14.913831137900411,2032.0,9346.81306616166,Low-cost nurture communication and continued monitoring,1
319,14937,2011-09-01,Channel Islands,Nurture / Monitor,Low-cost digital nurture,0.6971992382057212,Medium,379.78,264.78232668576874,0.5,7.9434698005730615,7.4434698005730615,14.886939601146123,2032.5,9354.256535962233,Low-cost nurture communication and continued monitoring,0
320,14837,2011-09-01,United Kingdom,Nurture / Monitor,Low-cost digital nurture,0.3923751589933594,Low,672.78,263.9821594675523,0.5,7.9194647840265695,7.4194647840265695,14.838929568053139,2033.0,9361.67600074626,Low-cost nurture communication and continued monitoring,0
321,18202,2011-09-01,United Kingdom,Nurture / Monitor,Low-cost digital nurture,0.578051805273435,Medium,455.63,263.3777440367352,0.5,7.901332321102055,7.401332321102055,14.80266464220411,2033.5,9369.077333067362,Low-cost nurture communication and continued monitoring,1
322,12388,2011-09-01,Australia,Nurture / Monitor,Low-cost digital nurture,0.4732382181097052,Low,556.495,263.35470218696037,0.5,7.900641065608811,7.400641065608811,14.801282131217622,2034.0,9376.477974132971,Low-cost nurture communication and continued monitoring,0
323,12397,2011-09-01,Belgium,Nurture / Monitor,Low-cost digital nurture,0.4710664122573881,Low,554.905,261.39710749368595,0.5,7.841913224810578,7.341913224810578,14.683826449621156,2034.5,9383.819887357782,Low-cost nurture communication and continued monitoring,0
324,17058,2011-09-01,United Kingdom,Nurture / Monitor,Low-cost digital nurture,0.6310054912763562,Medium,409.83000000000004,258.60498048978906,0.5,7.758149414693672,7.258149414693672,14.516298829387344,2035.0,9391.078036772476,Low-cost nurture communication and continued monitoring,0
325,15074,2011-09-01,United Kingdom,Nurture / Monitor,Low-cost digital nurture,0.7020486335734208,Medium,367.835,258.23805913047926,0.5,7.747141773914377,7.247141773914377,14.494283547828754,2035.5,9398.32517854639,Low-cost nurture communication and continued monitoring,1
326,13644,2011-09-01,United Kingdom,Nurture / Monitor,Low-cost digital nurture,0.6008635197933335,Medium,425.545,255.69446653045412,0.5,7.670833995913624,7.170833995913624,14.341667991827247,2036.0,9405.496012542304,Low-cost nurture communication and continued monitoring,0
327,17702,2011-09-01,United Kingdom,Nurture / Monitor,Low-cost digital nurture,0.3807618650472804,Low,669.385,254.87628103467378,0.5,7.6462884310402135,7.1462884310402135,14.292576862080427,2036.5,9412.642300973344,Low-cost nurture communication and continued monitoring,0
328,13851,2011-09-01,United Kingdom,Nurture / Monitor,Low-cost digital nurture,0.4589798960207074,Low,553.48,254.03619284954112,0.5,7.621085785486233,7.121085785486233,14.242171570972467,2037.0,9419.76338675883,Low-cost nurture communication and continued monitoring,0
329,15980,2011-09-01,United Kingdom,Nurture / Monitor,Low-cost digital nurture,0.666983623599018,Medium,380.09,253.51380549375074,0.5,7.6054141648125215,7.1054141648125215,14.210828329625043,2037.5,9426.868800923643,Low-cost nurture communication and continued monitoring,0
330,17704,2011-09-01,United Kingdom,Nurture / Monitor,Low-cost digital nurture,0.5718314760840114,Medium,442.595,253.08975215740304,0.5,7.592692564722091,7.092692564722091,14.185385129444182,2038.0,9433.961493488365,Low-cost nurture communication and continued monitoring,1
331,16341,2011-09-01,United Kingdom,Nurture / Monitor,Low-cost digital nurture,0.6334882827667985,Medium,398.825,252.6509643744684,0.5,7.5795289312340515,7.0795289312340515,14.159057862468103,2038.5,9441.041022419598,Low-cost nurture communication and continued monitoring,0
332,17282,2011-09-01,United Kingdom,Nurture / Monitor,Low-cost digital nurture,0.5247509695256694,Low,480.78,252.2897711285513,0.5,7.568693133856539,7.068693133856539,14.137386267713078,2039.0,9448.109715553455,Low-cost nurture communication and continued monitoring,1
333,16320,2011-09-01,Unspecified,Nurture / Monitor,Low-cost digital nurture,0.48249117479576376,Low,519.23,250.52389268920442,0.5,7.515716780676132,7.015716780676132,14.031433561352264,2039.5,9455.12543233413,Low-cost nurture communication and continued monitoring,1
334,13435,2011-09-01,United Kingdom,Nurture / Monitor,Low-cost digital nurture,0.45747105538843885,Low,544.06,248.89170239463402,0.5,7.46675107183902,6.96675107183902,13.93350214367804,2040.0,9462.09218340597,Low-cost nurture communication and continued monitoring,0
335,17091,2011-09-01,United Kingdom,Nurture / Monitor,Low-cost digital nurture,0.4491647070398985,Low,553.13,248.44647440497906,0.5,7.453394232149371,6.953394232149371,13.906788464298742,2040.5,9469.045577638119,Low-cost nurture communication and continued monitoring,0
336,13134,2011-09-01,United Kingdom,Nurture / Monitor,Low-cost digital nurture,0.5590881264878946,Medium,442.87,247.6033585776939,0.5,7.428100757330817,6.928100757330817,13.856201514661635,2041.0,9475.973678395449,Low-cost nurture communication and continued monitoring,0
337,16174,2011-09-01,United Kingdom,Nurture / Monitor,Low-cost digital nurture,0.49037299023318476,Low,504.775,247.52802614495582,0.5,7.425840784348674,6.925840784348674,13.851681568697348,2041.5,9482.899519179797,Low-cost nurture communication and continued monitoring,1
338,17368,2011-09-01,United Kingdom,Nurture / Monitor,Low-cost digital nurture,0.5549824336802378,Medium,445.135,247.04210561625266,0.5,7.411263168487579,6.911263168487579,13.822526336975159,2042.0,9489.810782348284,Low-cost nurture communication and continued monitoring,0
339,13136,2011-09-01,United Kingdom,Nurture / Monitor,Low-cost digital nurture,0.4026188230662733,Low,613.34,246.94222893946807,0.5,7.408266868184041,6.908266868184041,13.816533736368083,2042.5,9496.719049216468,Low-cost nurture communication and continued monitoring,0
340,16644,2011-09-01,United Kingdom,Nurture / Monitor,Low-cost digital nurture,0.5908943324679636,Medium,416.89,246.33793826256934,0.5,7.39013814787708,6.89013814787708,13.78027629575416,2043.0,9503.609187364345,Low-cost nurture communication and continued monitoring,1
341,15674,2011-09-01,United Kingdom,Nurture / Monitor,Low-cost digital nurture,0.4713963520205251,Low,522.475,246.29280902192386,0.5,7.388784270657715,6.888784270657715,13.77756854131543,2043.5,9510.497971635003,Low-cost nurture communication and continued monitoring,0
342,13475,2011-09-01,United Kingdom,Nurture / Monitor,Low-cost digital nurture,0.44143061777160614,Low,557.3299999999999,246.0225262026492,0.5,7.380675786079475,6.880675786079475,13.76135157215895,2044.0,9517.378647421083,Low-cost nurture communication and continued monitoring,1
343,14009,2011-09-01,United Kingdom,Nurture / Monitor,Low-cost digital nurture,0.7033263512765532,Medium,347.805,244.6204216057416,0.5,7.338612648172248,6.838612648172248,13.677225296344496,2044.5,9524.217260069256,Low-cost nurture communication and continued monitoring,1
344,15228,2011-09-01,United Kingdom,Nurture / Monitor,Low-cost digital nurture,0.3699101520915805,Low,659.59,243.9890372180856,0.5,7.319671116542568,6.819671116542568,13.639342233085136,2045.0,9531.036931185798,Low-cost nurture communication and continued monitoring,0
345,17047,2011-09-01,United Kingdom,Nurture / Monitor,Low-cost digital nurture,0.6502457397672329,Medium,374.71500000000003,243.6568323768787,0.5,7.309704971306361,6.809704971306361,13.619409942612721,2045.5,9537.846636157105,Low-cost nurture communication and continued monitoring,0
346,12759,2011-09-01,Netherlands,Nurture / Monitor,Low-cost digital nurture,0.48142026255858894,Low,503.76,242.52027146651477,0.5,7.275608143995443,6.775608143995443,13.551216287990886,2046.0,9544.6222443011,Low-cost nurture communication and continued monitoring,0
347,12473,2011-09-01,Germany,Nurture / Monitor,Low-cost digital nurture,0.47593546456241076,Low,506.875,241.23978860007196,0.5,7.237193658002159,6.737193658002159,13.474387316004318,2046.5,9551.359437959101,Low-cost nurture communication and continued monitoring,0
348,14907,2011-09-01,United Kingdom,Nurture / Monitor,Low-cost digital nurture,0.4934143338695774,Low,485.565,239.58473102538136,0.5,7.187541930761441,6.687541930761441,13.375083861522882,2047.0,9558.046979889863,Low-cost nurture communication and continued monitoring,0
349,15493,2011-09-01,United Kingdom,Nurture / Monitor,Low-cost digital nurture,0.37011142180670287,Low,643.475,238.15744714706813,0.5,7.144723414412043,6.644723414412043,13.289446828824087,2047.5,9564.691703304276,Low-cost nurture communication and continued monitoring,0
350,18230,2011-09-01,United Kingdom,Nurture / Monitor,Low-cost digital nurture,0.4040526574375822,Low,589.23,238.07994734194656,0.5,7.142398420258397,6.642398420258397,13.284796840516794,2048.0,9571.334101724535,Low-cost nurture communication and continued monitoring,0
351,12957,2011-09-01,United Kingdom,Nurture / Monitor,Low-cost digital nurture,0.36488543563887155,Low,650.805,237.46926594095578,0.5,7.124077978228673,6.624077978228673,13.248155956457346,2048.5,9577.958179702764,Low-cost nurture communication and continued monitoring,0
352,14655,2011-09-01,United Kingdom,Nurture / Monitor,Low-cost digital nurture,0.584903961664691,Medium,405.28,237.04987758346599,0.5,7.111496327503979,6.611496327503979,13.222992655007959,2049.0,9584.569676030267,Low-cost nurture communication and continued monitoring,0
353,15128,2011-09-01,United Kingdom,Nurture / Monitor,Low-cost digital nurture,0.40424805557100923,Low,585.12,236.53362227570892,0.5,7.096008668271267,6.596008668271267,13.192017336542534,2049.5,9591.165684698539,Low-cost nurture communication and continued monitoring,0
354,14222,2011-09-01,United Kingdom,Nurture / Monitor,Low-cost digital nurture,0.691245921563173,Medium,341.585,236.11923811715644,0.5,7.083577143514693,6.583577143514693,13.167154287029385,2050.0,9597.749261842053,Low-cost nurture communication and continued monitoring,1
355,15671,2011-09-01,United Kingdom,Nurture / Monitor,Low-cost digital nurture,0.35300297646443385,Low,667.245,235.53947103101117,0.5,7.066184130930335,6.566184130930335,13.13236826186067,2050.5,9604.315445972983,Low-cost nurture communication and continued monitoring,0
356,15508,2011-09-01,United Kingdom,Nurture / Monitor,Low-cost digital nurture,0.47091374234886785,Low,500.135,235.52044452965103,0.5,7.06561333588953,6.56561333588953,13.13122667177906,2051.0,9610.881059308873,Low-cost nurture communication and continued monitoring,1
357,17932,2011-09-01,United Kingdom,Nurture / Monitor,Low-cost digital nurture,0.5040044471289907,Low,467.255,235.49859794325656,0.5,7.064957938297696,6.564957938297696,13.129915876595392,2051.5,9617.44601724717,Low-cost nurture communication and continued monitoring,0
358,16245,2011-09-01,United Kingdom,Nurture / Monitor,Low-cost digital nurture,0.6117626706251819,Medium,384.85,235.43686379010126,0.5,7.063105913703038,6.563105913703038,13.126211827406076,2052.0,9624.009123160873,Low-cost nurture communication and continued monitoring,0
359,13334,2011-09-01,United Kingdom,Nurture / Monitor,Low-cost digital nurture,0.4388697097365035,Low,535.7,235.10250350584496,0.5,7.053075105175349,6.553075105175349,13.106150210350698,2052.5,9630.562198266049,Low-cost nurture communication and continued monitoring,0
360,13655,2011-09-01,United Kingdom,Nurture / Monitor,Low-cost digital nurture,0.5029118976447509,Low,466.485,234.6008565728116,0.5,7.038025697184348,6.538025697184348,13.076051394368696,2053.0,9637.100223963233,Low-cost nurture communication and continued monitoring,1
361,17591,2011-09-01,United Kingdom,Nurture / Monitor,Low-cost digital nurture,0.470661975445979,Low,497.73,234.26258503872714,0.5,7.027877551161814,6.527877551161814,13.055755102323628,2053.5,9643.628101514394,Low-cost nurture communication and continued monitoring,0
362,13282,2011-09-01,United Kingdom,Nurture / Monitor,Low-cost digital nurture,0.6053619915368484,Medium,386.55000000000007,234.0026778285688,0.5,7.020080334857064,6.520080334857064,13.040160669714128,2054.0,9650.14818184925,Low-cost nurture communication and continued monitoring,0
363,15145,2011-09-01,United Kingdom,Nurture / Monitor,Low-cost digital nurture,0.6440759852893683,Medium,362.015,233.16516781453063,0.5,6.994955034435919,6.494955034435919,12.989910068871838,2054.5,9656.643136883686,Low-cost nurture communication and continued monitoring,0
364,14390,2011-09-01,United Kingdom,Nurture / Monitor,Low-cost digital nurture,0.34094072188383495,Low,683.505,233.0346881112106,0.5,6.991040643336318,6.491040643336318,12.982081286672637,2055.0,9663.134177527021,Low-cost nurture communication and continued monitoring,0
365,12453,2011-09-01,Austria,Nurture / Monitor,Low-cost digital nurture,0.6572160667697877,Medium,353.545,232.3554543261246,0.5,6.970663629783738,6.470663629783738,12.941327259567476,2055.5,9669.604841156804,Low-cost nurture communication and continued monitoring,1
366,18263,2011-09-01,United Kingdom,Nurture / Monitor,Low-cost digital nurture,0.5725996569474079,Medium,405.7,232.30368082356338,0.5,6.969110424706901,6.469110424706901,12.938220849413803,2056.0,9676.073951581511,Low-cost nurture communication and continued monitoring,0
367,13461,2011-09-01,United Kingdom,Nurture / Monitor,Low-cost digital nurture,0.525241321004443,Low,442.1,232.20918801606425,0.5,6.9662756404819275,6.4662756404819275,12.932551280963855,2056.5,9682.540227221993,Low-cost nurture communication and continued monitoring,0
368,13700,2011-09-01,United Kingdom,Nurture / Monitor,Low-cost digital nurture,0.42491496524284217,Low,544.895,231.53403998599848,0.5,6.946021199579954,6.446021199579954,12.892042399159909,2057.0,9688.986248421572,Low-cost nurture communication and continued monitoring,0
369,17625,2011-09-01,United Kingdom,Nurture / Monitor,Low-cost digital nurture,0.3768218454749262,Low,613.565,231.2046956188231,0.5,6.936140868564693,6.436140868564693,12.872281737129386,2057.5,9695.422389290137,Low-cost nurture communication and continued monitoring,0
370,13414,2011-09-01,United Kingdom,Nurture / Monitor,Low-cost digital nurture,0.4616741670339853,Low,500.25,230.95250205875115,0.5,6.928575061762534,6.428575061762534,12.857150123525068,2058.0,9701.8509643519,Low-cost nurture communication and continued monitoring,1
371,17867,2011-09-01,United Kingdom,Nurture / Monitor,Low-cost digital nurture,0.4949632704106676,Low,465.99000000000007,230.64793437866703,0.5,6.919438031360011,6.419438031360011,12.838876062720022,2058.5,9708.27040238326,Low-cost nurture communication and continued monitoring,0
372,15027,2011-09-01,United Kingdom,Nurture / Monitor,Low-cost digital nurture,0.47691706474534545,Low,483.485,230.58224704840336,0.5,6.9174674114521,6.4174674114521,12.8349348229042,2059.0,9714.687869794712,Low-cost nurture communication and continued monitoring,0
373,15394,2011-09-01,United Kingdom,Nurture / Monitor,Low-cost digital nurture,0.5398571448194219,Medium,424.39,229.10997368991445,0.5,6.873299210697433,6.373299210697433,12.746598421394866,2059.5,9721.06116900541,Low-cost nurture communication and continued monitoring,0
374,16327,2011-09-01,United Kingdom,Nurture / Monitor,Low-cost digital nurture,0.3483280320396444,Low,655.71,228.40217388871525,0.5,6.852065216661457,6.352065216661457,12.704130433322915,2060.0,9727.413234222071,Low-cost nurture communication and continued monitoring,0
375,13317,2011-09-01,United Kingdom,Nurture / Monitor,Low-cost digital nurture,0.42391218627663135,Low,537.965,228.049919290308,0.5,6.84149757870924,6.34149757870924,12.68299515741848,2060.5,9733.75473180078,Low-cost nurture communication and continued monitoring,0
376,14515,2011-09-01,United Kingdom,Nurture / Monitor,Low-cost digital nurture,0.5913502857634694,Medium,382.825,226.38367314740015,0.5,6.791510194422004,6.291510194422004,12.583020388844009,2061.0,9740.046241995202,Low-cost nurture communication and continued monitoring,0
377,12668,2011-09-01,Germany,Nurture / Monitor,Low-cost digital nurture,0.3910224882627857,Low,578.4,226.16740721119524,0.5,6.785022216335857,6.285022216335857,12.570044432671715,2061.5,9746.331264211538,Low-cost nurture communication and continued monitoring,0
378,13647,2011-09-01,United Kingdom,Nurture / Monitor,Low-cost digital nurture,0.5621550902061696,Medium,401.93,225.94699540656575,0.5,6.778409862196972,6.278409862196972,12.556819724393945,2062.0,9752.609674073736,Low-cost nurture communication and continued monitoring,0
379,16889,2011-09-01,United Kingdom,Nurture / Monitor,Low-cost digital nurture,0.427831357626565,Low,527.81,225.81366886887724,0.5,6.774410066066317,6.274410066066317,12.548820132132635,2062.5,9758.884084139801,Low-cost nurture communication and continued monitoring,1
380,13527,2011-09-01,United Kingdom,Nurture / Monitor,Low-cost digital nurture,0.3604221239674966,Low,626.035,225.63686437799174,0.5,6.769105931339752,6.269105931339752,12.538211862679503,2063.0,9765.153190071142,Low-cost nurture communication and continued monitoring,0
381,14868,2011-09-01,United Kingdom,Nurture / Monitor,Low-cost digital nurture,0.3476488789495599,Low,648.535,225.46246570955284,0.5,6.763873971286585,6.263873971286585,12.52774794257317,2063.5,9771.417064042429,Low-cost nurture communication and continued monitoring,0
382,13588,2011-09-01,United Kingdom,Nurture / Monitor,Low-cost digital nurture,0.4191011868671259,Low,537.81,225.39680930900894,0.5,6.761904279270268,6.261904279270268,12.523808558540535,2064.0,9777.6789683217,Low-cost nurture communication and continued monitoring,0
383,18055,2011-09-01,United Kingdom,Nurture / Monitor,Low-cost digital nurture,0.3516287336370121,Low,639.415,224.83668671851007,0.5,6.7451006015553014,6.2451006015553014,12.490201203110603,2064.5,9783.924068923254,Low-cost nurture communication and continued monitoring,0
384,14817,2011-09-01,United Kingdom,Nurture / Monitor,Low-cost digital nurture,0.443532461282144,Low,505.16999999999996,224.05929346590068,0.5,6.7217788039770205,6.2217788039770205,12.443557607954041,2065.0,9790.14584772723,Low-cost nurture communication and continued monitoring,1
385,14701,2011-09-01,United Kingdom,Nurture / Monitor,Low-cost digital nurture,0.34338666911363885,Low,651.3050000000001,223.64945452705857,0.5,6.709483635811757,6.209483635811757,12.418967271623513,2065.5,9796.355331363042,Low-cost nurture communication and continued monitoring,0
386,15045,2011-09-01,United Kingdom,Nurture / Monitor,Low-cost digital nurture,0.6073493585572612,Medium,367.83,223.4013145581174,0.5,6.702039436743522,6.202039436743522,12.404078873487045,2066.0,9802.557370799785,Low-cost nurture communication and continued monitoring,1
387,17937,2011-09-01,United Kingdom,Nurture / Monitor,Low-cost digital nurture,0.48469106637145043,Low,460.32000000000005,223.1129916721061,0.5,6.693389750163182,6.193389750163182,12.386779500326364,2066.5,9808.750760549949,Low-cost nurture communication and continued monitoring,0
388,16572,2011-09-01,United Kingdom,Nurture / Monitor,Low-cost digital nurture,0.44070846580787865,Low,504.79999999999995,222.46963353981712,0.5,6.674089006194514,6.174089006194514,12.348178012389027,2067.0,9814.924849556142,Low-cost nurture communication and continued monitoring,1
389,13492,2011-09-01,Switzerland,Nurture / Monitor,Low-cost digital nurture,0.35021795492789565,Low,634.9200000000001,222.36038394281954,0.5,6.6708115182845855,6.1708115182845855,12.341623036569171,2067.5,9821.095661074427,Low-cost nurture communication and continued monitoring,1
390,16309,2011-09-01,United Kingdom,Nurture / Monitor,Low-cost digital nurture,0.6283472533428027,Medium,353.28499999999997,221.98565939721203,0.5,6.65956978191636,6.15956978191636,12.31913956383272,2068.0,9827.255230856343,Low-cost nurture communication and continued monitoring,1
391,15073,2011-09-01,United Kingdom,Nurture / Monitor,Low-cost digital nurture,0.514293174484971,Low,430.98,221.6500723395328,0.5,6.649502170185984,6.149502170185984,12.299004340371969,2068.5,9833.40473302653,Low-cost nurture communication and continued monitoring,1
392,16224,2011-09-01,United Kingdom,Nurture / Monitor,Low-cost digital nurture,0.5116811793386872,Low,432.94000000000005,221.52724978289126,0.5,6.645817493486738,6.145817493486738,12.291634986973476,2069.0,9839.550550520016,Low-cost nurture communication and continued monitoring,0
393,18235,2011-09-01,United Kingdom,Nurture / Monitor,Low-cost digital nurture,0.5902752168691537,Medium,374.9,221.29417880424572,0.5,6.638825364127372,6.138825364127372,12.277650728254743,2069.5,9845.689375884143,Low-cost nurture communication and continued monitoring,0
394,15116,2011-09-01,United Kingdom,Nurture / Monitor,Low-cost digital nurture,0.5578710566729723,Medium,395.485,220.62963484831047,0.5,6.618889045449314,6.118889045449314,12.237778090898628,2070.0,9851.808264929592,Low-cost nurture communication and continued monitoring,0
395,15701,2011-09-01,United Kingdom,Nurture / Monitor,Low-cost digital nurture,0.5161201823023439,Low,426.95,220.35751183398574,0.5,6.610725355019572,6.110725355019572,12.221450710039145,2070.5,9857.918990284612,Low-cost nurture communication and continued monitoring,0
396,13355,2011-09-01,United Kingdom,Nurture / Monitor,Low-cost digital nurture,0.6510052587107213,Medium,337.35,219.61662402606186,0.5,6.588498720781855,6.088498720781855,12.17699744156371,2071.0,9864.007489005393,Low-cost nurture communication and continued monitoring,1
397,17695,2011-09-01,United Kingdom,Nurture / Monitor,Low-cost digital nurture,0.5735416533001149,Medium,382.67,219.47718446835498,0.5,6.584315534050649,6.084315534050649,12.168631068101298,2071.5,9870.091804539443,Low-cost nurture communication and continued monitoring,1
398,12461,2011-09-01,Switzerland,Nurture / Monitor,Low-cost digital nurture,0.699553828637497,Medium,313.44,219.26815204813707,0.5,6.578044561444112,6.078044561444112,12.156089122888224,2072.0,9876.169849100886,Low-cost nurture communication and continued monitoring,1
399,13658,2011-09-01,United Kingdom,Nurture / Monitor,Low-cost digital nurture,0.468787429417519,Low,466.65,218.75965393768524,0.5,6.562789618130557,6.062789618130557,12.125579236261114,2072.5,9882.232638719017,Low-cost nurture communication and continued monitoring,0
400,12775,2011-09-01,Netherlands,Nurture / Monitor,Low-cost digital nurture,0.4912609318436702,Low,445.115,218.66760967759527,0.5,6.560028290327858,6.060028290327858,12.120056580655715,2073.0,9888.292667009344,Low-cost nurture communication and continued monitoring,0
401,13591,2011-09-01,United Kingdom,Nurture / Monitor,Low-cost digital nurture,0.5602305748990566,Medium,388.115,217.43388957694737,0.5,6.523016687308421,6.023016687308421,12.046033374616842,2073.5,9894.315683696652,Low-cost nurture communication and continued monitoring,0
402,12684,2011-09-01,France,Nurture / Monitor,Low-cost digital nurture,0.35014510789343556,Low,620.74,217.34907427377118,0.5,6.520472228213135,6.020472228213135,12.04094445642627,2074.0,9900.336155924864,Low-cost nurture communication and continued monitoring,0
403,17262,2011-09-01,United Kingdom,Nurture / Monitor,Low-cost digital nurture,0.632680502331678,Medium,343.25,217.16758242534848,0.5,6.515027472760455,6.015027472760455,12.03005494552091,2074.5,9906.351183397624,Low-cost nurture communication and continued monitoring,0
404,16755,2011-09-01,United Kingdom,Nurture / Monitor,Low-cost digital nurture,0.37328108761373935,Low,579.685,216.38544727337046,0.5,6.491563418201114,5.991563418201114,11.983126836402228,2075.0,9912.342746815826,Low-cost nurture communication and continued monitoring,1
405,12976,2011-09-01,United Kingdom,Nurture / Monitor,Low-cost digital nurture,0.5844951440175007,Medium,369.3,215.854056685663,0.5,6.47562170056989,5.97562170056989,11.95124340113978,2075.5,9918.318368516397,Low-cost nurture communication and continued monitoring,1
406,12507,2011-09-01,Spain,Nurture / Monitor,Low-cost digital nurture,0.6249143159990327,Medium,345.325,215.79853617236594,0.5,6.473956085170978,5.973956085170978,11.947912170341956,2076.0,9924.292324601567,Low-cost nurture communication and continued monitoring,1
407,16497,2011-09-01,United Kingdom,Nurture / Monitor,Low-cost digital nurture,0.4150323673174571,Low,519.16,215.468203816531,0.5,6.46404611449593,5.96404611449593,11.92809222899186,2076.5,9930.256370716063,Low-cost nurture communication and continued monitoring,0
408,14442,2011-09-01,Channel Islands,Nurture / Monitor,Low-cost digital nurture,0.4703336683827156,Low,457.12,214.99892649110697,0.5,6.449967794733209,5.949967794733209,11.899935589466418,2077.0,9936.206338510796,Low-cost nurture communication and continued monitoring,1
409,15192,2011-09-01,United Kingdom,Nurture / Monitor,Low-cost digital nurture,0.5890844914801842,Medium,364.65999999999997,214.81555066316395,0.5,6.4444665198949185,5.9444665198949185,11.888933039789837,2077.5,9942.150805030691,Low-cost nurture communication and continued monitoring,1
410,15644,2011-09-01,United Kingdom,Nurture / Monitor,Low-cost digital nurture,0.532933074577146,Medium,401.77,214.11652137285995,0.5,6.423495641185799,5.923495641185799,11.846991282371597,2078.0,9948.074300671877,Low-cost nurture communication and continued monitoring,1
411,16317,2011-09-01,United Kingdom,Nurture / Monitor,Low-cost digital nurture,0.5553272389322859,Medium,385.445,214.04810761025493,0.5,6.4214432283076475,5.9214432283076475,11.842886456615295,2078.5,9953.995743900185,Low-cost nurture communication and continued monitoring,1
412,14687,2011-09-01,United Kingdom,Nurture / Monitor,Low-cost digital nurture,0.6809198841016997,Medium,314.19,213.93821838591302,0.5,6.41814655157739,5.91814655157739,11.83629310315478,2079.0,9959.913890451762,Low-cost nurture communication and continued monitoring,1
413,15122,2011-09-01,United Kingdom,Nurture / Monitor,Low-cost digital nurture,0.3453990770734455,Low,618.37,213.5844272899065,0.5,6.407532818697195,5.907532818697195,11.81506563739439,2079.5,9965.82142327046,Low-cost nurture communication and continued monitoring,1
414,17173,2011-09-01,United Kingdom,Nurture / Monitor,Low-cost digital nurture,0.44389002955615275,Low,480.63,213.3468649055737,0.5,6.4004059471672115,5.9004059471672115,11.800811894334423,2080.0,9971.721829217628,Low-cost nurture communication and continued monitoring,0
415,15117,2011-09-01,United Kingdom,Nurture / Monitor,Low-cost digital nurture,0.6283638304198154,Medium,337.865,212.30214556479092,0.5,6.369064366943728,5.869064366943728,11.738128733887455,2080.5,9977.590893584571,Low-cost nurture communication and continued monitoring,0
416,18287,2011-09-01,United Kingdom,Nurture / Monitor,Low-cost digital nurture,0.5545418434886545,Medium,382.64,212.18989099249876,0.5,6.365696729774963,5.865696729774963,11.731393459549926,2081.0,9983.456590314347,Low-cost nurture communication and continued monitoring,0
417,12359,2011-09-01,Cyprus,Nurture / Monitor,Low-cost digital nurture,0.3824347004515328,Low,554.66,212.12123095244718,0.5,6.363636928573415,5.863636928573415,11.72727385714683,2081.5,9989.32022724292,Low-cost nurture communication and continued monitoring,0
418,15673,2011-09-01,United Kingdom,Nurture / Monitor,Low-cost digital nurture,0.37344174833442667,Low,567.22,211.8236284902535,0.5,6.354708854707605,5.854708854707605,11.70941770941521,2082.0,9995.174936097628,Low-cost nurture communication and continued monitoring,0
419,12849,2011-09-01,United Kingdom,Nurture / Monitor,Low-cost digital nurture,0.6503176795748626,Medium,325.60499999999996,211.74668805797313,0.5,6.352400641739194,5.852400641739194,11.704801283478387,2082.5,10001.027336739367,Low-cost nurture communication and continued monitoring,0
420,15299,2011-09-01,United Kingdom,Nurture / Monitor,Low-cost digital nurture,0.7032977701109921,Medium,300.0,210.98933103329765,0.5,6.329679930998929,5.829679930998929,11.659359861997858,2083.0,10006.857016670367,Low-cost nurture communication and continued monitoring,0
421,13376,2011-09-01,United Kingdom,Nurture / Monitor,Low-cost digital nurture,0.6295706509830794,Medium,335.0,210.9061680793316,0.5,6.327185042379948,5.827185042379948,11.654370084759895,2083.5,10012.684201712747,Low-cost nurture communication and continued monitoring,0
422,17642,2011-09-01,United Kingdom,Nurture / Monitor,Low-cost digital nurture,0.5921580464855488,Medium,356.145,210.89412746559577,0.5,6.326823823967873,5.826823823967873,11.653647647935745,2084.0,10018.511025536714,Low-cost nurture communication and continued monitoring,1
423,12408,2011-09-01,Belgium,Nurture / Monitor,Low-cost digital nurture,0.31060489120416274,Low,678.385,210.70969911953594,0.5,6.321290973586078,5.821290973586078,11.642581947172156,2084.5,10024.332316510301,Low-cost nurture communication and continued monitoring,0
424,15722,2011-09-01,United Kingdom,Nurture / Monitor,Low-cost digital nurture,0.3867164064666265,Low,544.7,210.64442660237148,0.5,6.3193327980711445,5.8193327980711445,11.638665596142289,2085.0,10030.151649308373,Low-cost nurture communication and continued monitoring,0
425,17029,2011-09-01,United Kingdom,Nurture / Monitor,Low-cost digital nurture,0.5878593650947938,Medium,358.0,210.45365270393617,0.5,6.313609581118085,5.813609581118085,11.62721916223617,2085.5,10035.965258889491,Low-cost nurture communication and continued monitoring,1
426,12418,2011-09-01,Switzerland,Nurture / Monitor,Low-cost digital nurture,0.6262517004882612,Medium,334.29,209.34968095622085,0.5,6.280490428686625,5.780490428686625,11.56098085737325,2086.0,10041.745749318177,Low-cost nurture communication and continued monitoring,1
427,16081,2011-09-01,United Kingdom,Nurture / Monitor,Low-cost digital nurture,0.5012833071788382,Low,417.385,209.22813316683937,0.5,6.276843995005181,5.776843995005181,11.553687990010362,2086.5,10047.522593313182,Low-cost nurture communication and continued monitoring,0
428,16618,2011-09-01,United Kingdom,Nurture / Monitor,Low-cost digital nurture,0.5858654145391263,Medium,356.565,208.8991015351436,0.5,6.266973046054307,5.766973046054307,11.533946092108614,2087.0,10053.289566359237,Low-cost nurture communication and continued monitoring,0
429,15108,2011-09-01,European Community,Nurture / Monitor,Low-cost digital nurture,0.3603625098789786,Low,579.625,208.87511978860297,0.5,6.266253593658089,5.766253593658089,11.532507187316178,2087.5,10059.055819952895,Low-cost nurture communication and continued monitoring,1
430,16054,2011-09-01,United Kingdom,Nurture / Monitor,Low-cost digital nurture,0.5320497721558721,Medium,391.95,208.53690819649407,0.5,6.256107245894822,5.756107245894822,11.512214491789644,2088.0,10064.81192719879,Low-cost nurture communication and continued monitoring,1
431,14740,2011-09-01,United Kingdom,Nurture / Monitor,Low-cost digital nurture,0.44972867332869026,Low,463.555,208.473975164881,0.5,6.25421925494643,5.75421925494643,11.50843850989286,2088.5,10070.566146453737,Low-cost nurture communication and continued monitoring,1
432,17584,2011-09-01,United Kingdom,Nurture / Monitor,Low-cost digital nurture,0.5562398188807841,Medium,374.725,208.43696613010184,0.5,6.253108983903055,5.753108983903055,11.50621796780611,2089.0,10076.31925543764,Low-cost nurture communication and continued monitoring,1
433,15797,2011-09-01,United Kingdom,Nurture / Monitor,Low-cost digital nurture,0.5972402886017782,Medium,348.6,208.19796460657992,0.5,6.245938938197397,5.745938938197397,11.491877876394794,2089.5,10082.065194375837,Low-cost nurture communication and continued monitoring,1
434,18143,2011-09-01,United Kingdom,Nurture / Monitor,Low-cost digital nurture,0.41579873410300394,Low,500.08000000000004,207.93263095023022,0.5,6.237978928506906,5.737978928506906,11.475957857013812,2090.0,10087.803173304344,Low-cost nurture communication and continued monitoring,1
435,14503,2011-09-01,United Kingdom,Nurture / Monitor,Low-cost digital nurture,0.6958525162531471,Medium,298.535,207.7363309396333,0.5,6.232089928188999,5.732089928188999,11.464179856377998,2090.5,10093.535263232534,Low-cost nurture communication and continued monitoring,0
436,15700,2011-09-01,United Kingdom,Nurture / Monitor,Low-cost digital nurture,0.5936886257098275,Medium,348.34,206.8054958797613,0.5,6.204164876392839,5.704164876392839,11.408329752785678,2091.0,10099.239428108927,Low-cost nurture communication and continued monitoring,1
437,18093,2011-09-01,United Kingdom,Nurture / Monitor,Low-cost digital nurture,0.45984043654924933,Low,449.68,206.78104750746644,0.5,6.203431425223993,5.703431425223993,11.406862850447986,2091.5,10104.94285953415,Low-cost nurture communication and continued monitoring,0
438,12610,2011-09-01,Italy,Nurture / Monitor,Low-cost digital nurture,0.37363575376750013,Low,552.125,206.293640548881,0.5,6.18880921646643,5.68880921646643,11.37761843293286,2092.0,10110.631668750617,Low-cost nurture communication and continued monitoring,0
439,16040,2011-09-01,United Kingdom,Nurture / Monitor,Low-cost digital nurture,0.47029942079920006,Low,438.09000000000003,206.03347325792157,0.5,6.181004197737647,5.681004197737647,11.362008395475295,2092.5,10116.312672948354,Low-cost nurture communication and continued monitoring,0
440,13637,2011-09-01,United Kingdom,Nurture / Monitor,Low-cost digital nurture,0.6069822581941232,Medium,338.7,205.58489085034952,0.5,6.167546725510485,5.667546725510485,11.33509345102097,2093.0,10121.980219673864,Low-cost nurture communication and continued monitoring,0
441,14107,2011-09-01,United Kingdom,Nurture / Monitor,Low-cost digital nurture,0.3379724660066364,Low,607.875,205.4450127737841,0.5,6.163350383213523,5.663350383213523,11.326700766427045,2093.5,10127.643570057076,Low-cost nurture communication and continued monitoring,0
442,15845,2011-09-01,United Kingdom,Nurture / Monitor,Low-cost digital nurture,0.31717921683704164,Low,647.09,205.2434994230813,0.5,6.157304982692438,5.657304982692438,11.314609965384877,2094.0,10133.30087503977,Low-cost nurture communication and continued monitoring,0
443,17828,2011-09-01,Malta,Nurture / Monitor,Low-cost digital nurture,0.4668543901036326,Low,438.33,204.63628481412528,0.5,6.139088544423758,5.639088544423758,11.278177088847515,2094.5,10138.939963584193,Low-cost nurture communication and continued monitoring,0
444,15810,2011-09-01,United Kingdom,Nurture / Monitor,Low-cost digital nurture,0.4128914252184683,Low,491.935,203.1157432648472,0.5,6.093472297945416,5.593472297945416,11.186944595890832,2095.0,10144.533435882138,Low-cost nurture communication and continued monitoring,0
445,17997,2011-09-01,United Kingdom,Nurture / Monitor,Low-cost digital nurture,0.3194712621352342,Low,634.255,202.62624536558295,0.5,6.078787360967488,5.578787360967488,11.157574721934976,2095.5,10150.112223243106,Low-cost nurture communication and continued monitoring,0
446,15071,2011-09-01,United Kingdom,Nurture / Monitor,Low-cost digital nurture,0.6876748109525291,Medium,294.33500000000004,202.40676548171268,0.5,6.07220296445138,5.57220296445138,11.14440592890276,2096.0,10155.684426207557,Low-cost nurture communication and continued monitoring,0
447,16807,2011-09-01,United Kingdom,Nurture / Monitor,Low-cost digital nurture,0.3603005711340771,Low,560.7950000000001,202.05475878913478,0.5,6.061642763674043,5.561642763674043,11.123285527348086,2096.5,10161.246068971232,Low-cost nurture communication and continued monitoring,1
448,17588,2011-09-01,United Kingdom,Nurture / Monitor,Low-cost digital nurture,0.3241644000328134,Low,620.1,201.0143444603476,0.5,6.030430333810427,5.530430333810427,11.060860667620855,2097.0,10166.776499305042,Low-cost nurture communication and continued monitoring,1
449,14305,2011-09-01,United Kingdom,Nurture / Monitor,Low-cost digital nurture,0.3833711535212276,Low,524.225,200.97274295466553,0.5,6.029182288639966,5.529182288639966,11.058364577279931,2097.5,10172.305681593682,Low-cost nurture communication and continued monitoring,0
450,15569,2011-09-01,United Kingdom,Nurture / Monitor,Low-cost digital nurture,0.3692331535851994,Low,543.605,200.71698845468234,0.5,6.02150965364047,5.52150965364047,11.04301930728094,2098.0,10177.827191247323,Low-cost nurture communication and continued monitoring,1
451,17414,2011-09-01,United Kingdom,Nurture / Monitor,Low-cost digital nurture,0.6695378405710962,Medium,299.0,200.19181433075778,0.5,6.0057544299227335,5.5057544299227335,11.011508859845467,2098.5,10183.332945677246,Low-cost nurture communication and continued monitoring,0
452,18248,2011-09-01,United Kingdom,Nurture / Monitor,Low-cost digital nurture,0.4976752837807603,Low,402.01,200.07044083270344,0.5,6.002113224981103,5.502113224981103,11.004226449962205,2099.0,10188.835058902227,Low-cost nurture communication and continued monitoring,1
453,16709,2011-09-01,United Kingdom,Nurture / Monitor,Low-cost digital nurture,0.4629115660023829,Low,432.03,199.9916838600095,0.5,5.999750515800285,5.499750515800285,10.99950103160057,2099.5,10194.334809418027,Low-cost nurture communication and continued monitoring,0
454,16146,2011-09-01,United Kingdom,Nurture / Monitor,Low-cost digital nurture,0.5443719356365837,Medium,367.065,199.8198845544426,0.5,5.994596536633278,5.494596536633278,10.989193073266556,2100.0,10199.82940595466,Low-cost nurture communication and continued monitoring,1
455,12885,2011-09-01,United Kingdom,Nurture / Monitor,Low-cost digital nurture,0.6183122136184498,Medium,322.675,199.5138935293333,0.5,5.985416805879999,5.485416805879999,10.970833611759998,2100.5,10205.31482276054,Low-cost nurture communication and continued monitoring,0
456,12429,2011-09-01,Denmark,Nurture / Monitor,Low-cost digital nurture,0.2950537922312952,Low,672.69,198.47973549606996,0.5,5.954392064882098,5.454392064882098,10.908784129764197,2101.0,10210.769214825423,Low-cost nurture communication and continued monitoring,1
457,17046,2011-09-01,United Kingdom,Nurture / Monitor,Low-cost digital nurture,0.6181093108752457,Medium,321.01,198.4192698840626,0.5,5.9525780965218775,5.4525780965218775,10.905156193043755,2101.5,10216.221792921944,Low-cost nurture communication and continued monitoring,1
458,13362,2011-09-01,United Kingdom,Nurture / Monitor,Low-cost digital nurture,0.5157235415645658,Low,384.415,198.25186523054256,0.5,5.947555956916276,5.447555956916276,10.895111913832553,2102.0,10221.66934887886,Low-cost nurture communication and continued monitoring,0
459,12994,2011-09-01,United Kingdom,Nurture / Monitor,Low-cost digital nurture,0.6115434893948962,Medium,322.735,197.36648804986183,0.5,5.920994641495855,5.420994641495855,10.84198928299171,2102.5,10227.090343520356,Low-cost nurture communication and continued monitoring,1
460,16232,2011-09-01,United Kingdom,Nurture / Monitor,Low-cost digital nurture,0.5439414474881644,Medium,362.52,197.18965354340935,0.5,5.91568960630228,5.41568960630228,10.83137921260456,2103.0,10232.506033126658,Low-cost nurture communication and continued monitoring,0
461,14307,2011-09-01,United Kingdom,Nurture / Monitor,Low-cost digital nurture,0.3800229972873362,Low,518.665,197.10462788803622,0.5,5.913138836641086,5.413138836641086,10.826277673282172,2103.5,10237.919171963298,Low-cost nurture communication and continued monitoring,0
462,16996,2011-09-01,United Kingdom,Nurture / Monitor,Low-cost digital nurture,0.4308387187940975,Low,457.12,196.94499513515785,0.5,5.908349854054736,5.408349854054736,10.816699708109471,2104.0,10243.327521817353,Low-cost nurture communication and continued monitoring,0
463,13481,2011-09-01,United Kingdom,Nurture / Monitor,Low-cost digital nurture,0.28896812086999635,Low,680.665,196.69048599197606,0.5,5.900714579759281,5.400714579759281,10.801429159518563,2104.5,10248.728236397112,Low-cost nurture communication and continued monitoring,0
464,14352,2011-09-01,United Kingdom,Nurture / Monitor,Low-cost digital nurture,0.36407878199241533,Low,539.48,196.41322130926824,0.5,5.892396639278047,5.392396639278047,10.784793278556094,2105.0,10254.12063303639,Low-cost nurture communication and continued monitoring,1
465,14676,2011-09-01,United Kingdom,Nurture / Monitor,Low-cost digital nurture,0.34354720324136284,Low,567.3,194.89432839882514,0.5,5.846829851964754,5.346829851964754,10.693659703929509,2105.5,10259.467462888355,Low-cost nurture communication and continued monitoring,0
466,13731,2011-09-01,United Kingdom,Nurture / Monitor,Low-cost digital nurture,0.637414398211319,Medium,305.295,194.59942870192464,0.5,5.837982861057739,5.337982861057739,10.675965722115478,2106.0,10264.805445749413,Low-cost nurture communication and continued monitoring,1
467,18242,2011-09-01,United Kingdom,Nurture / Monitor,Low-cost digital nurture,0.5599761176814868,Medium,347.03999999999996,194.33411188018317,0.5,5.830023356405495,5.330023356405495,10.66004671281099,2106.5,10270.135469105819,Low-cost nurture communication and continued monitoring,0
468,14301,2011-09-01,United Kingdom,Nurture / Monitor,Low-cost digital nurture,0.605503827974175,Medium,320.07,193.80361021969418,0.5,5.814108306590825,5.314108306590825,10.62821661318165,2107.0,10275.44957741241,Low-cost nurture communication and continued monitoring,1
469,14214,2011-09-01,United Kingdom,Nurture / Monitor,Low-cost digital nurture,0.4308916500258246,Low,449.58,193.7202680186102,0.5,5.811608040558306,5.311608040558306,10.623216081116611,2107.5,10280.761185452968,Low-cost nurture communication and continued monitoring,0
470,12585,2011-09-01,Germany,Nurture / Monitor,Low-cost digital nurture,0.5755462393070384,Medium,334.625,192.59216032811773,0.5,5.777764809843531,5.277764809843531,10.555529619687062,2108.0,10286.038950262811,Low-cost nurture communication and continued monitoring,1
471,18177,2011-09-01,United Kingdom,Nurture / Monitor,Low-cost digital nurture,0.3713066202066571,Low,518.635,192.5726089708796,0.5,5.777178269126388,5.277178269126388,10.554356538252776,2108.5,10291.316128531938,Low-cost nurture communication and continued monitoring,0
472,14737,2011-09-01,United Kingdom,Nurture / Monitor,Low-cost digital nurture,0.5943754732362387,Medium,323.875,192.50335639438683,0.5,5.775100691831605,5.275100691831605,10.55020138366321,2109.0,10296.59122922377,Low-cost nurture communication and continued monitoring,1
473,12868,2011-09-01,United Kingdom,Nurture / Monitor,Low-cost digital nurture,0.4107030038080447,Low,466.925,191.76750005307127,0.5,5.753025001592138,5.253025001592138,10.506050003184276,2109.5,10301.844254225362,Low-cost nurture communication and continued monitoring,1
474,14223,2011-09-01,United Kingdom,Nurture / Monitor,Low-cost digital nurture,0.584099720637697,Medium,328.29499999999996,191.7570177867527,0.5,5.75271053360258,5.25271053360258,10.50542106720516,2110.0,10307.096964758965,Low-cost nurture communication and continued monitoring,0
475,13632,2011-09-01,United Kingdom,Nurture / Monitor,Low-cost digital nurture,0.4719521587661752,Low,406.13,191.67393023970672,0.5,5.750217907191201,5.250217907191201,10.500435814382403,2110.5,10312.347182666155,Low-cost nurture communication and continued monitoring,0
476,16188,2011-09-01,United Kingdom,Nurture / Monitor,Low-cost digital nurture,0.5076726856371875,Low,377.515,191.65405391832283,0.5,5.749621617549685,5.249621617549685,10.49924323509937,2111.0,10317.596804283705,Low-cost nurture communication and continued monitoring,0
477,16150,2011-09-01,United Kingdom,Nurture / Monitor,Low-cost digital nurture,0.3772458988365597,Low,507.64,191.50510808539116,0.5,5.745153242561734,5.245153242561734,10.490306485123469,2111.5,10322.841957526267,Low-cost nurture communication and continued monitoring,0
478,17874,2011-09-01,United Kingdom,Nurture / Monitor,Low-cost digital nurture,0.5584752498883075,Medium,341.73,190.84774714433135,0.5,5.725432414329941,5.225432414329941,10.450864828659881,2112.0,10328.067389940597,Low-cost nurture communication and continued monitoring,1
479,17667,2011-09-01,United Kingdom,Nurture / Monitor,Low-cost digital nurture,0.4631762595333099,Low,411.48,190.58776727276634,0.5,5.71763301818299,5.21763301818299,10.43526603636598,2112.5,10333.28502295878,Low-cost nurture communication and continued monitoring,0
480,14422,2011-09-01,United Kingdom,Nurture / Monitor,Low-cost digital nurture,0.368684311411932,Low,516.075,190.2687560119128,0.5,5.708062680357385,5.208062680357385,10.41612536071477,2113.0,10338.493085639138,Low-cost nurture communication and continued monitoring,0
481,15289,2011-09-01,United Kingdom,Nurture / Monitor,Low-cost digital nurture,0.5447394030413497,Medium,348.99,190.10860426740064,0.5,5.703258128022019,5.203258128022019,10.406516256044037,2113.5,10343.69634376716,Low-cost nurture communication and continued monitoring,0
482,16293,2011-09-01,United Kingdom,Nurture / Monitor,Low-cost digital nurture,0.504886780093403,Low,375.495,189.58246149117238,0.5,5.687473844735171,5.187473844735171,10.374947689470343,2114.0,10348.883817611895,Low-cost nurture communication and continued monitoring,0
483,13900,2011-09-01,United Kingdom,Nurture / Monitor,Low-cost digital nurture,0.5115261164335522,Low,370.475,189.50763798572027,0.5,5.685229139571608,5.185229139571608,10.370458279143216,2114.5,10354.069046751467,Low-cost nurture communication and continued monitoring,1
484,15382,2011-09-01,United Kingdom,Nurture / Monitor,Low-cost digital nurture,0.34174801558666446,Low,553.85,189.27713843267412,0.5,5.6783141529802235,5.1783141529802235,10.356628305960447,2115.0,10359.247360904446,Low-cost nurture communication and continued monitoring,0
485,15641,2011-09-01,United Kingdom,Nurture / Monitor,Low-cost digital nurture,0.33599431023693765,Low,562.52,189.00351939448217,0.5,5.670105581834465,5.170105581834465,10.34021116366893,2115.5,10364.41746648628,Low-cost nurture communication and continued monitoring,1
486,12480,2011-09-01,Germany,Nurture / Monitor,Low-cost digital nurture,0.3286687867365044,Low,574.35,188.77091766211132,0.5,5.663127529863339,5.163127529863339,10.326255059726678,2116.0,10369.580594016144,Low-cost nurture communication and continued monitoring,0
487,16275,2011-09-01,United Kingdom,Nurture / Monitor,Low-cost digital nurture,0.674136725878382,Medium,279.935,188.71446435876487,0.5,5.6614339307629455,5.1614339307629455,10.322867861525891,2116.5,10374.742027946908,Low-cost nurture communication and continued monitoring,1
488,15105,2011-09-01,United Kingdom,Nurture / Monitor,Low-cost digital nurture,0.7062050864161139,Medium,266.49,188.1965934790302,0.5,5.6458978043709065,5.1458978043709065,10.291795608741813,2117.0,10379.887925751278,Low-cost nurture communication and continued monitoring,0
489,14377,2011-09-01,United Kingdom,Nurture / Monitor,Low-cost digital nurture,0.6088121316065789,Medium,308.525,187.83376290391973,0.5,5.6350128871175915,5.1350128871175915,10.270025774235183,2117.5,10385.022938638396,Low-cost nurture communication and continued monitoring,1
490,13627,2011-09-01,United Kingdom,Nurture / Monitor,Low-cost digital nurture,0.523643039422833,Low,357.905,187.41446202462902,0.5,5.62243386073887,5.12243386073887,10.24486772147774,2118.0,10390.145372499135,Low-cost nurture communication and continued monitoring,0
491,16584,2011-09-01,United Kingdom,Nurture / Monitor,Low-cost digital nurture,0.6107141797830248,Medium,305.97,186.8602175882121,0.5,5.6058065276463624,5.1058065276463624,10.211613055292725,2118.5,10395.251179026782,Low-cost nurture communication and continued monitoring,0
492,16682,2011-09-01,United Kingdom,Nurture / Monitor,Low-cost digital nurture,0.5961140616418935,Medium,313.15,186.67311840315895,0.5,5.600193552094768,5.100193552094768,10.200387104189536,2119.0,10400.351372578876,Low-cost nurture communication and continued monitoring,0
493,17596,2011-09-01,United Kingdom,Nurture / Monitor,Low-cost digital nurture,0.27649351319744186,Low,673.0550000000001,186.09534152510426,0.5,5.582860245753127,5.082860245753127,10.165720491506255,2119.5,10405.43423282463,Low-cost nurture communication and continued monitoring,0
494,14952,2011-09-01,United Kingdom,Nurture / Monitor,Low-cost digital nurture,0.27553731680948707,Low,675.39,186.09514839995947,0.5,5.5828544519987835,5.0828544519987835,10.165708903997567,2120.0,10410.517087276628,Low-cost nurture communication and continued monitoring,0
495,16717,2011-09-01,United Kingdom,Nurture / Monitor,Low-cost digital nurture,0.44759384477820746,Low,414.45500000000004,185.507506937552,0.5,5.565225208126559,5.065225208126559,10.130450416253119,2120.5,10415.582312484756,Low-cost nurture communication and continued monitoring,0
496,17738,2011-09-01,United Kingdom,Nurture / Monitor,Low-cost digital nurture,0.46826303062543023,Low,395.78499999999997,185.3314835760859,0.5,5.559944507282577,5.059944507282577,10.119889014565153,2121.0,10420.642256992038,Low-cost nurture communication and continued monitoring,0
497,12625,2011-09-01,Germany,Nurture / Monitor,Low-cost digital nurture,0.4496626254882036,Low,411.6,185.08113665094461,0.5,5.552434099528338,5.052434099528338,10.104868199056677,2121.5,10425.694691091567,Low-cost nurture communication and continued monitoring,1
498,16076,2011-09-01,United Kingdom,Nurture / Monitor,Low-cost digital nurture,0.41688164536824335,Low,443.9,185.0537623789632,0.5,5.551612871368896,5.051612871368896,10.103225742737791,2122.0,10430.746303962937,Low-cost nurture communication and continued monitoring,0
499,13115,2011-09-01,United Kingdom,Nurture / Monitor,Low-cost digital nurture,0.421149194765849,Low,439.275,185.0003125307683,0.5,5.550009375923048,5.050009375923048,10.100018751846097,2122.5,10435.79631333886,Low-cost nurture communication and continued monitoring,0
500,15201,2011-09-01,United Kingdom,Nurture / Monitor,Low-cost digital nurture,0.39601186247008263,Low,466.63000000000005,184.7910153844147,0.5,5.543730461532441,5.043730461532441,10.087460923064882,2123.0,10440.840043800392,Low-cost nurture communication and continued monitoring,0
501,17856,2011-09-01,United Kingdom,Nurture / Monitor,Low-cost digital nurture,0.5598636124840027,Medium,329.91,184.70460439459737,0.5,5.541138131837921,5.041138131837921,10.082276263675842,2123.5,10445.881181932229,Low-cost nurture communication and continued monitoring,1
502,13650,2011-09-01,United Kingdom,Nurture / Monitor,Low-cost digital nurture,0.49442823887872156,Low,372.76,184.30307032443224,0.5,5.529092109732967,5.029092109732967,10.058184219465934,2124.0,10450.910274041962,Low-cost nurture communication and continued monitoring,0
503,12836,2011-09-01,United Kingdom,Nurture / Monitor,Low-cost digital nurture,0.2909889365105094,Low,632.9200000000001,184.17271769623162,0.5,5.5251815308869485,5.0251815308869485,10.050363061773897,2124.5,10455.93545557285,Low-cost nurture communication and continued monitoring,0
504,15449,2011-09-01,United Kingdom,Nurture / Monitor,Low-cost digital nurture,0.5684739019954482,Medium,323.85,184.1002731612259,0.5,5.523008194836777,5.023008194836777,10.046016389673554,2125.0,10460.958463767687,Low-cost nurture communication and continued monitoring,0
505,13246,2011-09-01,United Kingdom,Nurture / Monitor,Low-cost digital nurture,0.47485762626145234,Low,387.675,184.09043026090853,0.5,5.522712907827255,5.022712907827255,10.04542581565451,2125.5,10465.981176675514,Low-cost nurture communication and continued monitoring,0
506,17054,2011-09-01,United Kingdom,Nurture / Monitor,Low-cost digital nurture,0.3040005933652316,Low,603.66,183.5129981908557,0.5,5.505389945725671,5.005389945725671,10.010779891451342,2126.0,10470.986566621239,Low-cost nurture communication and continued monitoring,0
507,17142,2011-09-01,United Kingdom,Nurture / Monitor,Low-cost digital nurture,0.6337976435458229,Medium,289.5,183.48441780651572,0.5,5.504532534195471,5.004532534195471,10.009065068390942,2126.5,10475.991099155435,Low-cost nurture communication and continued monitoring,1
508,16880,2011-09-01,United Kingdom,Nurture / Monitor,Low-cost digital nurture,0.4350896496411649,Low,420.505,182.95737312235806,0.5,5.488721193670742,4.988721193670742,9.977442387341483,2127.0,10480.979820349106,Low-cost nurture communication and continued monitoring,0
509,18183,2011-09-01,United Kingdom,Nurture / Monitor,Low-cost digital nurture,0.5780715807967506,Medium,316.035,182.69085203710108,0.5,5.480725561113032,4.980725561113032,9.961451122226064,2127.5,10485.960545910219,Low-cost nurture communication and continued monitoring,1
510,13357,2011-09-01,United Kingdom,Nurture / Monitor,Low-cost digital nurture,0.5993743427149663,Medium,304.7,182.62936222525022,0.5,5.478880866757506,4.978880866757506,9.957761733515012,2128.0,10490.939426776977,Low-cost nurture communication and continued monitoring,1
511,16771,2011-09-01,United Kingdom,Nurture / Monitor,Low-cost digital nurture,0.5274212196346537,Low,346.165,182.5747664948299,0.5,5.477242994844897,4.977242994844897,9.954485989689793,2128.5,10495.916669771821,Low-cost nurture communication and continued monitoring,0
512,17530,2011-09-01,United Kingdom,Nurture / Monitor,Low-cost digital nurture,0.5067690907206555,Low,359.965,182.41913574126073,0.5,5.472574072237822,4.972574072237822,9.945148144475644,2129.0,10500.889243844058,Low-cost nurture communication and continued monitoring,0
513,14161,2011-09-01,United Kingdom,Nurture / Monitor,Low-cost digital nurture,0.4477474583129474,Low,407.235,182.33843618607312,0.5,5.470153085582194,4.970153085582194,9.940306171164387,2129.5,10505.85939692964,Low-cost nurture communication and continued monitoring,1
514,16949,2011-09-01,United Kingdom,Nurture / Monitor,Low-cost digital nurture,0.4437786450212045,Low,409.66499999999996,181.80057861261173,0.5,5.454017358378351,4.954017358378351,9.908034716756703,2130.0,10510.813414288019,Low-cost nurture communication and continued monitoring,0
515,16940,2011-09-01,United Kingdom,Nurture / Monitor,Low-cost digital nurture,0.32673449913264474,Low,555.34,181.44873674832294,0.5,5.443462102449688,4.943462102449688,9.886924204899376,2130.5,10515.75687639047,Low-cost nurture communication and continued monitoring,0
516,17320,2011-09-01,United Kingdom,Nurture / Monitor,Low-cost digital nurture,0.48296171866757315,Low,374.85,181.0382002425398,0.5,5.431146007276194,4.931146007276194,9.862292014552388,2131.0,10520.688022397746,Low-cost nurture communication and continued monitoring,1
517,13149,2011-09-01,United Kingdom,Nurture / Monitor,Low-cost digital nurture,0.4785688434822509,Low,377.94,180.8703087056819,0.5,5.426109261170457,4.926109261170457,9.852218522340914,2131.5,10525.614131658916,Low-cost nurture communication and continued monitoring,0
518,13456,2011-09-01,United Kingdom,Nurture / Monitor,Low-cost digital nurture,0.42265857532095386,Low,427.53000000000003,180.69922070696742,0.5,5.4209766212090225,4.9209766212090225,9.841953242418045,2132.0,10530.535108280126,Low-cost nurture communication and continued monitoring,0
519,13577,2011-09-01,United Kingdom,Nurture / Monitor,Low-cost digital nurture,0.438687965320386,Low,411.05,180.32268814494466,0.5,5.40968064434834,4.90968064434834,9.81936128869668,2132.5,10535.444788924475,Low-cost nurture communication and continued monitoring,0
520,13849,2011-09-01,United Kingdom,Nurture / Monitor,Low-cost digital nurture,0.6072346222969931,Medium,296.78999999999996,180.22116355152457,0.5,5.406634906545737,4.906634906545737,9.813269813091473,2133.0,10540.35142383102,Low-cost nurture communication and continued monitoring,0
521,13141,2011-09-01,United Kingdom,Nurture / Monitor,Low-cost digital nurture,0.41119415223698963,Low,438.23,180.19761333481597,0.5,5.405928400044479,4.905928400044479,9.811856800088957,2133.5,10545.257352231065,Low-cost nurture communication and continued monitoring,0
522,14000,2011-09-01,United Kingdom,Nurture / Monitor,Low-cost digital nurture,0.565373971245921,Medium,317.83,179.6928092810911,0.5,5.390784278432732,4.890784278432732,9.781568556865464,2134.0,10550.148136509497,Low-cost nurture communication and continued monitoring,1
523,12635,2011-09-01,Germany,Nurture / Monitor,Low-cost digital nurture,0.569748340452352,Medium,314.82,179.36817254120945,0.5,5.381045176236283,4.881045176236283,9.762090352472566,2134.5,10555.029181685733,Low-cost nurture communication and continued monitoring,0
524,16103,2011-09-01,United Kingdom,Nurture / Monitor,Low-cost digital nurture,0.3096064735753833,Low,578.2,179.01446302128664,0.5,5.3704338906385996,4.8704338906385996,9.740867781277199,2135.0,10559.899615576373,Low-cost nurture communication and continued monitoring,0
525,13253,2011-09-01,United Kingdom,Nurture / Monitor,Low-cost digital nurture,0.6453888038444192,Medium,276.96,178.74688311275034,0.5,5.36240649338251,4.86240649338251,9.72481298676502,2135.5,10564.762022069755,Low-cost nurture communication and continued monitoring,1
526,17391,2011-09-01,United Kingdom,Nurture / Monitor,Low-cost digital nurture,0.7021555331628079,Medium,254.4,178.62836763661832,0.5,5.35885102909855,4.85885102909855,9.7177020581971,2136.0,10569.620873098855,Low-cost nurture communication and continued monitoring,1
527,14146,2011-09-01,United Kingdom,Nurture / Monitor,Low-cost digital nurture,0.5391648888438106,Medium,331.15,178.54445294062788,0.5,5.3563335882188365,4.8563335882188365,9.712667176437673,2136.5,10574.477206687074,Low-cost nurture communication and continued monitoring,0
528,15214,2011-09-01,United Kingdom,Nurture / Monitor,Low-cost digital nurture,0.5472354885282494,Medium,325.81500000000005,178.2975306948316,0.5,5.348925920844948,4.848925920844948,9.697851841689896,2137.0,10579.32613260792,Low-cost nurture communication and continued monitoring,0
529,14400,2011-09-01,United Kingdom,Nurture / Monitor,Low-cost digital nurture,0.6196460514973835,Medium,287.35,178.05529289777317,0.5,5.341658786933195,4.841658786933195,9.68331757386639,2137.5,10584.167791394852,Low-cost nurture communication and continued monitoring,1
530,16842,2011-09-01,United Kingdom,Nurture / Monitor,Low-cost digital nurture,0.478793311041573,Low,371.81,178.02014097836727,0.5,5.340604229351018,4.840604229351018,9.681208458702036,2138.0,10589.008395624203,Low-cost nurture communication and continued monitoring,1
531,18121,2011-09-01,United Kingdom,Nurture / Monitor,Low-cost digital nurture,0.5446308037784452,Medium,326.65,177.9036520542291,0.5,5.337109561626873,4.837109561626873,9.674219123253746,2138.5,10593.845505185831,Low-cost nurture communication and continued monitoring,1
532,13232,2011-09-01,United Kingdom,Nurture / Monitor,Low-cost digital nurture,0.41321825096193066,Low,430.425,177.859465670289,0.5,5.33578397010867,4.83578397010867,9.67156794021734,2139.0,10598.68128915594,Low-cost nurture communication and continued monitoring,0
533,13243,2011-09-01,United Kingdom,Nurture / Monitor,Low-cost digital nurture,0.6077120636011654,Medium,292.56,177.79224132715694,0.5,5.3337672398147085,4.8337672398147085,9.667534479629417,2139.5,10603.515056395754,Low-cost nurture communication and continued monitoring,1
534,13805,2011-09-01,United Kingdom,Nurture / Monitor,Low-cost digital nurture,0.7090051048290247,Medium,250.12,177.33635681983566,0.5,5.32009070459507,4.82009070459507,9.64018140919014,2140.0,10608.33514710035,Low-cost nurture communication and continued monitoring,0
535,14346,2011-09-01,United Kingdom,Nurture / Monitor,Low-cost digital nurture,0.4666336353577929,Low,379.57,177.12012897275744,0.5,5.313603869182723,4.813603869182723,9.627207738365446,2140.5,10613.148750969533,Low-cost nurture communication and continued monitoring,1
536,14766,2011-09-01,United Kingdom,Nurture / Monitor,Low-cost digital nurture,0.26218982974189053,Low,675.46,177.09874239745739,0.5,5.3129622719237215,4.8129622719237215,9.625924543847443,2141.0,10617.961713241457,Low-cost nurture communication and continued monitoring,0
537,12363,2011-09-01,Unspecified,Nurture / Monitor,Low-cost digital nurture,0.641522263332689,Medium,276.0,177.06014467982217,0.5,5.311804340394665,4.811804340394665,9.62360868078933,2141.5,10622.77351758185,Low-cost nurture communication and continued monitoring,1
538,12645,2011-09-01,Germany,Nurture / Monitor,Low-cost digital nurture,0.40634204576873534,Low,434.78000000000003,176.66939465933075,0.5,5.3000818397799225,4.8000818397799225,9.600163679559845,2142.0,10627.57359942163,Low-cost nurture communication and continued monitoring,0
539,17164,2011-09-01,United Kingdom,Nurture / Monitor,Low-cost digital nurture,0.27761851519178804,Low,635.21,176.3460570349757,0.5,5.290381711049271,4.790381711049271,9.580763422098542,2142.5,10632.36398113268,Low-cost nurture communication and continued monitoring,0
540,12674,2011-09-01,France,Nurture / Monitor,Low-cost digital nurture,0.3897217119483267,Low,452.4,176.310102485423,0.5,5.28930307456269,4.78930307456269,9.57860614912538,2143.0,10637.153284207243,Low-cost nurture communication and continued monitoring,0
541,17527,2011-09-01,United Kingdom,Nurture / Monitor,Low-cost digital nurture,0.580946310579856,Medium,303.31,176.20682546197614,0.5,5.286204763859284,4.786204763859284,9.572409527718568,2143.5,10641.939488971102,Low-cost nurture communication and continued monitoring,0
542,14323,2011-09-01,United Kingdom,Nurture / Monitor,Low-cost digital nurture,0.581509347365685,Medium,302.53,175.9240228585407,0.5,5.277720685756221,4.777720685756221,9.555441371512442,2144.0,10646.717209656857,Low-cost nurture communication and continued monitoring,1
543,12620,2011-09-01,France,Nurture / Monitor,Low-cost digital nurture,0.6234431784878111,Medium,280.83,175.08154781473198,0.5,5.252446434441959,4.752446434441959,9.504892868883918,2144.5,10651.4696560913,Low-cost nurture communication and continued monitoring,0
544,16092,2011-09-01,United Kingdom,Nurture / Monitor,Low-cost digital nurture,0.42801495852976895,Low,408.93,175.0281569915784,0.5,5.250844709747352,4.750844709747352,9.501689419494705,2145.0,10656.220500801048,Low-cost nurture communication and continued monitoring,1
545,13730,2011-09-01,United Kingdom,Nurture / Monitor,Low-cost digital nurture,0.4648252564106277,Low,376.29999999999995,174.91374398731918,0.5,5.247412319619575,4.747412319619575,9.49482463923915,2145.5,10660.967913120667,Low-cost nurture communication and continued monitoring,1
546,16676,2011-09-01,United Kingdom,Nurture / Monitor,Low-cost digital nurture,0.55035217937433,Medium,316.84000000000003,174.37358451296274,0.5,5.231207535388882,4.731207535388882,9.462415070777764,2146.0,10665.699120656056,Low-cost nurture communication and continued monitoring,0
547,15696,2011-09-01,United Kingdom,Nurture / Monitor,Low-cost digital nurture,0.40803095698516684,Low,426.22,173.91095448621783,0.5,5.217328634586535,4.717328634586535,9.43465726917307,2146.5,10670.416449290642,Low-cost nurture communication and continued monitoring,0
548,15648,2011-09-01,United Kingdom,Nurture / Monitor,Low-cost digital nurture,0.5437256228796454,Medium,319.75,173.85626791576664,0.5,5.215688037472999,4.715688037472999,9.431376074945998,2147.0,10675.132137328115,Low-cost nurture communication and continued monitoring,1
549,15433,2011-09-01,United Kingdom,Nurture / Monitor,Low-cost digital nurture,0.6503683003890894,Medium,266.65,173.42070729875067,0.5,5.20262121896252,4.70262121896252,9.40524243792504,2147.5,10679.834758547078,Low-cost nurture communication and continued monitoring,1
550,13311,2011-09-01,United Kingdom,Nurture / Monitor,Low-cost digital nurture,0.7068184063558743,Medium,245.055,173.2093845695388,0.5,5.196281537086164,4.696281537086164,9.392563074172328,2148.0,10684.531040084164,Low-cost nurture communication and continued monitoring,1
551,16389,2011-09-01,United Kingdom,Nurture / Monitor,Low-cost digital nurture,0.627897962048394,Medium,275.26,172.83519303344093,0.5,5.1850557910032276,4.6850557910032276,9.370111582006455,2148.5,10689.216095875168,Low-cost nurture communication and continued monitoring,0
552,15104,2011-09-01,United Kingdom,Nurture / Monitor,Low-cost digital nurture,0.5584195797220383,Medium,309.45,172.80293894498473,0.5,5.1840881683495414,4.6840881683495414,9.368176336699083,2149.0,10693.900184043518,Low-cost nurture communication and continued monitoring,1
553,16633,2011-09-01,United Kingdom,Nurture / Monitor,Low-cost digital nurture,0.29582409052080344,Low,584.13,172.7997259959169,0.5,5.183991779877507,4.683991779877507,9.367983559755015,2149.5,10698.584175823395,Low-cost nurture communication and continued monitoring,0
554,16987,2011-09-01,United Kingdom,Nurture / Monitor,Low-cost digital nurture,0.545964103526393,Medium,314.725,171.82855248234407,0.5,5.154856574470322,4.654856574470322,9.309713148940643,2150.0,10703.239032397865,Low-cost nurture communication and continued monitoring,0
555,13722,2011-09-01,United Kingdom,Nurture / Monitor,Low-cost digital nurture,0.3768380384175879,Low,455.97,171.82684037726756,0.5,5.154805211318027,4.654805211318027,9.309610422636053,2150.5,10707.893837609183,Low-cost nurture communication and continued monitoring,1
556,18265,2011-09-01,United Kingdom,Nurture / Monitor,Low-cost digital nurture,0.7024739700231674,Medium,244.275,171.5968290274092,0.5,5.147904870822276,4.647904870822276,9.295809741644552,2151.0,10712.541742480005,Low-cost nurture communication and continued monitoring,0
557,15381,2011-09-01,United Kingdom,Nurture / Monitor,Low-cost digital nurture,0.5750049637604004,Medium,298.42499999999995,171.5958563101975,0.5,5.147875689305924,4.647875689305924,9.295751378611849,2151.5,10717.189618169312,Low-cost nurture communication and continued monitoring,1
558,14866,2011-09-01,United Kingdom,Nurture / Monitor,Low-cost digital nurture,0.33503539320061054,Low,511.85999999999996,171.4912163636645,0.5,5.144736490909935,4.644736490909935,9.28947298181987,2152.0,10721.834354660221,Low-cost nurture communication and continued monitoring,0
559,13835,2011-09-01,United Kingdom,Nurture / Monitor,Low-cost digital nurture,0.6382326595759023,Medium,268.66999999999996,171.47396864825762,0.5,5.144219059447728,4.644219059447728,9.288438118895456,2152.5,10726.478573719669,Low-cost nurture communication and continued monitoring,0
560,13486,2011-09-01,United Kingdom,Nurture / Monitor,Low-cost digital nurture,0.41810023878413305,Low,409.80499999999995,171.33956835493163,0.5,5.140187050647949,4.640187050647949,9.280374101295898,2153.0,10731.118760770318,Low-cost nurture communication and continued monitoring,0
561,13048,2011-09-01,United Kingdom,Nurture / Monitor,Low-cost digital nurture,0.3883693659819829,Low,440.47,171.06505463408402,0.5,5.13195163902252,4.63195163902252,9.26390327804504,2153.5,10735.75071240934,Low-cost nurture communication and continued monitoring,0
562,13213,2011-09-01,United Kingdom,Nurture / Monitor,Low-cost digital nurture,0.35491806775295315,Low,481.94000000000005,171.04921357285826,0.5,5.1314764071857475,4.6314764071857475,9.262952814371495,2154.0,10740.382188816526,Low-cost nurture communication and continued monitoring,0
563,15235,2011-09-01,United Kingdom,Nurture / Monitor,Low-cost digital nurture,0.43380877775398136,Low,393.28499999999997,170.61048515897454,0.5,5.118314554769236,4.618314554769236,9.236629109538471,2154.5,10745.000503371295,Low-cost nurture communication and continued monitoring,1
564,17720,2011-09-01,United Kingdom,Nurture / Monitor,Low-cost digital nurture,0.4321908323709318,Low,392.79999999999995,169.764558955302,0.5,5.09293676865906,4.59293676865906,9.18587353731812,2155.0,10749.593440139954,Low-cost nurture communication and continued monitoring,0
565,12521,2011-09-01,Germany,Nurture / Monitor,Low-cost digital nurture,0.6219905559631413,Medium,272.84,169.70390328898347,0.5,5.091117098669504,4.591117098669504,9.182234197339008,2155.5,10754.184557238623,Low-cost nurture communication and continued monitoring,1
566,17053,2011-09-01,United Kingdom,Nurture / Monitor,Low-cost digital nurture,0.6797526715411718,Medium,249.24,169.42155585492168,0.5,5.08264667564765,4.58264667564765,9.1652933512953,2156.0,10758.76720391427,Low-cost nurture communication and continued monitoring,1
567,13368,2011-09-01,United Kingdom,Nurture / Monitor,Low-cost digital nurture,0.6295473509648125,Medium,269.0,169.34823740953456,0.5,5.080447122286037,4.580447122286037,9.160894244572074,2156.5,10763.347651036556,Low-cost nurture communication and continued monitoring,1
568,15987,2011-09-01,United Kingdom,Nurture / Monitor,Low-cost digital nurture,0.3133570543213064,Low,540.075,169.23631111257956,0.5,5.077089333377386,4.577089333377386,9.154178666754772,2157.0,10767.924740369934,Low-cost nurture communication and continued monitoring,0
569,15806,2011-09-01,United Kingdom,Nurture / Monitor,Low-cost digital nurture,0.6471710497557478,Medium,260.94,168.87281372326484,0.5,5.066184411697945,4.566184411697945,9.13236882339589,2157.5,10772.490924781632,Low-cost nurture communication and continued monitoring,0
570,16230,2011-09-01,United Kingdom,Nurture / Monitor,Low-cost digital nurture,0.6222398444757958,Medium,271.015,168.6363314506078,0.5,5.0590899435182335,4.5590899435182335,9.118179887036467,2158.0,10777.05001472515,Low-cost nurture communication and continued monitoring,1
571,16348,2011-09-01,United Kingdom,Nurture / Monitor,Low-cost digital nurture,0.45813573282025033,Low,367.975,168.58249628453163,0.5,5.057474888535949,4.557474888535949,9.114949777071898,2158.5,10781.607489613685,Low-cost nurture communication and continued monitoring,0
572,14912,2011-09-01,Italy,Nurture / Monitor,Low-cost digital nurture,0.6971884034831398,Medium,241.39499999999998,168.29779465881253,0.5,5.048933839764376,4.548933839764376,9.097867679528752,2159.0,10786.156423453449,Low-cost nurture communication and continued monitoring,0
573,15258,2011-09-01,United Kingdom,Nurture / Monitor,Low-cost digital nurture,0.5395242694562473,Medium,311.58000000000004,168.10497187717755,0.5,5.043149156315327,4.543149156315327,9.086298312630653,2159.5,10790.699572609765,Low-cost nurture communication and continued monitoring,1
574,14006,2011-09-01,United Kingdom,Nurture / Monitor,Low-cost digital nurture,0.5107746806781065,Low,328.875,167.98102310801227,0.5,5.039430693240368,4.539430693240368,9.078861386480735,2160.0,10795.239003303006,Low-cost nurture communication and continued monitoring,1
575,18064,2011-09-01,United Kingdom,Nurture / Monitor,Low-cost digital nurture,0.4122830596446213,Low,407.0,167.79920527536086,0.5,5.033976158260826,4.533976158260826,9.067952316521652,2160.5,10799.772979461266,Low-cost nurture communication and continued monitoring,1
576,15389,2011-09-01,United Kingdom,Nurture / Monitor,Low-cost digital nurture,0.6708571260495034,Medium,250.0,167.71428151237586,0.5,5.031428445371276,4.531428445371276,9.062856890742552,2161.0,10804.304407906637,Low-cost nurture communication and continued monitoring,1
577,16175,2011-09-01,United Kingdom,Nurture / Monitor,Low-cost digital nurture,0.4544167442090747,Low,368.445,167.42757732011253,0.5,5.022827319603376,4.522827319603376,9.045654639206752,2161.5,10808.82723522624,Low-cost nurture communication and continued monitoring,0
578,15133,2011-09-01,United Kingdom,Nurture / Monitor,Low-cost digital nurture,0.5156271531791264,Low,324.61,167.37773019347625,0.5,5.021331905804288,4.521331905804288,9.042663811608575,2162.0,10813.348567132043,Low-cost nurture communication and continued monitoring,1
579,18179,2011-09-01,United Kingdom,Nurture / Monitor,Low-cost digital nurture,0.6959842587531166,Medium,240.13,167.1267000543859,0.5,5.013801001631577,4.513801001631577,9.027602003263153,2162.5,10817.862368133674,Low-cost nurture communication and continued monitoring,0
580,12716,2011-09-01,France,Nurture / Monitor,Low-cost digital nurture,0.5356634661665866,Medium,311.95,167.10021827066666,0.5,5.01300654812,4.51300654812,9.02601309624,2163.0,10822.375374681795,Low-cost nurture communication and continued monitoring,1
581,17671,2011-09-01,United Kingdom,Nurture / Monitor,Low-cost digital nurture,0.47398887989373023,Low,352.18499999999995,166.93177366537336,0.5,5.0079532099612,4.5079532099612,9.0159064199224,2163.5,10826.883327891755,Low-cost nurture communication and continued monitoring,0
582,13426,2011-09-01,United Kingdom,Nurture / Monitor,Low-cost digital nurture,0.3627486524361938,Low,459.625,166.72834937598557,0.5,5.001850481279567,4.501850481279567,9.003700962559135,2164.0,10831.385178373035,Low-cost nurture communication and continued monitoring,0
583,12917,2011-09-01,United Kingdom,Nurture / Monitor,Low-cost digital nurture,0.5607314379455313,Medium,297.0,166.5372370698228,0.5,4.996117112094684,4.496117112094684,8.992234224189367,2164.5,10835.88129548513,Low-cost nurture communication and continued monitoring,1
584,13116,2011-09-01,United Kingdom,Nurture / Monitor,Low-cost digital nurture,0.6640716602918834,Medium,250.57,166.39643591933722,0.5,4.991893077580117,4.491893077580117,8.983786155160233,2165.0,10840.37318856271,Low-cost nurture communication and continued monitoring,1
585,16455,2011-09-01,United Kingdom,Nurture / Monitor,Low-cost digital nurture,0.5528778586214004,Medium,300.9,166.36094765917937,0.5,4.990828429775381,4.490828429775381,8.981656859550762,2165.5,10844.864016992486,Low-cost nurture communication and continued monitoring,0
586,17567,2011-09-01,United Kingdom,Nurture / Monitor,Low-cost digital nurture,0.38827502917312884,Low,428.43499999999995,166.35061212378943,0.5,4.990518363713683,4.490518363713683,8.981036727427366,2166.0,10849.354535356199,Low-cost nurture communication and continued monitoring,0
587,15507,2011-09-01,United Kingdom,Nurture / Monitor,Low-cost digital nurture,0.6985288748936587,Medium,237.93,166.20097520344822,0.5,4.986029256103446,4.486029256103446,8.972058512206893,2166.5,10853.840564612303,Low-cost nurture communication and continued monitoring,1
588,15582,2011-09-01,United Kingdom,Nurture / Monitor,Low-cost digital nurture,0.6128037594572932,Medium,270.755,165.9196818918594,0.5,4.977590456755782,4.477590456755782,8.955180913511564,2167.0,10858.318155069059,Low-cost nurture communication and continued monitoring,0
589,17703,2011-09-01,United Kingdom,Nurture / Monitor,Low-cost digital nurture,0.675800102784811,Medium,245.48,165.8954092316154,0.5,4.976862276948461,4.476862276948461,8.953724553896922,2167.5,10862.795017346007,Low-cost nurture communication and continued monitoring,0
590,14265,2011-09-01,Unspecified,Nurture / Monitor,Low-cost digital nurture,0.6257393110432785,Medium,265.09000000000003,165.87723396446273,0.5,4.976317018933882,4.476317018933882,8.952634037867764,2168.0,10867.271334364941,Low-cost nurture communication and continued monitoring,1
591,16536,2011-09-01,United Kingdom,Nurture / Monitor,Low-cost digital nurture,0.6052523201403087,Medium,274.06,165.87545085765302,0.5,4.976263525729591,4.476263525729591,8.952527051459182,2168.5,10871.747597890671,Low-cost nurture communication and continued monitoring,1
592,16637,2011-09-01,United Kingdom,Nurture / Monitor,Low-cost digital nurture,0.6241234195362964,Medium,265.275,165.564340117491,0.5,4.96693020352473,4.46693020352473,8.93386040704946,2169.0,10876.214528094197,Low-cost nurture communication and continued monitoring,0
593,18167,2011-09-01,United Kingdom,Nurture / Monitor,Low-cost digital nurture,0.662526035051867,Medium,249.24,165.12798897632734,0.5,4.95383966928982,4.45383966928982,8.90767933857964,2169.5,10880.668367763486,Low-cost nurture communication and continued monitoring,0
594,12412,2011-09-01,Denmark,Nurture / Monitor,Low-cost digital nurture,0.39460091906595446,Low,418.37,165.08918650962337,0.5,4.952675595288701,4.452675595288701,8.905351190577402,2170.0,10885.121043358775,Low-cost nurture communication and continued monitoring,0
595,16007,2011-09-01,United Kingdom,Nurture / Monitor,Low-cost digital nurture,0.4534128662248646,Low,363.83500000000004,164.96747018292362,0.5,4.949024105487708,4.449024105487708,8.898048210975416,2170.5,10889.570067464263,Low-cost nurture communication and continued monitoring,0
596,17115,2011-09-01,United Kingdom,Nurture / Monitor,Low-cost digital nurture,0.5376212131596607,Medium,306.40999999999997,164.73251592425163,0.5,4.941975477727548,4.441975477727548,8.883950955455097,2171.0,10894.012042941991,Low-cost nurture communication and continued monitoring,1
597,14621,2011-09-01,United Kingdom,Nurture / Monitor,Low-cost digital nurture,0.4719383987980377,Low,348.605,164.52008551298994,0.5,4.935602565389698,4.435602565389698,8.871205130779396,2171.5,10898.447645507382,Low-cost nurture communication and continued monitoring,0
598,15270,2011-09-01,United Kingdom,Nurture / Monitor,Low-cost digital nurture,0.39296467746201946,Low,418.395,164.41445622672163,0.5,4.932433686801649,4.432433686801649,8.864867373603298,2172.0,10902.880079194183,Low-cost nurture communication and continued monitoring,0
599,17863,2011-09-01,United Kingdom,Nurture / Monitor,Low-cost digital nurture,0.3661080405694745,Low,447.28999999999996,163.75646546632024,0.5,4.912693963989607,4.412693963989607,8.825387927979214,2172.5,10907.292773158173,Low-cost nurture communication and continued monitoring,0
600,17069,2011-09-01,United Kingdom,Nurture / Monitor,Low-cost digital nurture,0.35882920163302345,Low,456.295,163.73197055914045,0.5,4.911959116774213,4.411959116774213,8.823918233548426,2173.0,10911.704732274948,Low-cost nurture communication and continued monitoring,0
601,15800,2011-09-01,United Kingdom,Nurture / Monitor,Low-cost digital nurture,0.4680288670759768,Low,348.445,163.08231858828873,0.5,4.892469557648662,4.392469557648662,8.784939115297323,2173.5,10916.097201832596,Low-cost nurture communication and continued monitoring,1
602,12516,2011-09-01,Germany,Nurture / Monitor,Low-cost digital nurture,0.6152808751310141,Medium,264.6,162.80331955966636,0.5,4.884099586789991,4.384099586789991,8.768199173579982,2174.0,10920.481301419386,Low-cost nurture communication and continued monitoring,0
603,18221,2011-09-01,United Kingdom,Nurture / Monitor,Low-cost digital nurture,0.46044303388253793,Low,353.43,162.73438146510537,0.5,4.882031443953161,4.382031443953161,8.764062887906322,2174.5,10924.863332863339,Low-cost nurture communication and continued monitoring,0
604,18239,2011-09-01,United Kingdom,Nurture / Monitor,Low-cost digital nurture,0.5058193094961345,Low,321.54499999999996,162.64366987193455,0.5,4.8793100961580365,4.3793100961580365,8.758620192316073,2175.0,10929.242642959496,Low-cost nurture communication and continued monitoring,1
605,14639,2011-09-01,United Kingdom,Nurture / Monitor,Low-cost digital nurture,0.4310278770334717,Low,377.05,162.5190610354705,0.5,4.875571831064114,4.375571831064114,8.751143662128229,2175.5,10933.61821479056,Low-cost nurture communication and continued monitoring,0
606,18245,2011-09-01,United Kingdom,Nurture / Monitor,Low-cost digital nurture,0.3742801172920802,Low,433.95000000000005,162.41885689889824,0.5,4.872565706966947,4.372565706966947,8.745131413933894,2176.0,10937.990780497526,Low-cost nurture communication and continued monitoring,1
607,14546,2011-09-01,United Kingdom,Nurture / Monitor,Low-cost digital nurture,0.3706199756823609,Low,437.44,162.12400216249193,0.5,4.863720064874758,4.363720064874758,8.727440129749516,2176.5,10942.354500562402,Low-cost nurture communication and continued monitoring,0
608,15549,2011-09-01,United Kingdom,Nurture / Monitor,Low-cost digital nurture,0.46887797488306543,Low,344.79,161.66443695993215,0.5,4.8499331087979645,4.3499331087979645,8.699866217595929,2177.0,10946.7044336712,Low-cost nurture communication and continued monitoring,0
609,15585,2011-09-01,United Kingdom,Nurture / Monitor,Low-cost digital nurture,0.709364264470102,Medium,227.65,161.48677480661874,0.5,4.844603244198562,4.344603244198562,8.689206488397124,2177.5,10951.0490369154,Low-cost nurture communication and continued monitoring,1
610,18257,2011-09-01,United Kingdom,Nurture / Monitor,Low-cost digital nurture,0.269009522980444,Low,599.535,161.28062436008048,0.5,4.838418730802414,4.338418730802414,8.676837461604828,2178.0,10955.387455646201,Low-cost nurture communication and continued monitoring,0
611,15205,2011-09-01,United Kingdom,Nurture / Monitor,Low-cost digital nurture,0.6771823495594552,Medium,238.14999999999998,161.27097654758424,0.5,4.838129296427527,4.338129296427527,8.676258592855055,2178.5,10959.72558494263,Low-cost nurture communication and continued monitoring,0
612,16340,2011-09-01,United Kingdom,Nurture / Monitor,Low-cost digital nurture,0.6031772046453366,Medium,267.155,161.1418061070249,0.5,4.834254183210747,4.334254183210747,8.668508366421493,2179.0,10964.059839125839,Low-cost nurture communication and continued monitoring,1
613,17015,2011-09-01,United Kingdom,Nurture / Monitor,Low-cost digital nurture,0.6173813120700545,Medium,260.275,160.68892099903343,0.5,4.820667629971003,4.320667629971003,8.641335259942005,2179.5,10968.38050675581,Low-cost nurture communication and continued monitoring,0
614,16358,2011-09-01,United Kingdom,Nurture / Monitor,Low-cost digital nurture,0.6953770152254772,Medium,231.07500000000002,160.68424379322715,0.5,4.8205273137968145,4.3205273137968145,8.641054627593629,2180.0,10972.701034069607,Low-cost nurture communication and continued monitoring,0
615,15796,2011-09-01,United Kingdom,Nurture / Monitor,Low-cost digital nurture,0.2616824866982275,Low,613.925,160.65342064620933,0.5,4.81960261938628,4.31960261938628,8.63920523877256,2180.5,10977.020636688992,Low-cost nurture communication and continued monitoring,0
616,12697,2011-09-01,Sweden,Nurture / Monitor,Low-cost digital nurture,0.55967032558657,Medium,286.955,160.6001982786942,0.5,4.818005948360826,4.318005948360826,8.636011896721651,2181.0,10981.338642637353,Low-cost nurture communication and continued monitoring,0
617,12782,2011-09-01,Portugal,Nurture / Monitor,Low-cost digital nurture,0.4207687126978559,Low,381.62,160.57375613975577,0.5,4.817212684192673,4.317212684192673,8.634425368385346,2181.5,10985.655855321545,Low-cost nurture communication and continued monitoring,1
618,15687,2011-09-01,United Kingdom,Nurture / Monitor,Low-cost digital nurture,0.49600675167058633,Low,323.45,160.43338382785115,0.5,4.813001514835534,4.313001514835534,8.626003029671068,2182.0,10989.968856836382,Low-cost nurture communication and continued monitoring,0
619,13752,2011-09-01,United Kingdom,Nurture / Monitor,Low-cost digital nurture,0.2728696639783927,Low,587.69,160.36277282346163,0.5,4.810883184703848,4.310883184703848,8.621766369407696,2182.5,10994.279740021086,Low-cost nurture communication and continued monitoring,1
620,14414,2011-09-01,United Kingdom,Nurture / Monitor,Low-cost digital nurture,0.34853645556806717,Low,459.94,160.3058573739768,0.5,4.809175721219304,4.309175721219304,8.618351442438607,2183.0,10998.588915742304,Low-cost nurture communication and continued monitoring,0
621,16655,2011-09-01,United Kingdom,Nurture / Monitor,Low-cost digital nurture,0.3036234084833047,Low,527.47,160.15223927268875,0.5,4.804567178180662,4.304567178180662,8.609134356361324,2183.5,11002.893482920485,Low-cost nurture communication and continued monitoring,0
622,13831,2011-09-01,United Kingdom,Nurture / Monitor,Low-cost digital nurture,0.3069978904216798,Low,521.425,160.07637501312436,0.5,4.802291250393731,4.302291250393731,8.604582500787462,2184.0,11007.195774170877,Low-cost nurture communication and continued monitoring,0
623,17633,2011-09-01,United Kingdom,Nurture / Monitor,Low-cost digital nurture,0.4927984841918372,Low,324.30499999999995,159.81701241583374,0.5,4.794510372475012,4.294510372475012,8.589020744950025,2184.5,11011.490284543352,Low-cost nurture communication and continued monitoring,0
624,14770,2011-09-01,United Kingdom,Nurture / Monitor,Low-cost digital nurture,0.5324456853363068,Medium,298.90999999999997,159.15333980387544,0.5,4.774600194116263,4.274600194116263,8.549200388232526,2185.0,11015.764884737468,Low-cost nurture communication and continued monitoring,1
625,16529,2011-09-01,United Kingdom,Nurture / Monitor,Low-cost digital nurture,0.6984527354289276,Medium,227.625,158.98530390200963,0.5,4.769559117060289,4.269559117060289,8.539118234120577,2185.5,11020.034443854527,Low-cost nurture communication and continued monitoring,1
626,15436,2011-09-01,United Kingdom,Nurture / Monitor,Low-cost digital nurture,0.6545225861129123,Medium,242.05,158.4271919686304,0.5,4.752815759058912,4.252815759058912,8.505631518117823,2186.0,11024.287259613586,Low-cost nurture communication and continued monitoring,0
627,14561,2011-09-01,United Kingdom,Nurture / Monitor,Low-cost digital nurture,0.557181017137684,Medium,283.495,157.95803245344771,0.5,4.738740973603432,4.238740973603432,8.477481947206863,2186.5,11028.52600058719,Low-cost nurture communication and continued monitoring,0
628,14175,2011-09-01,United Kingdom,Nurture / Monitor,Low-cost digital nurture,0.3575046966105577,Low,441.705,157.9116120163664,0.5,4.737348360490992,4.237348360490992,8.474696720981983,2187.0,11032.763348947681,Low-cost nurture communication and continued monitoring,0
629,16271,2011-09-01,United Kingdom,Nurture / Monitor,Low-cost digital nurture,0.42863018774834943,Low,367.605,157.566600167232,0.5,4.726998005016959,4.226998005016959,8.453996010033919,2187.5,11036.990346952698,Low-cost nurture communication and continued monitoring,0
630,12743,2011-09-01,Unspecified,Nurture / Monitor,Low-cost digital nurture,0.5823610107068186,Medium,270.065,157.27532635653697,0.5,4.718259790696108,4.218259790696108,8.436519581392217,2188.0,11041.208606743394,Low-cost nurture communication and continued monitoring,1
631,16614,2011-09-01,United Kingdom,Nurture / Monitor,Low-cost digital nurture,0.6213414716138715,Medium,253.095,157.2584197581128,0.5,4.717752592743384,4.217752592743384,8.435505185486768,2188.5,11045.426359336137,Low-cost nurture communication and continued monitoring,1
632,14034,2011-09-01,United Kingdom,Nurture / Monitor,Low-cost digital nurture,0.663474438435747,Medium,236.95499999999998,157.21358555954242,0.5,4.716407566786272,4.216407566786272,8.432815133572545,2189.0,11049.642766902924,Low-cost nurture communication and continued monitoring,0
633,13196,2011-09-01,United Kingdom,Nurture / Monitor,Low-cost digital nurture,0.6136748176527627,Medium,256.065,157.14064218225468,0.5,4.71421926546764,4.21421926546764,8.42843853093528,2189.5,11053.856986168392,Low-cost nurture communication and continued monitoring,0
634,18180,2011-09-01,United Kingdom,Nurture / Monitor,Low-cost digital nurture,0.521190786320741,Low,300.92499999999995,156.83933737356895,0.5,4.705180121207069,4.205180121207069,8.410360242414137,2190.0,11058.0621662896,Low-cost nurture communication and continued monitoring,0
635,15402,2011-09-01,United Kingdom,Nurture / Monitor,Low-cost digital nurture,0.5004073305608715,Low,313.175,156.71506574840095,0.5,4.701451972452028,4.201451972452028,8.402903944904056,2190.5,11062.263618262052,Low-cost nurture communication and continued monitoring,1
636,14395,2011-09-01,United Kingdom,Nurture / Monitor,Low-cost digital nurture,0.24806346246867547,Low,631.48,156.6471152797192,0.5,4.699413458391576,4.199413458391576,8.398826916783152,2191.0,11066.463031720443,Low-cost nurture communication and continued monitoring,0
637,13118,2011-09-01,United Kingdom,Nurture / Monitor,Low-cost digital nurture,0.5141444838171884,Low,304.385,156.49786870669487,0.5,4.694936061200846,4.194936061200846,8.389872122401693,2191.5,11070.657967781644,Low-cost nurture communication and continued monitoring,0
638,15708,2011-09-01,United Kingdom,Nurture / Monitor,Low-cost digital nurture,0.2907285138384823,Low,537.99,156.4090331599651,0.5,4.692270994798953,4.192270994798953,8.384541989597906,2192.0,11074.850238776444,Low-cost nurture communication and continued monitoring,0
639,17734,2011-09-01,United Kingdom,Nurture / Monitor,Low-cost digital nurture,0.5789269150497026,Medium,270.105,156.37105438949993,0.5,4.691131631684998,4.191131631684998,8.382263263369996,2192.5,11079.04137040813,Low-cost nurture communication and continued monitoring,0
640,17457,2011-09-01,United Kingdom,Nurture / Monitor,Low-cost digital nurture,0.3063660571773044,Low,510.32,156.34472629872198,0.5,4.69034178896166,4.19034178896166,8.38068357792332,2193.0,11083.231712197092,Low-cost nurture communication and continued monitoring,1
641,12823,2011-09-01,United Kingdom,Nurture / Monitor,Low-cost digital nurture,0.4540020191764004,Low,344.25,156.29019510147583,0.5,4.688705853044275,4.188705853044275,8.37741170608855,2193.5,11087.420418050137,Low-cost nurture communication and continued monitoring,0
642,18170,2011-09-01,United Kingdom,Nurture / Monitor,Low-cost digital nurture,0.4754532513031573,Low,327.755,155.8321803808663,0.5,4.674965411425989,4.174965411425989,8.349930822851977,2194.0,11091.595383461563,Low-cost nurture communication and continued monitoring,0
643,15240,2011-09-01,United Kingdom,Nurture / Monitor,Low-cost digital nurture,0.4248861032834446,Low,366.24,155.61028646652875,0.5,4.668308593995862,4.168308593995862,8.336617187991724,2194.5,11095.76369205556,Low-cost nurture communication and continued monitoring,0
644,16172,2011-09-01,United Kingdom,Nurture / Monitor,Low-cost digital nurture,0.3885770039755099,Low,400.175,155.4988025658997,0.5,4.6649640769769904,4.1649640769769904,8.329928153953981,2195.0,11099.928656132537,Low-cost nurture communication and continued monitoring,0
645,17312,2011-09-01,United Kingdom,Nurture / Monitor,Low-cost digital nurture,0.481768079520143,Low,322.15,155.20158681741407,0.5,4.6560476045224215,4.1560476045224215,8.312095209044843,2195.5,11104.084703737059,Low-cost nurture communication and continued monitoring,1
646,14231,2011-09-01,United Kingdom,Nurture / Monitor,Low-cost digital nurture,0.5030972300415886,Low,308.38,155.1451238002251,0.5,4.654353714006753,4.154353714006753,8.308707428013506,2196.0,11108.239057451065,Low-cost nurture communication and continued monitoring,1
647,14891,2011-09-01,United Kingdom,Nurture / Monitor,Low-cost digital nurture,0.5590202561284716,Medium,277.19,154.95482479625105,0.5,4.648644743887531,4.148644743887531,8.297289487775062,2196.5,11112.387702194952,Low-cost nurture communication and continued monitoring,1
648,14970,2011-09-01,United Kingdom,Nurture / Monitor,Low-cost digital nurture,0.39592308424440265,Low,391.125,154.855416325092,0.5,4.64566248975276,4.14566248975276,8.29132497950552,2197.0,11116.533364684705,Low-cost nurture communication and continued monitoring,0
649,17409,2011-09-01,United Kingdom,Nurture / Monitor,Low-cost digital nurture,0.4011994637553242,Low,385.925,154.8329030497735,0.5,4.644987091493205,4.144987091493205,8.28997418298641,2197.5,11120.678351776198,Low-cost nurture communication and continued monitoring,1
650,15811,2011-09-01,United Kingdom,Nurture / Monitor,Low-cost digital nurture,0.3532133819514093,Low,438.235,154.79046643947584,0.5,4.643713993184275,4.143713993184275,8.28742798636855,2198.0,11124.822065769382,Low-cost nurture communication and continued monitoring,0
651,16520,2011-09-01,United Kingdom,Nurture / Monitor,Low-cost digital nurture,0.4284632145644454,Low,360.40500000000003,154.42028484509896,0.5,4.632608545352968,4.132608545352968,8.265217090705937,2198.5,11128.954674314735,Low-cost nurture communication and continued monitoring,1
652,13761,2011-09-01,United Kingdom,Nurture / Monitor,Low-cost digital nurture,0.6279100351996649,Medium,245.85500000000002,154.37482170401364,0.5,4.631244651120409,4.131244651120409,8.262489302240818,2199.0,11133.085918965855,Low-cost nurture communication and continued monitoring,0
653,13885,2011-09-01,United Kingdom,Nurture / Monitor,Low-cost digital nurture,0.6090945732381775,Medium,253.39999999999998,154.34456485855418,0.5,4.630336945756625,4.130336945756625,8.26067389151325,2199.5,11137.216255911611,Low-cost nurture communication and continued monitoring,1
654,16954,2011-09-01,United Kingdom,Nurture / Monitor,Low-cost digital nurture,0.3422912091772277,Low,449.29,153.78801737123663,0.5,4.613640521137099,4.113640521137099,8.227281042274198,2200.0,11141.329896432748,Low-cost nurture communication and continued monitoring,0
655,15181,2011-09-01,United Kingdom,Nurture / Monitor,Low-cost digital nurture,0.7056745203165335,Medium,217.5,153.48420816884604,0.5,4.604526245065381,4.104526245065381,8.209052490130762,2200.5,11145.434422677814,Low-cost nurture communication and continued monitoring,0
656,13338,2011-09-01,United Kingdom,Nurture / Monitor,Low-cost digital nurture,0.7020452000495888,Medium,218.51,153.40389666283565,0.5,4.602116899885069,4.102116899885069,8.204233799770138,2201.0,11149.536539577699,Low-cost nurture communication and continued monitoring,1
657,14498,2011-09-01,United Kingdom,Nurture / Monitor,Low-cost digital nurture,0.27485082292956087,Low,557.785,153.3076662677651,0.5,4.599229988032953,4.099229988032953,8.198459976065905,2201.5,11153.635769565732,Low-cost nurture communication and continued monitoring,0
658,14050,2011-09-01,United Kingdom,Nurture / Monitor,Low-cost digital nurture,0.628213255345594,Medium,242.99,152.6495389164259,0.5,4.579486167492777,4.079486167492777,8.158972334985554,2202.0,11157.715255733225,Low-cost nurture communication and continued monitoring,0
659,15795,2011-09-01,United Kingdom,Nurture / Monitor,Low-cost digital nurture,0.49878242805540274,Low,305.005,152.1311344690381,0.5,4.563934034071143,4.063934034071143,8.127868068142286,2202.5,11161.779189767296,Low-cost nurture communication and continued monitoring,1
660,16912,2011-09-01,United Kingdom,Nurture / Monitor,Low-cost digital nurture,0.3797730047819599,Low,400.37,152.04971792455328,0.5,4.5614915377365985,4.0614915377365985,8.122983075473197,2203.0,11165.840681305033,Low-cost nurture communication and continued monitoring,0
661,17211,2011-09-01,United Kingdom,Nurture / Monitor,Low-cost digital nurture,0.44337494000329253,Low,342.59000000000003,151.895820695728,0.5,4.55687462087184,4.05687462087184,8.11374924174368,2203.5,11169.897555925905,Low-cost nurture communication and continued monitoring,0
662,12644,2011-09-01,Germany,Nurture / Monitor,Low-cost digital nurture,0.6338994614836021,Medium,238.955,151.47344581881416,0.5,4.544203374564424,4.044203374564424,8.088406749128849,2204.0,11173.94175930047,Low-cost nurture communication and continued monitoring,1
663,16859,2011-09-01,United Kingdom,Nurture / Monitor,Low-cost digital nurture,0.40502666472219967,Low,373.905,151.44149507295407,0.5,4.5432448521886215,4.0432448521886215,8.086489704377243,2204.5,11177.985004152657,Low-cost nurture communication and continued monitoring,1
664,16586,2011-09-01,United Kingdom,Nurture / Monitor,Low-cost digital nurture,0.6520534349130408,Medium,231.975,151.26009556395263,0.5,4.537802866918579,4.037802866918579,8.075605733837158,2205.0,11182.022807019575,Low-cost nurture communication and continued monitoring,1
665,13499,2011-09-01,United Kingdom,Nurture / Monitor,Low-cost digital nurture,0.6517489620338952,Medium,231.895,151.13732555085014,0.5,4.534119766525504,4.034119766525504,8.068239533051008,2205.5,11186.056926786101,Low-cost nurture communication and continued monitoring,0
666,16686,2011-09-01,United Kingdom,Nurture / Monitor,Low-cost digital nurture,0.23010406159963687,Low,655.37,150.803298850554,0.5,4.52409896551662,4.02409896551662,8.04819793103324,2206.0,11190.081025751617,Low-cost nurture communication and continued monitoring,0
667,14649,2011-09-01,United Kingdom,Nurture / Monitor,Low-cost digital nurture,0.5179307727422223,Low,291.06,150.74893071435122,0.5,4.522467921430536,4.022467921430536,8.044935842861072,2206.5,11194.103493673047,Low-cost nurture communication and continued monitoring,0
668,18044,2011-09-01,United Kingdom,Nurture / Monitor,Low-cost digital nurture,0.314158167402332,Low,479.58,150.66397392281036,0.5,4.51991921768431,4.01991921768431,8.03983843536862,2207.0,11198.12341289073,Low-cost nurture communication and continued monitoring,0
669,16009,2011-09-01,United Kingdom,Nurture / Monitor,Low-cost digital nurture,0.6801315281636752,Medium,220.79500000000002,150.16964076089866,0.5,4.5050892228269594,4.0050892228269594,8.010178445653919,2207.5,11202.128502113557,Low-cost nurture communication and continued monitoring,0
670,14421,2011-09-01,United Kingdom,Nurture / Monitor,Low-cost digital nurture,0.6596015326715645,Medium,227.59,150.11871282072138,0.5,4.503561384621642,4.003561384621642,8.007122769243283,2208.0,11206.132063498178,Low-cost nurture communication and continued monitoring,0
671,14855,2011-09-01,United Kingdom,Nurture / Monitor,Low-cost digital nurture,0.465003512387922,Low,322.82500000000005,150.11475888663094,0.5,4.503442766598928,4.003442766598928,8.006885533197856,2208.5,11210.135506264778,Low-cost nurture communication and continued monitoring,1
672,15370,2011-09-01,United Kingdom,Nurture / Monitor,Low-cost digital nurture,0.39479430911324614,Low,379.62,149.8718156255705,0.5,4.496154468767115,3.9961544687671147,7.992308937534229,2209.0,11214.131660733545,Low-cost nurture communication and continued monitoring,0
673,14493,2011-09-01,United Kingdom,Nurture / Monitor,Low-cost digital nurture,0.48980088910975517,Low,305.61,149.68804972083228,0.5,4.490641491624968,3.9906414916249684,7.981282983249937,2209.5,11218.12230222517,Low-cost nurture communication and continued monitoring,0
674,12710,2011-09-01,Germany,Nurture / Monitor,Low-cost digital nurture,0.4273763630753751,Low,350.18,149.65865482173484,0.5,4.489759644652045,3.989759644652045,7.97951928930409,2210.0,11222.112061869822,Low-cost nurture communication and continued monitoring,0
675,16639,2011-09-01,United Kingdom,Nurture / Monitor,Low-cost digital nurture,0.635267287871877,Medium,235.57500000000005,149.65309134041746,0.5,4.489592740212523,3.9895927402125233,7.979185480425047,2210.5,11226.101654610035,Low-cost nurture communication and continued monitoring,0
676,13941,2011-09-01,United Kingdom,Nurture / Monitor,Low-cost digital nurture,0.4199910324100837,Low,356.15,149.5798061928513,0.5,4.487394185785539,3.987394185785539,7.974788371571078,2211.0,11230.08904879582,Low-cost nurture communication and continued monitoring,0
677,13159,2011-09-01,United Kingdom,Nurture / Monitor,Low-cost digital nurture,0.3548006785578599,Low,421.545,149.56445204267305,0.5,4.486933561280192,3.9869335612801917,7.973867122560383,2211.5,11234.0759823571,Low-cost nurture communication and continued monitoring,0
678,17930,2011-09-01,United Kingdom,Nurture / Monitor,Low-cost digital nurture,0.4303347901862606,Low,347.07,149.35629562994546,0.5,4.480688868898364,3.9806888688983637,7.961377737796727,2212.0,11238.056671225999,Low-cost nurture communication and continued monitoring,0
679,12598,2011-09-01,France,Nurture / Monitor,Low-cost digital nurture,0.3681955432415572,Low,404.76,149.03082808245267,0.5,4.47092484247358,3.97092484247358,7.94184968494716,2212.5,11242.027596068472,Low-cost nurture communication and continued monitoring,0
680,15146,2011-09-01,United Kingdom,Nurture / Monitor,Low-cost digital nurture,0.6038816812887078,Medium,246.47,148.8387179872278,0.5,4.465161539616834,3.965161539616834,7.930323079233668,2213.0,11245.992757608088,Low-cost nurture communication and continued monitoring,1
681,14032,2011-09-01,United Kingdom,Nurture / Monitor,Low-cost digital nurture,0.24277343766035397,Low,612.975,148.81404794985548,0.5,4.464421438495664,3.9644214384956644,7.928842876991329,2213.5,11249.957179046583,Low-cost nurture communication and continued monitoring,0
682,15434,2011-09-01,United Kingdom,Nurture / Monitor,Low-cost digital nurture,0.5057347438062916,Low,293.64,148.50395017127946,0.5,4.455118505138383,3.9551185051383833,7.9102370102767665,2214.0,11253.912297551722,Low-cost nurture communication and continued monitoring,0
683,18149,2011-09-01,United Kingdom,Nurture / Monitor,Low-cost digital nurture,0.5396309541800793,Medium,274.84,148.312171446853,0.5,4.44936514340559,3.94936514340559,7.89873028681118,2214.5,11257.861662695128,Low-cost nurture communication and continued monitoring,0
684,17873,2011-09-01,United Kingdom,Nurture / Monitor,Low-cost digital nurture,0.39015360389269454,Low,378.4050000000001,147.6360744810151,0.5,4.429082234430453,3.929082234430453,7.858164468860906,2215.0,11261.790744929558,Low-cost nurture communication and continued monitoring,0
685,17634,2011-09-01,United Kingdom,Nurture / Monitor,Low-cost digital nurture,0.2609166282712527,Low,565.815,147.63054202529887,0.5,4.428916260758966,3.9289162607589656,7.857832521517931,2215.5,11265.719661190316,Low-cost nurture communication and continued monitoring,0
686,14193,2011-09-01,United Kingdom,Nurture / Monitor,Low-cost digital nurture,0.6986435499282585,Medium,211.26999999999998,147.60242279334315,0.5,4.428072683800294,3.928072683800294,7.856145367600588,2216.0,11269.647733874117,Low-cost nurture communication and continued monitoring,0
687,13192,2011-09-01,United Kingdom,Nurture / Monitor,Low-cost digital nurture,0.6354345317429676,Medium,232.16,147.52248088944737,0.5,4.425674426683421,3.925674426683421,7.851348853366842,2216.5,11273.573408300801,Low-cost nurture communication and continued monitoring,0
688,14672,2011-09-01,United Kingdom,Nurture / Monitor,Low-cost digital nurture,0.6140365515681121,Medium,240.135,147.4516673108086,0.5,4.423550019324258,3.9235500193242583,7.847100038648517,2217.0,11277.496958320125,Low-cost nurture communication and continued monitoring,1
689,12928,2011-09-01,United Kingdom,Nurture / Monitor,Low-cost digital nurture,0.39641891294951226,Low,371.9,147.4281937259236,0.5,4.422845811777708,3.922845811777708,7.845691623555416,2217.5,11281.419804131903,Low-cost nurture communication and continued monitoring,0
690,13946,2011-09-01,United Kingdom,Nurture / Monitor,Low-cost digital nurture,0.6060096796917721,Medium,242.985,147.25126201990525,0.5,4.417537860597157,3.9175378605971574,7.835075721194315,2218.0,11285.337341992501,Low-cost nurture communication and continued monitoring,0
691,16359,2011-09-01,United Kingdom,Nurture / Monitor,Low-cost digital nurture,0.3113578076958927,Low,472.59,147.14458633900193,0.5,4.4143375901700574,3.9143375901700574,7.828675180340115,2218.5,11289.25167958267,Low-cost nurture communication and continued monitoring,0
692,17213,2011-09-01,United Kingdom,Nurture / Monitor,Low-cost digital nurture,0.34890012137165927,Low,421.53000000000003,147.07186816179555,0.5,4.412156044853866,3.912156044853866,7.824312089707732,2219.0,11293.163835627523,Low-cost nurture communication and continued monitoring,0
693,16099,2011-09-01,United Kingdom,Nurture / Monitor,Low-cost digital nurture,0.49649884311084663,Low,296.05,146.98848250296615,0.5,4.409654475088984,3.909654475088984,7.819308950177968,2219.5,11297.073490102612,Low-cost nurture communication and continued monitoring,0
694,12364,2011-09-01,Belgium,Nurture / Monitor,Low-cost digital nurture,0.5067104202735079,Low,289.46,146.6723982523696,0.5,4.400171947571088,3.9001719475710876,7.800343895142175,2220.0,11300.973662050183,Low-cost nurture communication and continued monitoring,0
695,15903,2011-09-01,United Kingdom,Nurture / Monitor,Low-cost digital nurture,0.610605391744779,Medium,240.18,146.65520298926103,0.5,4.399656089677831,3.8996560896778307,7.7993121793556615,2220.5,11304.87331813986,Low-cost nurture communication and continued monitoring,0
696,13811,2011-09-01,Germany,Nurture / Monitor,Low-cost digital nurture,0.5639213776307854,Medium,259.875,146.54906801180036,0.5,4.396472040354011,3.896472040354011,7.792944080708022,2221.0,11308.769790180215,Low-cost nurture communication and continued monitoring,1
697,16511,2011-09-01,United Kingdom,Nurture / Monitor,Low-cost digital nurture,0.5196815596708435,Low,281.85,146.47224759322725,0.5,4.394167427796817,3.894167427796817,7.788334855593634,2221.5,11312.663957608012,Low-cost nurture communication and continued monitoring,0
698,12833,2011-09-01,United Kingdom,Nurture / Monitor,Low-cost digital nurture,0.7011851441674684,Medium,208.69,146.33032773630896,0.5,4.389909832089269,3.889909832089269,7.779819664178538,2222.0,11316.553867440101,Low-cost nurture communication and continued monitoring,1
699,15998,2011-09-01,United Kingdom,Nurture / Monitor,Low-cost digital nurture,0.2356082135166531,Low,620.935,146.29738605996297,0.5,4.388921581798889,3.888921581798889,7.777843163597778,2222.5,11320.4427890219,Low-cost nurture communication and continued monitoring,0
700,13427,2011-09-01,United Kingdom,Nurture / Monitor,Low-cost digital nurture,0.6293990408953982,Medium,232.43,146.2912190753174,0.5,4.388736572259522,3.888736572259522,7.777473144519044,2223.0,11324.33152559416,Low-cost nurture communication and continued monitoring,0
701,13804,2011-09-01,United Kingdom,Nurture / Monitor,Low-cost digital nurture,0.4609651801721641,Low,315.74,145.5451459875591,0.5,4.366354379626773,3.866354379626773,7.732708759253546,2223.5,11328.197879973786,Low-cost nurture communication and continued monitoring,0
702,15203,2011-09-01,United Kingdom,Nurture / Monitor,Low-cost digital nurture,0.26066493127881696,Low,558.19,145.50055799052285,0.5,4.365016739715685,3.865016739715685,7.73003347943137,2224.0,11332.062896713502,Low-cost nurture communication and continued monitoring,0
703,16905,2011-09-01,United Kingdom,Nurture / Monitor,Low-cost digital nurture,0.5115012131489908,Low,283.89,145.210079400867,0.5,4.356302382026009,3.8563023820260094,7.712604764052019,2224.5,11335.919199095528,Low-cost nurture communication and continued monitoring,0
704,15379,2011-09-01,United Kingdom,Nurture / Monitor,Low-cost digital nurture,0.2841652362156258,Low,510.6,145.09476961169852,0.5,4.352843088350956,3.852843088350956,7.705686176701912,2225.0,11339.772042183879,Low-cost nurture communication and continued monitoring,1
705,14530,2011-09-01,United Kingdom,Nurture / Monitor,Low-cost digital nurture,0.22393967491959754,Low,647.3050000000001,144.9572712738301,0.5,4.3487181382149025,3.8487181382149025,7.697436276429805,2225.5,11343.620760322094,Low-cost nurture communication and continued monitoring,0
706,16244,2011-09-01,United Kingdom,Nurture / Monitor,Low-cost digital nurture,0.6218489829018382,Medium,233.06,144.92812395510242,0.5,4.347843718653072,3.8478437186530723,7.695687437306145,2226.0,11347.468604040747,Low-cost nurture communication and continued monitoring,1
707,15329,2011-09-01,United Kingdom,Nurture / Monitor,Low-cost digital nurture,0.3842344159376043,Low,377.0,144.85637480847683,0.5,4.345691244254304,3.8456912442543043,7.691382488508609,2226.5,11351.314295285001,Low-cost nurture communication and continued monitoring,0
708,17109,2011-09-01,United Kingdom,Nurture / Monitor,Low-cost digital nurture,0.6234991470421298,Medium,232.295,144.83573436215156,0.5,4.3450720308645465,3.8450720308645465,7.690144061729093,2227.0,11355.159367315866,Low-cost nurture communication and continued monitoring,0
709,14913,2011-09-01,United Kingdom,Nurture / Monitor,Low-cost digital nurture,0.46983807611855366,Low,308.14,144.7759047751711,0.5,4.343277143255134,3.8432771432551336,7.686554286510267,2227.5,11359.00264445912,Low-cost nurture communication and continued monitoring,0
710,12633,2011-09-01,Germany,Nurture / Monitor,Low-cost digital nurture,0.3494865958493181,Low,413.96500000000003,144.675218650763,0.5,4.3402565595228895,3.8402565595228895,7.680513119045779,2228.0,11362.842901018643,Low-cost nurture communication and continued monitoring,0
711,12513,2011-09-01,France,Nurture / Monitor,Low-cost digital nurture,0.5175749227600266,Low,279.145,144.4784518138476,0.5,4.334353554415428,3.8343535544154284,7.668707108830857,2228.5,11366.677254573058,Low-cost nurture communication and continued monitoring,1
712,13956,2011-09-01,United Kingdom,Nurture / Monitor,Low-cost digital nurture,0.42664546755098987,Low,338.03499999999997,144.22110062359886,0.5,4.326633018707965,3.826633018707965,7.65326603741593,2229.0,11370.503887591765,Low-cost nurture communication and continued monitoring,0
713,14573,2011-09-01,United Kingdom,Nurture / Monitor,Low-cost digital nurture,0.30848227560150715,Low,467.35999999999996,144.17227632512038,0.5,4.325168289753611,3.825168289753611,7.650336579507222,2229.5,11374.329055881519,Low-cost nurture communication and continued monitoring,1
714,15752,2011-09-01,United Kingdom,Nurture / Monitor,Low-cost digital nurture,0.21282218180417192,Low,676.6,143.99548820870274,0.5,4.319864646261082,3.819864646261082,7.639729292522164,2230.0,11378.14892052778,Low-cost nurture communication and continued monitoring,0
715,14188,2011-09-01,United Kingdom,Nurture / Monitor,Low-cost digital nurture,0.29201796311784267,Low,492.73,143.88601096705463,0.5,4.3165803290116385,3.8165803290116385,7.633160658023277,2230.5,11381.965500856792,Low-cost nurture communication and continued monitoring,0
716,13236,2011-09-01,United Kingdom,Nurture / Monitor,Low-cost digital nurture,0.654954562719014,Medium,219.615,143.83784629153627,0.5,4.3151353887460875,3.8151353887460875,7.630270777492175,2231.0,11385.780636245538,Low-cost nurture communication and continued monitoring,0
717,13158,2011-09-01,United Kingdom,Nurture / Monitor,Low-cost digital nurture,0.46992644614632967,Low,305.88,143.74110134723932,0.5,4.31223304041718,3.81223304041718,7.62446608083436,2231.5,11389.592869285954,Low-cost nurture communication and continued monitoring,0
718,14587,2011-09-01,United Kingdom,Nurture / Monitor,Low-cost digital nurture,0.3052297467677852,Low,470.78,143.6960601833379,0.5,4.310881805500137,3.810881805500137,7.621763611000274,2232.0,11393.403751091455,Low-cost nurture communication and continued monitoring,0
719,14524,2011-09-01,United Kingdom,Nurture / Monitor,Low-cost digital nurture,0.5139001497258997,Low,279.40999999999997,143.5888408349136,0.5,4.307665225047408,3.8076652250474083,7.615330450094817,2232.5,11397.211416316502,Low-cost nurture communication and continued monitoring,0
720,14607,2011-09-01,United Kingdom,Nurture / Monitor,Low-cost digital nurture,0.5795514341506329,Medium,247.5,143.43897995228164,0.5,4.303169398568449,3.803169398568449,7.606338797136898,2233.0,11401.014585715071,Low-cost nurture communication and continued monitoring,0
721,12447,2011-09-01,Belgium,Nurture / Monitor,Low-cost digital nurture,0.6646822379075513,Medium,215.745,143.40186941736465,0.5,4.30205608252094,3.8020560825209397,7.6041121650418795,2233.5,11404.816641797592,Low-cost nurture communication and continued monitoring,1
722,13064,2011-09-01,United Kingdom,Nurture / Monitor,Low-cost digital nurture,0.6285989614043475,Medium,227.975,143.3048482261561,0.5,4.299145446784683,3.7991454467846832,7.5982908935693665,2234.0,11408.615787244376,Low-cost nurture communication and continued monitoring,0
723,16872,2011-09-01,United Kingdom,Nurture / Monitor,Low-cost digital nurture,0.6167181070971699,Medium,232.34,143.28828500295646,0.5,4.298648550088694,3.7986485500886937,7.5972971001773875,2234.5,11412.414435794464,Low-cost nurture communication and continued monitoring,0
724,13888,2011-09-01,United Kingdom,Nurture / Monitor,Low-cost digital nurture,0.480577589390896,Low,297.83500000000004,143.13282633623754,0.5,4.293984790087126,3.7939847900871264,7.587969580174253,2235.0,11416.208420584551,Low-cost nurture communication and continued monitoring,1
725,17630,2011-09-01,United Kingdom,Nurture / Monitor,Low-cost digital nurture,0.5677122339312182,Medium,251.8,142.94994050388075,0.5,4.288498215116422,3.788498215116422,7.576996430232844,2235.5,11419.996918799668,Low-cost nurture communication and continued monitoring,1
726,16723,2011-09-01,United Kingdom,Nurture / Monitor,Low-cost digital nurture,0.694643850561211,Medium,205.7,142.8882400604411,0.5,4.286647201813232,3.786647201813232,7.573294403626464,2236.0,11423.783566001483,Low-cost nurture communication and continued monitoring,0
727,12876,2011-09-01,Belgium,Nurture / Monitor,Low-cost digital nurture,0.428793788932891,Low,333.215,142.88052237927326,0.5,4.286415671378197,3.7864156713781973,7.572831342756395,2236.5,11427.569981672861,Low-cost nurture communication and continued monitoring,0
728,18062,2011-09-01,United Kingdom,Nurture / Monitor,Low-cost digital nurture,0.5182967286801597,Low,275.36,142.7181872093688,0.5,4.281545616281064,3.781545616281064,7.563091232562128,2237.0,11431.351527289142,Low-cost nurture communication and continued monitoring,1
729,16841,2011-09-01,United Kingdom,Nurture / Monitor,Low-cost digital nurture,0.22945640044101082,Low,621.84,142.68516805023816,0.5,4.280555041507145,3.780555041507145,7.56111008301429,2237.5,11435.132082330649,Low-cost nurture communication and continued monitoring,0
730,16023,2011-09-01,United Kingdom,Nurture / Monitor,Low-cost digital nurture,0.5699521905320146,Medium,250.34500000000003,142.6846811387372,0.5,4.280540434162116,3.7805404341621163,7.5610808683242325,2238.0,11438.91262276481,Low-cost nurture communication and continued monitoring,0
731,17624,2011-09-01,United Kingdom,Nurture / Monitor,Low-cost digital nurture,0.7128107136767918,Medium,200.15,142.66906434240988,0.5,4.280071930272296,3.780071930272296,7.560143860544592,2238.5,11442.692694695083,Low-cost nurture communication and continued monitoring,0
732,17463,2011-09-01,United Kingdom,Nurture / Monitor,Low-cost digital nurture,0.5313397847625342,Medium,268.065,142.4335994023687,0.5,4.273007982071062,3.7730079820710616,7.546015964142123,2239.0,11446.465702677153,Low-cost nurture communication and continued monitoring,0
733,12649,2011-09-01,Germany,Nurture / Monitor,Low-cost digital nurture,0.49965405417014364,Low,284.755,142.27899019521925,0.5,4.2683697058565775,3.7683697058565775,7.536739411713155,2239.5,11450.23407238301,Low-cost nurture communication and continued monitoring,1
734,12483,2011-09-01,Sweden,Nurture / Monitor,Low-cost digital nurture,0.4366512957595189,Low,325.525,142.14091305211738,0.5,4.264227391563521,3.764227391563521,7.528454783127042,2240.0,11453.998299774574,Low-cost nurture communication and continued monitoring,0
735,17770,2011-09-01,United Kingdom,Nurture / Monitor,Low-cost digital nurture,0.5262583794739321,Low,270.05,142.11607537693536,0.5,4.26348226130806,3.7634822613080603,7.526964522616121,2240.5,11457.761782035881,Low-cost nurture communication and continued monitoring,1
736,17980,2011-09-01,United Kingdom,Nurture / Monitor,Low-cost digital nurture,0.5503686613132827,Medium,258.125,142.0639107014911,0.5,4.2619173210447325,3.7619173210447325,7.523834642089465,2241.0,11461.523699356925,Low-cost nurture communication and continued monitoring,1
737,12922,2011-09-01,United Kingdom,Nurture / Monitor,Low-cost digital nurture,0.699780795624585,Medium,202.69,141.83856946514712,0.5,4.255157083954414,3.7551570839544137,7.510314167908827,2241.5,11465.27885644088,Low-cost nurture communication and continued monitoring,1
738,15706,2011-09-01,United Kingdom,Nurture / Monitor,Low-cost digital nurture,0.6302740187741949,Medium,225.025,141.82741107466322,0.5,4.254822332239897,3.754822332239897,7.509644664479794,2242.0,11469.03367877312,Low-cost nurture communication and continued monitoring,0
739,13005,2011-09-01,United Kingdom,Nurture / Monitor,Low-cost digital nurture,0.5506839015315071,Medium,256.85,141.44316010836764,0.5,4.243294803251029,3.743294803251029,7.486589606502058,2242.5,11472.77697357637,Low-cost nurture communication and continued monitoring,1
740,15907,2011-09-01,United Kingdom,Nurture / Monitor,Low-cost digital nurture,0.592216831633351,Medium,238.79500000000002,141.41841830988608,0.5,4.242552549296582,3.7425525492965823,7.485105098593165,2243.0,11476.519526125667,Low-cost nurture communication and continued monitoring,1
741,13614,2011-09-01,United Kingdom,Nurture / Monitor,Low-cost digital nurture,0.4930214765795651,Low,286.565,141.28269943602305,0.5,4.2384809830806915,3.7384809830806915,7.476961966161383,2243.5,11480.258007108747,Low-cost nurture communication and continued monitoring,0
742,12564,2011-09-01,France,Nurture / Monitor,Low-cost digital nurture,0.7010282830873845,Medium,201.45,141.2221476279536,0.5,4.236664428838608,3.7366644288386084,7.473328857677217,2244.0,11483.994671537586,Low-cost nurture communication and continued monitoring,1
743,13208,2011-09-01,United Kingdom,Nurture / Monitor,Low-cost digital nurture,0.4275984837950858,Low,330.185,141.1866053718804,0.5,4.235598161156412,3.735598161156412,7.471196322312824,2244.5,11487.730269698743,Low-cost nurture communication and continued monitoring,0
744,16370,2011-09-01,United Kingdom,Nurture / Monitor,Low-cost digital nurture,0.2987112993500772,Low,472.245,141.0649175615772,0.5,4.231947526847316,3.731947526847316,7.463895053694632,2245.0,11491.46221722559,Low-cost nurture communication and continued monitoring,0
745,17774,2011-09-01,United Kingdom,Nurture / Monitor,Low-cost digital nurture,0.37186327938187913,Low,379.1,140.9733692136704,0.5,4.229201076410112,3.729201076410112,7.458402152820224,2245.5,11495.191418302,Low-cost nurture communication and continued monitoring,0
746,14334,2011-09-01,United Kingdom,Nurture / Monitor,Low-cost digital nurture,0.21024158140881508,Low,670.47,140.96067308716826,0.5,4.228820192615047,3.7288201926150473,7.4576403852300945,2246.0,11498.920238494615,Low-cost nurture communication and continued monitoring,0
747,17442,2011-09-01,United Kingdom,Nurture / Monitor,Low-cost digital nurture,0.24508596298589178,Low,574.8100000000001,140.87786238392047,0.5,4.226335871517614,3.7263358715176143,7.4526717430352285,2246.5,11502.646574366132,Low-cost nurture communication and continued monitoring,0
748,15172,2011-09-01,United Kingdom,Nurture / Monitor,Low-cost digital nurture,0.3174144646381792,Low,443.37,140.73205118662952,0.5,4.2219615355988855,3.7219615355988855,7.443923071197771,2247.0,11506.36853590173,Low-cost nurture communication and continued monitoring,0
749,17398,2011-09-01,United Kingdom,Nurture / Monitor,Low-cost digital nurture,0.42912530561944967,Low,326.69,140.19094609281802,0.5,4.205728382784541,3.7057283827845406,7.411456765569081,2247.5,11510.074264284516,Low-cost nurture communication and continued monitoring,1
750,13016,2011-09-01,United Kingdom,Nurture / Monitor,Low-cost digital nurture,0.6592573751406765,Medium,212.625,140.17459938928633,0.5,4.205237981678589,3.7052379816785894,7.410475963357179,2248.0,11513.779502266194,Low-cost nurture communication and continued monitoring,0
751,14489,2011-09-01,United Kingdom,Nurture / Monitor,Low-cost digital nurture,0.6039282581225118,Medium,231.69,139.92413812440478,0.5,4.1977241437321435,3.6977241437321435,7.395448287464287,2248.5,11517.477226409927,Low-cost nurture communication and continued monitoring,1
752,13824,2011-09-01,United Kingdom,Nurture / Monitor,Low-cost digital nurture,0.2832453441114574,Low,493.48,139.775912412122,0.5,4.19327737236366,3.69327737236366,7.38655474472732,2249.0,11521.17050378229,Low-cost nurture communication and continued monitoring,0
753,13933,2011-09-01,United Kingdom,Nurture / Monitor,Low-cost digital nurture,0.4583752353629745,Low,304.395,139.52712976831262,0.5,4.185813893049378,3.685813893049378,7.371627786098756,2249.5,11524.85631767534,Low-cost nurture communication and continued monitoring,1
754,15232,2011-09-01,United Kingdom,Nurture / Monitor,Low-cost digital nurture,0.45556995839424563,Low,306.03,139.41807436739097,0.5,4.182542231021729,3.6825422310217286,7.365084462043457,2250.0,11528.53885990636,Low-cost nurture communication and continued monitoring,1
755,17175,2011-09-01,United Kingdom,Nurture / Monitor,Low-cost digital nurture,0.4539669625850677,Low,306.775,139.26571494703413,0.5,4.177971448411023,3.6779714484110233,7.355942896822047,2250.5,11532.216831354772,Low-cost nurture communication and continued monitoring,0
756,15106,2011-09-01,United Kingdom,Nurture / Monitor,Low-cost digital nurture,0.2696582496152285,Low,516.415,139.2555649750482,0.5,4.177666949251446,3.6776669492514458,7.3553338985028915,2251.0,11535.894498304024,Low-cost nurture communication and continued monitoring,0
757,14387,2011-09-01,United Kingdom,Nurture / Monitor,Low-cost digital nurture,0.6312490329071866,Medium,220.38,139.11466187208578,0.5,4.173439856162573,3.673439856162573,7.346879712325146,2251.5,11539.567938160186,Low-cost nurture communication and continued monitoring,0
758,17388,2011-09-01,United Kingdom,Nurture / Monitor,Low-cost digital nurture,0.48619648002922233,Low,285.71500000000003,138.91362729154926,0.5,4.167408818746478,3.6674088187464777,7.3348176374929555,2252.0,11543.235346978932,Low-cost nurture communication and continued monitoring,0
759,17147,2011-09-01,United Kingdom,Nurture / Monitor,Low-cost digital nurture,0.4911057445246986,Low,281.805,138.39605433578268,0.5,4.15188163007348,3.65188163007348,7.30376326014696,2252.5,11546.887228609006,Low-cost nurture communication and continued monitoring,0
760,14857,2011-09-01,United Kingdom,Nurture / Monitor,Low-cost digital nurture,0.5293637098315082,Low,261.26,138.30156283057983,0.5,4.149046884917395,3.6490468849173947,7.298093769834789,2253.0,11550.536275493923,Low-cost nurture communication and continued monitoring,0
761,17073,2011-09-01,United Kingdom,Nurture / Monitor,Low-cost digital nurture,0.6093447414380919,Medium,226.895,138.25727510859588,0.5,4.147718253257876,3.6477182532578762,7.2954365065157525,2253.5,11554.183993747181,Low-cost nurture communication and continued monitoring,0
762,14748,2011-09-01,United Kingdom,Nurture / Monitor,Low-cost digital nurture,0.4262904690951931,Low,324.17499999999995,138.1927128189342,0.5,4.145781384568026,3.645781384568026,7.291562769136052,2254.0,11557.82977513175,Low-cost nurture communication and continued monitoring,0
763,13126,2011-09-01,United Kingdom,Nurture / Monitor,Low-cost digital nurture,0.520206543367797,Low,265.055,137.88334535235145,0.5,4.136500360570544,3.636500360570544,7.273000721141088,2254.5,11561.46627549232,Low-cost nurture communication and continued monitoring,0
764,14745,2011-09-01,United Kingdom,Nurture / Monitor,Low-cost digital nurture,0.2814854904117638,Low,489.83,137.88003776839426,0.5,4.1364011330518275,3.6364011330518275,7.272802266103655,2255.0,11565.10267662537,Low-cost nurture communication and continued monitoring,1
765,14905,2011-09-01,United Kingdom,Nurture / Monitor,Low-cost digital nurture,0.4472630602001224,Low,308.07500000000005,137.79056727115272,0.5,4.133717018134582,3.6337170181345817,7.267434036269163,2255.5,11568.736393643505,Low-cost nurture communication and continued monitoring,1
766,13750,2011-09-01,United Kingdom,Nurture / Monitor,Low-cost digital nurture,0.4387364898113254,Low,313.91499999999996,137.7259651991222,0.5,4.131778955973665,3.6317789559736653,7.263557911947331,2256.0,11572.36817259948,Low-cost nurture communication and continued monitoring,0
767,12530,2011-09-01,Germany,Nurture / Monitor,Low-cost digital nurture,0.3610916387850057,Low,381.125,137.6210508319353,0.5,4.128631524958059,3.6286315249580587,7.2572630499161175,2256.5,11575.996804124437,Low-cost nurture communication and continued monitoring,0
768,15407,2011-09-01,United Kingdom,Nurture / Monitor,Low-cost digital nurture,0.47786681028672695,Low,287.865,137.56112934318867,0.5,4.12683388029566,3.62683388029566,7.25366776059132,2257.0,11579.623638004734,Low-cost nurture communication and continued monitoring,0
769,13167,2011-09-01,United Kingdom,Nurture / Monitor,Low-cost digital nurture,0.6588728301159775,Medium,208.77499999999998,137.5561751074632,0.5,4.126685253223895,3.6266852532238953,7.253370506447791,2257.5,11583.250323257958,Low-cost nurture communication and continued monitoring,0
770,13448,2011-09-01,United Kingdom,Nurture / Monitor,Low-cost digital nurture,0.46190783169116734,Low,296.86,137.12195891583994,0.5,4.113658767475198,3.613658767475198,7.227317534950396,2258.0,11586.863982025434,Low-cost nurture communication and continued monitoring,0
771,18178,2011-09-01,United Kingdom,Nurture / Monitor,Low-cost digital nurture,0.2865985726687609,Low,478.43,137.11735512191527,0.5,4.113520653657458,3.6135206536574582,7.2270413073149165,2258.5,11590.477502679092,Low-cost nurture communication and continued monitoring,1
772,12935,2011-09-01,United Kingdom,Nurture / Monitor,Low-cost digital nurture,0.24830922956725057,Low,551.855,137.03068988283508,0.5,4.110920696485052,3.610920696485052,7.221841392970104,2259.0,11594.088423375577,Low-cost nurture communication and continued monitoring,0
773,15353,2011-09-01,United Kingdom,Nurture / Monitor,Low-cost digital nurture,0.5973575777282151,Medium,229.235,136.9352643305274,0.5,4.108057929915821,3.6080579299158213,7.216115859831643,2259.5,11597.696481305493,Low-cost nurture communication and continued monitoring,1
774,13137,2011-09-01,United Kingdom,Nurture / Monitor,Low-cost digital nurture,0.22339549923249388,Low,611.065,136.50917073850388,0.5,4.095275122155116,3.5952751221551162,7.1905502443102325,2260.0,11601.291756427649,Low-cost nurture communication and continued monitoring,0
775,16191,2011-09-01,United Kingdom,Nurture / Monitor,Low-cost digital nurture,0.4576102001968026,Low,298.2,136.45936169868654,0.5,4.093780850960596,3.593780850960596,7.187561701921192,2260.5,11604.88553727861,Low-cost nurture communication and continued monitoring,0
776,16515,2011-09-01,United Kingdom,Nurture / Monitor,Low-cost digital nurture,0.4103320165525962,Low,332.38,136.38615566175193,0.5,4.0915846698525575,3.5915846698525575,7.183169339705115,2261.0,11608.477121948461,Low-cost nurture communication and continued monitoring,0
777,15730,2011-09-01,United Kingdom,Nurture / Monitor,Low-cost digital nurture,0.5833559605958472,Medium,233.715,136.3390383306584,0.5,4.090171149919752,3.590171149919752,7.180342299839504,2261.5,11612.06729309838,Low-cost nurture communication and continued monitoring,0
778,15132,2011-09-01,United Kingdom,Nurture / Monitor,Low-cost digital nurture,0.3236491527563741,Low,421.115,136.2935129630005,0.5,4.088805388890015,3.588805388890015,7.17761077778003,2262.0,11615.65609848727,Low-cost nurture communication and continued monitoring,0
779,14456,2011-09-01,United Kingdom,Nurture / Monitor,Low-cost digital nurture,0.4297104502825346,Low,316.845,136.1516076197697,0.5,4.084548228593091,3.584548228593091,7.169096457186182,2262.5,11619.240646715863,Low-cost nurture communication and continued monitoring,0
780,14507,2011-09-01,United Kingdom,Nurture / Monitor,Low-cost digital nurture,0.2944568420858082,Low,462.345,136.140648654163,0.5,4.084219459624889,3.5842194596248893,7.168438919249779,2263.0,11622.824866175488,Low-cost nurture communication and continued monitoring,0
781,15241,2011-09-01,United Kingdom,Nurture / Monitor,Low-cost digital nurture,0.28549180584053535,Low,474.76500000000004,135.54151719988178,0.5,4.066245515996453,3.566245515996453,7.132491031992906,2263.5,11626.391111691484,Low-cost nurture communication and continued monitoring,0
782,14309,2011-09-01,United Kingdom,Nurture / Monitor,Low-cost digital nurture,0.3755167832454056,Low,360.815,135.49208814669103,0.5,4.064762644400731,3.564762644400731,7.129525288801462,2264.0,11629.955874335885,Low-cost nurture communication and continued monitoring,0
783,14719,2011-09-01,United Kingdom,Nurture / Monitor,Low-cost digital nurture,0.5546677354714372,Medium,244.06,135.37220751915896,0.5,4.061166225574769,3.5611662255747687,7.122332451149537,2264.5,11633.517040561459,Low-cost nurture communication and continued monitoring,0
784,16394,2011-09-01,United Kingdom,Nurture / Monitor,Low-cost digital nurture,0.4359812427633695,Low,310.345,135.30459878539793,0.5,4.059137963561938,3.5591379635619376,7.118275927123875,2265.0,11637.076178525022,Low-cost nurture communication and continued monitoring,0
785,13012,2011-09-01,United Kingdom,Nurture / Monitor,Low-cost digital nurture,0.4255972611541818,Low,317.52,135.1356423616758,0.5,4.054069270850274,3.554069270850274,7.108138541700548,2265.5,11640.630247795872,Low-cost nurture communication and continued monitoring,0
786,14388,2011-09-01,United Kingdom,Nurture / Monitor,Low-cost digital nurture,0.24105645264150527,Low,560.43,135.09526775387877,0.5,4.0528580326163635,3.5528580326163635,7.105716065232727,2266.0,11644.18310582849,Low-cost nurture communication and continued monitoring,0
787,16163,2011-09-01,United Kingdom,Nurture / Monitor,Low-cost digital nurture,0.6506128202005683,Medium,207.50000000000003,135.00216019161795,0.5,4.050064805748538,3.550064805748538,7.100129611497076,2266.5,11647.733170634237,Low-cost nurture communication and continued monitoring,1
788,17405,2011-09-01,United Kingdom,Nurture / Monitor,Low-cost digital nurture,0.6853504445004596,Medium,196.655,134.77759166323787,0.5,4.043327749897136,3.543327749897136,7.086655499794272,2267.0,11651.276498384135,Low-cost nurture communication and continued monitoring,0
789,16272,2011-09-01,United Kingdom,Nurture / Monitor,Low-cost digital nurture,0.6537898067634623,Medium,205.85,134.58263172225872,0.5,4.037478951667762,3.5374789516677616,7.074957903335523,2267.5,11654.813977335803,Low-cost nurture communication and continued monitoring,1
790,14669,2011-09-01,United Kingdom,Nurture / Monitor,Low-cost digital nurture,0.6361191100625869,Medium,210.87,134.1384367388977,0.5,4.024153102166931,3.524153102166931,7.048306204333862,2268.0,11658.33813043797,Low-cost nurture communication and continued monitoring,1
791,14256,2011-09-01,United Kingdom,Nurture / Monitor,Low-cost digital nurture,0.602555430955892,Medium,222.6,134.12883893078157,0.5,4.0238651679234465,3.5238651679234465,7.047730335846893,2268.5,11661.861995605894,Low-cost nurture communication and continued monitoring,1
792,12356,2011-09-01,Portugal,Nurture / Monitor,Low-cost digital nurture,0.5566645514727061,Medium,240.73000000000002,134.00585747602454,0.5,4.020175724280736,3.520175724280736,7.040351448561472,2269.0,11665.382171330175,Low-cost nurture communication and continued monitoring,0
793,13984,2011-09-01,United Kingdom,Nurture / Monitor,Low-cost digital nurture,0.4993509554521097,Low,267.29,133.47151688279442,0.5,4.004145506483832,3.504145506483832,7.008291012967664,2269.5,11668.886316836659,Low-cost nurture communication and continued monitoring,0
794,15349,2011-09-01,United Kingdom,Nurture / Monitor,Low-cost digital nurture,0.5732986260740645,Medium,231.95499999999998,132.9794828110096,0.5,3.989384484330288,3.489384484330288,6.978768968660576,2270.0,11672.375701320989,Low-cost nurture communication and continued monitoring,1
795,16003,2011-09-01,United Kingdom,Nurture / Monitor,Low-cost digital nurture,0.43366698330898423,Low,306.45000000000005,132.89724703503825,0.5,3.9869174110511474,3.4869174110511474,6.973834822102295,2270.5,11675.86261873204,Low-cost nurture communication and continued monitoring,0
796,14778,2011-09-01,United Kingdom,Nurture / Monitor,Low-cost digital nurture,0.6698039607499626,Medium,198.405,132.89245483259634,0.5,3.98677364497789,3.48677364497789,6.97354728995578,2271.0,11679.349392377018,Low-cost nurture communication and continued monitoring,1
797,14079,2011-09-01,United Kingdom,Nurture / Monitor,Low-cost digital nurture,0.7077947886754618,Medium,187.55,132.74691261608285,0.5,3.9824073784824856,3.4824073784824856,6.964814756964971,2271.5,11682.8317997555,Low-cost nurture communication and continued monitoring,1
798,14019,2011-09-01,United Kingdom,Nurture / Monitor,Low-cost digital nurture,0.6904249728441566,Medium,192.145,132.66170640714049,0.5,3.9798511922142144,3.4798511922142144,6.959702384428429,2272.0,11686.311650947715,Low-cost nurture communication and continued monitoring,0
799,17002,2011-09-01,United Kingdom,Nurture / Monitor,Low-cost digital nurture,0.5521499972259307,Medium,240.23000000000002,132.64299383358534,0.5,3.9792898150075597,3.4792898150075597,6.9585796300151195,2272.5,11689.790940762723,Low-cost nurture communication and continued monitoring,0
800,14064,2011-09-01,United Kingdom,Nurture / Monitor,Low-cost digital nurture,0.24146759412010319,Low,548.515,132.4485973887884,0.5,3.9734579216636514,3.4734579216636514,6.946915843327303,2273.0,11693.264398684387,Low-cost nurture communication and continued monitoring,0
801,13021,2011-09-01,United Kingdom,Nurture / Monitor,Low-cost digital nurture,0.2658895881649555,Low,497.56000000000006,132.29602348735528,0.5,3.9688807046206582,3.4688807046206582,6.9377614092413165,2273.5,11696.733279389007,Low-cost nurture communication and continued monitoring,0
802,15342,2011-09-01,United Kingdom,Nurture / Monitor,Low-cost digital nurture,0.6507022691329322,Medium,203.045,132.1218422360962,0.5,3.9636552670828857,3.4636552670828857,6.9273105341657715,2274.0,11700.19693465609,Low-cost nurture communication and continued monitoring,1
803,17314,2011-09-01,United Kingdom,Nurture / Monitor,Low-cost digital nurture,0.2801649066989647,Low,470.35999999999996,131.77836551492504,0.5,3.953350965447751,3.453350965447751,6.906701930895502,2274.5,11703.65028562154,Low-cost nurture communication and continued monitoring,0
804,17522,2011-09-01,United Kingdom,Nurture / Monitor,Low-cost digital nurture,0.2902934628829145,Low,453.845,131.74823666209636,0.5,3.9524470998628907,3.4524470998628907,6.904894199725781,2275.0,11707.102732721401,Low-cost nurture communication and continued monitoring,1
805,17001,2011-09-01,United Kingdom,Nurture / Monitor,Low-cost digital nurture,0.19288270584083583,Low,682.5,131.64244673637046,0.5,3.9492734020911135,3.4492734020911135,6.898546804182227,2275.5,11710.552006123493,Low-cost nurture communication and continued monitoring,0
806,13029,2011-09-01,United Kingdom,Nurture / Monitor,Low-cost digital nurture,0.6738013125062433,Medium,195.35,131.62708639809463,0.5,3.948812591942839,3.448812591942839,6.897625183885678,2276.0,11714.000818715436,Low-cost nurture communication and continued monitoring,0
807,14035,2011-09-01,United Kingdom,Nurture / Monitor,Low-cost digital nurture,0.4911586652836969,Low,267.83,131.54702532293254,0.5,3.9464107596879763,3.4464107596879763,6.8928215193759526,2276.5,11717.447229475125,Low-cost nurture communication and continued monitoring,0
808,17979,2011-09-01,United Kingdom,Nurture / Monitor,Low-cost digital nurture,0.5316718892772554,Medium,247.27,131.46650806158695,0.5,3.9439952418476083,3.4439952418476083,6.887990483695217,2277.0,11720.891224716972,Low-cost nurture communication and continued monitoring,0
809,15906,2011-09-01,United Kingdom,Nurture / Monitor,Low-cost digital nurture,0.3291370836345284,Low,398.85499999999996,131.27797149304982,0.5,3.9383391447914944,3.4383391447914944,6.876678289582989,2277.5,11724.329563861764,Low-cost nurture communication and continued monitoring,0
810,14502,2011-09-01,United Kingdom,Nurture / Monitor,Low-cost digital nurture,0.36562795781069046,Low,358.90999999999997,131.2275303378349,0.5,3.936825910135047,3.436825910135047,6.873651820270094,2278.0,11727.7663897719,Low-cost nurture communication and continued monitoring,0
811,13248,2011-09-01,United Kingdom,Nurture / Monitor,Low-cost digital nurture,0.5633637791544733,Medium,232.83999999999997,131.17362233832756,0.5,3.9352086701498266,3.4352086701498266,6.870417340299653,2278.5,11731.201598442049,Low-cost nurture communication and continued monitoring,1
812,13515,2011-09-01,United Kingdom,Nurture / Monitor,Low-cost digital nurture,0.5004935273980969,Low,261.98,131.11929430775345,0.5,3.9335788292326033,3.4335788292326033,6.8671576584652065,2279.0,11734.63517727128,Low-cost nurture communication and continued monitoring,0
813,13880,2011-09-01,United Kingdom,Nurture / Monitor,Low-cost digital nurture,0.22333837496931477,Low,586.33,130.94998939575834,0.5,3.92849968187275,3.42849968187275,6.8569993637455,2279.5,11738.063676953154,Low-cost nurture communication and continued monitoring,0
814,16950,2011-09-01,United Kingdom,Nurture / Monitor,Low-cost digital nurture,0.43112600022268427,Low,303.205,130.71955889751897,0.5,3.921586766925569,3.421586766925569,6.843173533851138,2280.0,11741.48526372008,Low-cost nurture communication and continued monitoring,0
815,18024,2011-09-01,United Kingdom,Nurture / Monitor,Low-cost digital nurture,0.6686824911247456,Medium,194.89,130.31953069530167,0.5,3.9095859208590498,3.4095859208590498,6.8191718417180995,2280.5,11744.89484964094,Low-cost nurture communication and continued monitoring,1
816,16612,2011-09-01,United Kingdom,Nurture / Monitor,Low-cost digital nurture,0.44152244329719714,Low,295.125,130.3043110780853,0.5,3.909129332342559,3.409129332342559,6.818258664685118,2281.0,11748.303978973281,Low-cost nurture communication and continued monitoring,0
817,12908,2011-09-01,United Kingdom,Nurture / Monitor,Low-cost digital nurture,0.6025048829891325,Medium,216.0,130.14105472565262,0.5,3.9042316417695786,3.4042316417695786,6.808463283539157,2281.5,11751.70821061505,Low-cost nurture communication and continued monitoring,1
818,15182,2011-09-01,United Kingdom,Nurture / Monitor,Low-cost digital nurture,0.41784936193815575,Low,311.425,130.12873754159017,0.5,3.903862126247705,3.403862126247705,6.80772425249541,2282.0,11755.112072741298,Low-cost nurture communication and continued monitoring,1
819,17298,2011-09-01,United Kingdom,Nurture / Monitor,Low-cost digital nurture,0.5221614461295041,Low,249.21,130.12785398993373,0.5,3.9038356196980115,3.4038356196980115,6.807671239396023,2282.5,11758.515908360996,Low-cost nurture communication and continued monitoring,1
820,16395,2011-09-01,United Kingdom,Nurture / Monitor,Low-cost digital nurture,0.5058987469074046,Low,256.87,129.95021111810502,0.5,3.8985063335431502,3.3985063335431502,6.7970126670863005,2283.0,11761.91441469454,Low-cost nurture communication and continued monitoring,0
821,12924,2011-09-01,United Kingdom,Nurture / Monitor,Low-cost digital nurture,0.440908000772584,Low,294.565,129.8760652475762,0.5,3.896281957427286,3.396281957427286,6.792563914854572,2283.5,11765.310696651968,Low-cost nurture communication and continued monitoring,0
822,14504,2011-09-01,United Kingdom,Nurture / Monitor,Low-cost digital nurture,0.47852477510362,Low,271.355,129.85009034824282,0.5,3.895502710447284,3.395502710447284,6.791005420894568,2284.0,11768.706199362416,Low-cost nurture communication and continued monitoring,0
823,14331,2011-09-01,United Kingdom,Nurture / Monitor,Low-cost digital nurture,0.5605985429039024,Medium,231.33,129.68326092995974,0.5,3.890497827898792,3.390497827898792,6.780995655797584,2284.5,11772.096697190314,Low-cost nurture communication and continued monitoring,1
824,18232,2011-09-01,United Kingdom,Nurture / Monitor,Low-cost digital nurture,0.5179916327754881,Low,250.31,129.65848560003244,0.5,3.889754568000973,3.389754568000973,6.779509136001946,2285.0,11775.486451758316,Low-cost nurture communication and continued monitoring,0
825,12639,2011-09-01,Sweden,Nurture / Monitor,Low-cost digital nurture,0.70728068210364,Medium,183.05,129.46772885907131,0.5,3.884031865772139,3.384031865772139,6.768063731544278,2285.5,11778.870483624087,Low-cost nurture communication and continued monitoring,1
826,13037,2011-09-01,United Kingdom,Nurture / Monitor,Low-cost digital nurture,0.2935762896835518,Low,440.53499999999997,129.3306307757435,0.5,3.8799189232723044,3.3799189232723044,6.759837846544609,2286.0,11782.250402547359,Low-cost nurture communication and continued monitoring,1
827,14321,2011-09-01,United Kingdom,Nurture / Monitor,Low-cost digital nurture,0.4503491662104104,Low,286.915,129.2119310232599,0.5,3.8763579306977967,3.3763579306977967,6.752715861395593,2286.5,11785.626760478057,Low-cost nurture communication and continued monitoring,0
828,15737,2011-09-01,United Kingdom,Nurture / Monitor,Low-cost digital nurture,0.2926407251196159,Low,440.46500000000003,128.89799698981165,0.5,3.866939909694349,3.366939909694349,6.733879819388698,2287.0,11788.993700387751,Low-cost nurture communication and continued monitoring,0
829,16947,2011-09-01,United Kingdom,Nurture / Monitor,Low-cost digital nurture,0.634051782571264,Medium,203.24,128.8646842897837,0.5,3.865940528693511,3.365940528693511,6.731881057387022,2287.5,11792.359640916446,Low-cost nurture communication and continued monitoring,1
830,16143,2011-09-01,United Kingdom,Nurture / Monitor,Low-cost digital nurture,0.3496018822724048,Low,368.255,128.74264115622444,0.5,3.862279234686733,3.362279234686733,6.724558469373466,2288.0,11795.721920151133,Low-cost nurture communication and continued monitoring,1
831,16409,2011-09-01,United Kingdom,Nurture / Monitor,Low-cost digital nurture,0.33775518470253196,Low,380.905,128.65263862911792,0.5,3.8595791588735375,3.3595791588735375,6.719158317747075,2288.5,11799.081499310007,Low-cost nurture communication and continued monitoring,0
832,16969,2011-09-01,United Kingdom,Nurture / Monitor,Low-cost digital nurture,0.5369676562899666,Medium,239.48000000000002,128.5930143283212,0.5,3.857790429849636,3.357790429849636,6.715580859699272,2289.0,11802.439289739856,Low-cost nurture communication and continued monitoring,0
833,18237,2011-09-01,United Kingdom,Nurture / Monitor,Low-cost digital nurture,0.4518958398143712,Low,283.29499999999996,128.01983194021227,0.5,3.840594958206368,3.340594958206368,6.681189916412736,2289.5,11805.779884698062,Low-cost nurture communication and continued monitoring,0
834,16788,2011-09-01,United Kingdom,Nurture / Monitor,Low-cost digital nurture,0.43152127699405374,Low,296.37,127.8899608627277,0.5,3.836698825881831,3.336698825881831,6.673397651763662,2290.0,11809.116583523944,Low-cost nurture communication and continued monitoring,1
835,14262,2011-09-01,United Kingdom,Nurture / Monitor,Low-cost digital nurture,0.2984892313523933,Low,427.5,127.60414640314814,0.5,3.828124392094444,3.328124392094444,6.656248784188888,2290.5,11812.444707916038,Low-cost nurture communication and continued monitoring,0
836,17768,2011-09-01,United Kingdom,Nurture / Monitor,Low-cost digital nurture,0.6610512634702945,Medium,192.915,127.52670449237186,0.5,3.825801134771156,3.325801134771156,6.651602269542312,2291.0,11815.77050905081,Low-cost nurture communication and continued monitoring,0
837,13313,2011-09-01,United Kingdom,Nurture / Monitor,Low-cost digital nurture,0.41724669737382425,Low,305.52,127.47721098165077,0.5,3.824316329449523,3.324316329449523,6.648632658899046,2291.5,11819.09482538026,Low-cost nurture communication and continued monitoring,0
838,13995,2011-09-01,United Kingdom,Nurture / Monitor,Low-cost digital nurture,0.29237667427595365,Low,435.95,127.461611150602,0.5,3.82384833451806,3.32384833451806,6.64769666903612,2292.0,11822.418673714777,Low-cost nurture communication and continued monitoring,0
839,12689,2011-09-01,France,Nurture / Monitor,Low-cost digital nurture,0.5366081105301678,Medium,237.515,127.45247537257279,0.5,3.8235742611771837,3.3235742611771837,6.647148522354367,2292.5,11825.742247975955,Low-cost nurture communication and continued monitoring,0
840,16225,2011-09-01,United Kingdom,Nurture / Monitor,Low-cost digital nurture,0.2666617262589715,Low,476.82000000000005,127.1496443148028,0.5,3.814489329444084,3.314489329444084,6.628978658888168,2293.0,11829.0567373054,Low-cost nurture communication and continued monitoring,0
841,13485,2011-09-01,United Kingdom,Nurture / Monitor,Low-cost digital nurture,0.5595372250526696,Medium,227.12,127.0820945539623,0.5,3.812462836618869,3.312462836618869,6.624925673237738,2293.5,11832.369200142019,Low-cost nurture communication and continued monitoring,1
842,12733,2011-09-01,USA,Nurture / Monitor,Low-cost digital nurture,0.66190038980667,Medium,191.975,127.06832733313547,0.5,3.812049819994064,3.312049819994064,6.624099639988128,2294.0,11835.681249962012,Low-cost nurture communication and continued monitoring,1
843,14958,2011-09-01,United Kingdom,Nurture / Monitor,Low-cost digital nurture,0.5253196491668807,Low,241.86499999999998,127.05643694574758,0.5,3.811693108372427,3.311693108372427,6.623386216744854,2294.5,11838.992943070385,Low-cost nurture communication and continued monitoring,1
844,17041,2011-09-01,United Kingdom,Nurture / Monitor,Low-cost digital nurture,0.568394095089199,Medium,223.195,126.86272005343378,0.5,3.805881601603013,3.305881601603013,6.611763203206026,2295.0,11842.298824671989,Low-cost nurture communication and continued monitoring,0
845,15785,2011-09-01,United Kingdom,Nurture / Monitor,Low-cost digital nurture,0.3436782749446232,Low,368.625,126.68840410146173,0.5,3.800652123043852,3.300652123043852,6.601304246087704,2295.5,11845.599476795032,Low-cost nurture communication and continued monitoring,0
846,17966,2011-09-01,United Kingdom,Nurture / Monitor,Low-cost digital nurture,0.4253623958737486,Low,297.215,126.42408448961618,0.5,3.792722534688485,3.292722534688485,6.58544506937697,2296.0,11848.89219932972,Low-cost nurture communication and continued monitoring,0
847,17560,2011-09-01,United Kingdom,Nurture / Monitor,Low-cost digital nurture,0.4638222596346045,Low,271.865,126.09703861556176,0.5,3.7829111584668524,3.2829111584668524,6.565822316933705,2296.5,11852.175110488188,Low-cost nurture communication and continued monitoring,0
848,16016,2011-09-01,United Kingdom,Nurture / Monitor,Low-cost digital nurture,0.5891209831710464,Medium,214.02499999999998,126.0866184231832,0.5,3.7825985526954957,3.2825985526954957,6.565197105390991,2297.0,11855.457709040884,Low-cost nurture communication and continued monitoring,0
849,15755,2011-09-01,United Kingdom,Nurture / Monitor,Low-cost digital nurture,0.3036107244120554,Low,415.07500000000005,126.0212214353339,0.5,3.7806366430600167,3.2806366430600167,6.561273286120033,2297.5,11858.738345683943,Low-cost nurture communication and continued monitoring,0
850,14210,2011-09-01,United Kingdom,Nurture / Monitor,Low-cost digital nurture,0.27084387802355175,Low,464.225,125.73249927548332,0.5,3.7719749782644993,3.2719749782644993,6.543949956528999,2298.0,11862.010320662208,Low-cost nurture communication and continued monitoring,1
851,17337,2011-09-01,United Kingdom,Nurture / Monitor,Low-cost digital nurture,0.2536421158975454,Low,495.115,125.58201621261318,0.5,3.767460486378395,3.267460486378395,6.53492097275679,2298.5,11865.277781148587,Low-cost nurture communication and continued monitoring,1
852,17126,2011-09-01,United Kingdom,Nurture / Monitor,Low-cost digital nurture,0.5148290632917704,Low,243.89,125.56166024622986,0.5,3.7668498073868957,3.2668498073868957,6.533699614773791,2299.0,11868.544630955974,Low-cost nurture communication and continued monitoring,1
853,16305,2011-09-01,United Kingdom,Nurture / Monitor,Low-cost digital nurture,0.6947189366270882,Medium,180.60999999999999,125.47318714421839,0.5,3.7641956143265514,3.2641956143265514,6.528391228653103,2299.5,11871.8088265703,Low-cost nurture communication and continued monitoring,1
854,15532,2011-09-01,United Kingdom,Nurture / Monitor,Low-cost digital nurture,0.294929365773962,Low,425.395,125.46147755341457,0.5,3.763844326602437,3.263844326602437,6.527688653204874,2300.0,11875.072670896903,Low-cost nurture communication and continued monitoring,0
855,13510,2011-09-01,United Kingdom,Nurture / Monitor,Low-cost digital nurture,0.42811268541075076,Low,292.65999999999997,125.2914585123103,0.5,3.758743755369309,3.258743755369309,6.517487510738618,2300.5,11878.331414652272,Low-cost nurture communication and continued monitoring,0
856,18065,2011-09-01,United Kingdom,Nurture / Monitor,Low-cost digital nurture,0.3781346459894593,Low,331.05,125.1814745548105,0.5,3.755444236644315,3.255444236644315,6.51088847328863,2301.0,11881.586858888915,Low-cost nurture communication and continued monitoring,0
857,13636,2011-09-01,United Kingdom,Nurture / Monitor,Low-cost digital nurture,0.5076792144202853,Low,246.025,124.9017787277507,0.5,3.7470533618325206,3.2470533618325206,6.494106723665041,2301.5,11884.833912250748,Low-cost nurture communication and continued monitoring,0
858,12999,2011-09-01,United Kingdom,Nurture / Monitor,Low-cost digital nurture,0.5474618872379732,Medium,227.94,124.78846257702361,0.5,3.743653877310708,3.243653877310708,6.487307754621416,2302.0,11888.077566128059,Low-cost nurture communication and continued monitoring,1
859,14583,2011-09-01,United Kingdom,Nurture / Monitor,Low-cost digital nurture,0.3356834521376233,Low,370.86,124.49156505975898,0.5,3.7347469517927694,3.2347469517927694,6.469493903585539,2302.5,11891.312313079852,Low-cost nurture communication and continued monitoring,1
860,17265,2011-09-01,United Kingdom,Nurture / Monitor,Low-cost digital nurture,0.4524433006255225,Low,275.005,124.42416988852182,0.5,3.7327250966556544,3.2327250966556544,6.465450193311309,2303.0,11894.545038176508,Low-cost nurture communication and continued monitoring,1
861,14794,2011-09-01,United Kingdom,Nurture / Monitor,Low-cost digital nurture,0.4970865964627341,Low,250.21999999999997,124.38100816690532,0.5,3.7314302450071595,3.2314302450071595,6.462860490014319,2303.5,11897.776468421514,Low-cost nurture communication and continued monitoring,0
862,12393,2011-09-01,Australia,Nurture / Monitor,Low-cost digital nurture,0.5888385209047734,Medium,210.8,124.12716020672624,0.5,3.723814806201787,3.223814806201787,6.447629612403574,2304.0,11901.000283227717,Low-cost nurture communication and continued monitoring,0
863,12694,2011-09-01,France,Nurture / Monitor,Low-cost digital nurture,0.6435914759776862,Medium,192.75,124.05225699469901,0.5,3.7215677098409703,3.2215677098409703,6.443135419681941,2304.5,11904.221850937558,Low-cost nurture communication and continued monitoring,0
864,15561,2011-09-01,United Kingdom,Nurture / Monitor,Low-cost digital nurture,0.5513744207217931,Medium,224.835,123.96826788298435,0.5,3.7190480364895304,3.2190480364895304,6.438096072979061,2305.0,11907.440898974048,Low-cost nurture communication and continued monitoring,0
865,16384,2011-09-01,United Kingdom,Nurture / Monitor,Low-cost digital nurture,0.6056010187716542,Medium,204.55,123.87568838974187,0.5,3.716270651692256,3.216270651692256,6.432541303384512,2305.5,11910.65716962574,Low-cost nurture communication and continued monitoring,0
866,15747,2011-09-01,United Kingdom,Nurture / Monitor,Low-cost digital nurture,0.4711533637059052,Low,262.685,123.76492134508571,0.5,3.712947640352571,3.212947640352571,6.425895280705142,2306.0,11913.870117266093,Low-cost nurture communication and continued monitoring,0
867,17655,2011-09-01,United Kingdom,Nurture / Monitor,Low-cost digital nurture,0.40711295256146224,Low,303.315,123.48346520617991,0.5,3.7045039561853974,3.2045039561853974,6.409007912370795,2306.5,11917.074621222278,Low-cost nurture communication and continued monitoring,0
868,14071,2011-09-01,United Kingdom,Nurture / Monitor,Low-cost digital nurture,0.6905153936605977,Medium,178.405,123.19139880601892,0.5,3.6957419641805678,3.1957419641805678,6.3914839283611355,2307.0,11920.270363186459,Low-cost nurture communication and continued monitoring,0
869,13983,2011-09-01,United Kingdom,Nurture / Monitor,Low-cost digital nurture,0.3365596220919684,Low,365.56,123.03273545193996,0.5,3.6909820635581987,3.1909820635581987,6.381964127116397,2307.5,11923.461345250016,Low-cost nurture communication and continued monitoring,0
870,13397,2011-09-01,United Kingdom,Nurture / Monitor,Low-cost digital nurture,0.3923973515829198,Low,313.21,122.9027744892863,0.5,3.687083234678589,3.187083234678589,6.374166469357178,2308.0,11926.648428484696,Low-cost nurture communication and continued monitoring,0
871,13976,2011-09-01,United Kingdom,Nurture / Monitor,Low-cost digital nurture,0.6864814936083078,Medium,178.99,122.87332254095102,0.5,3.6861996762285307,3.1861996762285307,6.3723993524570615,2308.5,11929.834628160925,Low-cost nurture communication and continued monitoring,1
872,17092,2011-09-01,United Kingdom,Nurture / Monitor,Low-cost digital nurture,0.3901134740676158,Low,314.66,122.753105750116,0.5,3.68259317250348,3.18259317250348,6.36518634500696,2309.0,11933.017221333428,Low-cost nurture communication and continued monitoring,0
873,13477,2011-09-01,United Kingdom,Nurture / Monitor,Low-cost digital nurture,0.343406660573728,Low,357.075,122.62193332436392,0.5,3.6786579997309174,3.1786579997309174,6.357315999461835,2309.5,11936.19587933316,Low-cost nurture communication and continued monitoring,0
874,13157,2011-09-01,United Kingdom,Nurture / Monitor,Low-cost digital nurture,0.36174520522464215,Low,337.69,122.15773835230941,0.5,3.6647321505692823,3.1647321505692823,6.3294643011385645,2310.0,11939.36061148373,Low-cost nurture communication and continued monitoring,0
875,15120,2011-09-01,United Kingdom,Nurture / Monitor,Low-cost digital nurture,0.6801485486177371,Medium,179.41,122.02545110750822,0.5,3.6607635332252464,3.1607635332252464,6.321527066450493,2310.5,11942.521375016955,Low-cost nurture communication and continued monitoring,1
876,17656,2011-09-01,United Kingdom,Nurture / Monitor,Low-cost digital nurture,0.2629269554876972,Low,463.825,121.95209512908114,0.5,3.658562853872434,3.158562853872434,6.317125707744868,2311.0,11945.679937870827,Low-cost nurture communication and continued monitoring,0
877,15743,2011-09-01,United Kingdom,Nurture / Monitor,Low-cost digital nurture,0.5605929306135083,Medium,217.025,121.66268076639665,0.5,3.6498804229918993,3.1498804229918993,6.299760845983799,2311.5,11948.82981829382,Low-cost nurture communication and continued monitoring,0
878,17631,2011-09-01,United Kingdom,Nurture / Monitor,Low-cost digital nurture,0.5838232295479058,Medium,208.25,121.58118755335138,0.5,3.6474356266005414,3.1474356266005414,6.294871253201083,2312.0,11951.97725392042,Low-cost nurture communication and continued monitoring,1
879,12465,2011-09-01,Belgium,Nurture / Monitor,Low-cost digital nurture,0.5914672066142296,Medium,205.47,121.52876694302576,0.5,3.645863008290773,3.145863008290773,6.291726016581546,2312.5,11955.123116928711,Low-cost nurture communication and continued monitoring,0
880,13662,2011-09-01,United Kingdom,Nurture / Monitor,Low-cost digital nurture,0.47018822955888884,Low,258.22,121.4120046366963,0.5,3.6423601391008886,3.1423601391008886,6.284720278201777,2313.0,11958.265477067813,Low-cost nurture communication and continued monitoring,0
881,15628,2011-09-01,United Kingdom,Nurture / Monitor,Low-cost digital nurture,0.24376873737138555,Low,497.18500000000006,121.19815968999234,0.5,3.63594479069977,3.13594479069977,6.27188958139954,2313.5,11961.401421858513,Low-cost nurture communication and continued monitoring,0
882,15950,2011-09-01,United Kingdom,Nurture / Monitor,Low-cost digital nurture,0.3656843667817947,Low,331.28000000000003,121.14391702747297,0.5,3.634317510824189,3.134317510824189,6.268635021648378,2314.0,11964.535739369338,Low-cost nurture communication and continued monitoring,0
883,17071,2011-09-01,United Kingdom,Nurture / Monitor,Low-cost digital nurture,0.22126150125582342,Low,546.935,121.01565918935377,0.5,3.630469775680613,3.130469775680613,6.260939551361226,2314.5,11967.666209145018,Low-cost nurture communication and continued monitoring,0
884,12372,2011-09-01,Denmark,Nurture / Monitor,Low-cost digital nurture,0.5042529859768906,Low,239.85,120.94507868655721,0.5,3.628352360596716,3.128352360596716,6.256704721193432,2315.0,11970.794561505614,Low-cost nurture communication and continued monitoring,0
885,18218,2011-09-01,United Kingdom,Nurture / Monitor,Low-cost digital nurture,0.6856634760822617,Medium,176.35,120.91675400710686,0.5,3.6275026202132055,3.1275026202132055,6.255005240426411,2315.5,11973.922064125827,Low-cost nurture communication and continued monitoring,1
886,14998,2011-09-01,United Kingdom,Nurture / Monitor,Low-cost digital nurture,0.5828146402324951,Medium,207.435,120.89615489662762,0.5,3.6268846468988283,3.1268846468988283,6.253769293797657,2316.0,11977.048948772726,Low-cost nurture communication and continued monitoring,1
887,16153,2011-09-01,United Kingdom,Nurture / Monitor,Low-cost digital nurture,0.2971983705820274,Low,404.265,120.14689928334332,0.5,3.6044069785002995,3.1044069785002995,6.208813957000599,2316.5,11980.153355751227,Low-cost nurture communication and continued monitoring,0
888,16364,2011-09-01,United Kingdom,Nurture / Monitor,Low-cost digital nurture,0.6935085440932617,Medium,173.15,120.08100440974826,0.5,3.6024301322924477,3.1024301322924477,6.204860264584895,2317.0,11983.255785883519,Low-cost nurture communication and continued monitoring,0
889,16059,2011-09-01,United Kingdom,Nurture / Monitor,Low-cost digital nurture,0.3504218141345783,Low,342.55,120.0369924317998,0.5,3.601109772953994,3.101109772953994,6.202219545907988,2317.5,11986.356895656472,Low-cost nurture communication and continued monitoring,0
890,16062,2011-09-01,United Kingdom,Nurture / Monitor,Low-cost digital nurture,0.45218531829359404,Low,265.29,119.96024309010757,0.5,3.598807292703227,3.098807292703227,6.197614585406454,2318.0,11989.455702949175,Low-cost nurture communication and continued monitoring,1
891,12615,2011-09-01,France,Nurture / Monitor,Low-cost digital nurture,0.4127515567526005,Low,290.37,119.8506695342526,0.5,3.595520086027578,3.095520086027578,6.191040172055156,2318.5,11992.551223035203,Low-cost nurture communication and continued monitoring,0
892,17134,2011-09-01,United Kingdom,Nurture / Monitor,Low-cost digital nurture,0.5785033795773349,Medium,206.6,119.51879822067738,0.5,3.5855639466203213,3.0855639466203213,6.171127893240643,2319.0,11995.636786981824,Low-cost nurture communication and continued monitoring,1
893,12802,2011-09-01,Netherlands,Nurture / Monitor,Low-cost digital nurture,0.6004105324017015,Medium,198.79,119.35560973613424,0.5,3.580668292084027,3.080668292084027,6.161336584168054,2319.5,11998.717455273909,Low-cost nurture communication and continued monitoring,1
894,15942,2011-09-01,United Kingdom,Nurture / Monitor,Low-cost digital nurture,0.70666457214528,Medium,168.72,119.22844661235165,0.5,3.5768533983705493,3.0768533983705493,6.1537067967410986,2320.0,12001.794308672279,Low-cost nurture communication and continued monitoring,1
895,12463,2011-09-01,Belgium,Nurture / Monitor,Low-cost digital nurture,0.27143323214475096,Low,438.895,119.13068842217046,0.5,3.5739206526651137,3.0739206526651137,6.147841305330227,2320.5,12004.868229324944,Low-cost nurture communication and continued monitoring,0
896,16332,2011-09-01,United Kingdom,Nurture / Monitor,Low-cost digital nurture,0.4495375152156123,Low,264.735,119.00831409060513,0.5,3.570249422718154,3.070249422718154,6.140498845436308,2321.0,12007.938478747663,Low-cost nurture communication and continued monitoring,0
897,16983,2011-09-01,United Kingdom,Nurture / Monitor,Low-cost digital nurture,0.45163258049127886,Low,263.235,118.8855023256218,0.5,3.5665650697686537,3.0665650697686537,6.1331301395373075,2321.5,12011.005043817431,Low-cost nurture communication and continued monitoring,0
898,16906,2011-09-01,United Kingdom,Nurture / Monitor,Low-cost digital nurture,0.6047895027285038,Medium,196.495,118.83811333863737,0.5,3.565143400159121,3.065143400159121,6.130286800318242,2322.0,12014.07018721759,Low-cost nurture communication and continued monitoring,0
899,16464,2011-09-01,United Kingdom,Nurture / Monitor,Low-cost digital nurture,0.6246236487072658,Medium,190.165,118.7815561564172,0.5,3.563446684692516,3.063446684692516,6.126893369385032,2322.5,12017.133633902284,Low-cost nurture communication and continued monitoring,0
900,15057,2011-09-01,United Kingdom,Nurture / Monitor,Low-cost digital nurture,0.6615869273502493,Medium,179.25,118.58945672753218,0.5,3.5576837018259653,3.0576837018259653,6.1153674036519305,2323.0,12020.191317604109,Low-cost nurture communication and continued monitoring,1
901,13842,2011-09-01,United Kingdom,Nurture / Monitor,Low-cost digital nurture,0.18855915939114742,Low,628.87,118.57919856631088,0.5,3.5573759569893264,3.0573759569893264,6.114751913978653,2323.5,12023.248693561098,Low-cost nurture communication and continued monitoring,0
902,13764,2011-09-01,United Kingdom,Nurture / Monitor,Low-cost digital nurture,0.5341050681765636,Medium,221.70000000000002,118.41109361474415,0.5,3.5523328084423245,3.0523328084423245,6.104665616884649,2324.0,12026.30102636954,Low-cost nurture communication and continued monitoring,0
903,17469,2011-09-01,United Kingdom,Nurture / Monitor,Low-cost digital nurture,0.22530668707069018,Low,525.135,118.31642711486688,0.5,3.5494928134460064,3.0494928134460064,6.098985626892013,2324.5,12029.350519182986,Low-cost nurture communication and continued monitoring,0
904,17162,2011-09-01,United Kingdom,Nurture / Monitor,Low-cost digital nurture,0.22766000982613707,Low,519.625,118.29783260590648,0.5,3.5489349781771944,3.0489349781771944,6.097869956354389,2325.0,12032.399454161163,Low-cost nurture communication and continued monitoring,0
905,15563,2011-09-01,United Kingdom,Nurture / Monitor,Low-cost digital nurture,0.5081350338316737,Low,232.715,118.25064439813795,0.5,3.5475193319441383,3.0475193319441383,6.0950386638882765,2325.5,12035.446973493106,Low-cost nurture communication and continued monitoring,0
906,18069,2011-09-01,United Kingdom,Nurture / Monitor,Low-cost digital nurture,0.34202302601396445,Low,345.605,118.20486790555618,0.5,3.5461460371666855,3.0461460371666855,6.092292074333371,2326.0,12038.493119530272,Low-cost nurture communication and continued monitoring,0
907,14078,2011-09-01,United Kingdom,Nurture / Monitor,Low-cost digital nurture,0.3180232058379181,Low,371.53999999999996,118.15834189702008,0.5,3.544750256910602,3.044750256910602,6.089500513821204,2326.5,12041.537869787184,Low-cost nurture communication and continued monitoring,1
908,14002,2011-09-01,United Kingdom,Nurture / Monitor,Low-cost digital nurture,0.44583202065167454,Low,264.865,118.08529814990578,0.5,3.5425589444971735,3.0425589444971735,6.085117888994347,2327.0,12044.58042873168,Low-cost nurture communication and continued monitoring,1
909,14341,2011-09-01,United Kingdom,Nurture / Monitor,Low-cost digital nurture,0.29372026123485895,Low,401.94500000000005,118.0593904020454,0.5,3.5417817120613617,3.0417817120613617,6.083563424122723,2327.5,12047.622210443742,Low-cost nurture communication and continued monitoring,0
910,14662,2011-09-01,United Kingdom,Nurture / Monitor,Low-cost digital nurture,0.5673726557090139,Medium,207.665,117.82344254781236,0.5,3.534703276434371,3.034703276434371,6.069406552868742,2328.0,12050.656913720177,Low-cost nurture communication and continued monitoring,0
911,14342,2011-09-01,United Kingdom,Nurture / Monitor,Low-cost digital nurture,0.5612565267904689,Medium,209.87,117.79090727751571,0.5,3.5337272183254713,3.0337272183254713,6.067454436650943,2328.5,12053.690640938503,Low-cost nurture communication and continued monitoring,0
912,12854,2011-09-01,United Kingdom,Nurture / Monitor,Low-cost digital nurture,0.5594252599040114,Medium,210.23499999999999,117.61076951591983,0.5,3.5283230854775947,3.0283230854775947,6.056646170955189,2329.0,12056.718964023981,Low-cost nurture communication and continued monitoring,0
913,14196,2011-09-01,United Kingdom,Nurture / Monitor,Low-cost digital nurture,0.7009275797947925,Medium,167.76,117.58761078637438,0.5,3.5276283235912316,3.0276283235912316,6.055256647182463,2329.5,12059.746592347572,Low-cost nurture communication and continued monitoring,1
914,13875,2011-09-01,United Kingdom,Nurture / Monitor,Low-cost digital nurture,0.21690986734859255,Low,542.075,117.58141634298832,0.5,3.5274424902896495,3.0274424902896495,6.054884980579299,2330.0,12062.774034837861,Low-cost nurture communication and continued monitoring,0
915,14404,2011-09-01,United Kingdom,Nurture / Monitor,Low-cost digital nurture,0.252389378646328,Low,465.72,117.54278142316788,0.5,3.5262834426950365,3.0262834426950365,6.052566885390073,2330.5,12065.800318280557,Low-cost nurture communication and continued monitoring,0
916,12535,2011-09-01,France,Nurture / Monitor,Low-cost digital nurture,0.6326869248978761,Medium,185.725,117.50577912665804,0.5,3.525173373799741,3.025173373799741,6.050346747599482,2331.0,12068.825491654357,Low-cost nurture communication and continued monitoring,0
917,12888,2011-09-01,United Kingdom,Nurture / Monitor,Low-cost digital nurture,0.6624107288591126,Medium,177.06,117.28644365179447,0.5,3.518593309553834,3.018593309553834,6.037186619107668,2331.5,12071.844084963912,Low-cost nurture communication and continued monitoring,1
918,13717,2011-09-01,United Kingdom,Nurture / Monitor,Low-cost digital nurture,0.3565210892026574,Low,328.97,117.28474271499822,0.5,3.5185422814499465,3.0185422814499465,6.037084562899893,2332.0,12074.862627245362,Low-cost nurture communication and continued monitoring,0
919,12721,2011-09-01,France,Nurture / Monitor,Low-cost digital nurture,0.28171216578348846,Low,415.645,117.09225314707805,0.5,3.5127675944123413,3.0127675944123413,6.025535188824683,2332.5,12077.875394839775,Low-cost nurture communication and continued monitoring,0
920,12358,2011-09-01,Austria,Nurture / Monitor,Low-cost digital nurture,0.5775844286662721,Medium,202.43,116.92041589491348,0.5,3.507612476847404,3.007612476847404,6.015224953694808,2333.0,12080.883007316623,Low-cost nurture communication and continued monitoring,1
921,17929,2011-09-01,United Kingdom,Nurture / Monitor,Low-cost digital nurture,0.45716446358722973,Low,255.39999999999998,116.75980400017846,0.5,3.502794120005354,3.002794120005354,6.005588240010708,2333.5,12083.885801436629,Low-cost nurture communication and continued monitoring,0
922,14834,2011-09-01,United Kingdom,Nurture / Monitor,Low-cost digital nurture,0.5434641849589793,Medium,214.65,116.6545873014449,0.5,3.499637619043347,2.999637619043347,5.999275238086694,2334.0,12086.885439055672,Low-cost nurture communication and continued monitoring,0
923,12947,2011-09-01,United Kingdom,Nurture / Monitor,Low-cost digital nurture,0.23349281090799887,Low,499.145,116.54676910067309,0.5,3.4964030730201925,2.9964030730201925,5.992806146040385,2334.5,12089.881842128692,Low-cost nurture communication and continued monitoring,1
924,15620,2011-09-01,United Kingdom,Nurture / Monitor,Low-cost digital nurture,0.5172034862221729,Low,225.26,116.50525730640668,0.5,3.4951577191922003,2.9951577191922003,5.990315438384401,2335.0,12092.876999847884,Low-cost nurture communication and continued monitoring,0
925,16477,2011-09-01,United Kingdom,Nurture / Monitor,Low-cost digital nurture,0.22427067696593167,Low,518.775,116.3460204430012,0.5,3.4903806132900357,2.9903806132900357,5.980761226580071,2335.5,12095.867380461174,Low-cost nurture communication and continued monitoring,0
926,16484,2011-09-01,United Kingdom,Nurture / Monitor,Low-cost digital nurture,0.5754105095984637,Medium,202.15,116.31923451532944,0.5,3.489577035459883,2.989577035459883,5.979154070919766,2336.0,12098.856957496633,Low-cost nurture communication and continued monitoring,1
927,16657,2011-09-01,United Kingdom,Nurture / Monitor,Low-cost digital nurture,0.5605424355140863,Medium,207.395,116.25369841344394,0.5,3.487610952403318,2.987610952403318,5.975221904806636,2336.5,12101.844568449036,Low-cost nurture communication and continued monitoring,0
928,14628,2011-09-01,United Kingdom,Nurture / Monitor,Low-cost digital nurture,0.6989666215710978,Medium,165.79000000000002,115.88167619027232,0.5,3.4764502857081694,2.9764502857081694,5.952900571416339,2337.0,12104.821018734745,Low-cost nurture communication and continued monitoring,0
929,12727,2011-09-01,France,Nurture / Monitor,Low-cost digital nurture,0.3296377670995094,Low,351.54,115.88086064616155,0.5,3.4764258193848465,2.9764258193848465,5.952851638769693,2337.5,12107.79744455413,Low-cost nurture communication and continued monitoring,0
930,14304,2011-09-01,United Kingdom,Nurture / Monitor,Low-cost digital nurture,0.6039229180603886,Medium,191.725,115.787121465128,0.5,3.47361364395384,2.97361364395384,5.94722728790768,2338.0,12110.771058198083,Low-cost nurture communication and continued monitoring,1
931,17926,2011-09-01,United Kingdom,Nurture / Monitor,Low-cost digital nurture,0.5822861273142115,Medium,198.645,115.66822776033155,0.5,3.4700468328099463,2.9700468328099463,5.940093665619893,2338.5,12113.741105030893,Low-cost nurture communication and continued monitoring,1
932,13936,2011-09-01,United Kingdom,Nurture / Monitor,Low-cost digital nurture,0.6142869426899467,Medium,188.29,115.66408843909005,0.5,3.469922653172701,2.969922653172701,5.939845306345402,2339.0,12116.711027684065,Low-cost nurture communication and continued monitoring,1
933,16038,2011-09-01,United Kingdom,Nurture / Monitor,Low-cost digital nurture,0.5878008164052928,Medium,196.665,115.59984755834691,0.5,3.467995426750407,2.967995426750407,5.935990853500814,2339.5,12119.679023110815,Low-cost nurture communication and continued monitoring,1
934,15157,2011-09-01,United Kingdom,Nurture / Monitor,Low-cost digital nurture,0.5500336646861225,Medium,209.955,115.48231806917485,0.5,3.4644695420752454,2.9644695420752454,5.928939084150491,2340.0,12122.643492652891,Low-cost nurture communication and continued monitoring,1
935,17664,2011-09-01,United Kingdom,Nurture / Monitor,Low-cost digital nurture,0.7040628741154774,Medium,163.095,114.82913445386379,0.5,3.4448740336159136,2.9448740336159136,5.889748067231827,2340.5,12125.588366686507,Low-cost nurture communication and continued monitoring,0
936,17438,2011-09-01,United Kingdom,Nurture / Monitor,Low-cost digital nurture,0.5904198480934747,Medium,194.22500000000002,114.67429499595514,0.5,3.440228849878654,2.940228849878654,5.880457699757308,2341.0,12128.528595536385,Low-cost nurture communication and continued monitoring,1
937,13821,2011-09-01,United Kingdom,Nurture / Monitor,Low-cost digital nurture,0.5947025889353118,Medium,192.82,114.67055319850682,0.5,3.4401165959552045,2.9401165959552045,5.880233191910409,2341.5,12131.46871213234,Low-cost nurture communication and continued monitoring,1
938,18150,2011-09-01,United Kingdom,Nurture / Monitor,Low-cost digital nurture,0.5547161926851569,Medium,206.64,114.62655405646082,0.5,3.4387966216938244,2.9387966216938244,5.877593243387649,2342.0,12134.407508754035,Low-cost nurture communication and continued monitoring,0
939,15944,2011-09-01,United Kingdom,Nurture / Monitor,Low-cost digital nurture,0.7031128565154096,Medium,162.55,114.29099482657983,0.5,3.428729844797395,2.928729844797395,5.85745968959479,2342.5,12137.336238598833,Low-cost nurture communication and continued monitoring,1
940,13476,2011-09-01,United Kingdom,Nurture / Monitor,Low-cost digital nurture,0.4472059105660479,Low,255.435,114.23204176543845,0.5,3.4269612529631535,2.9269612529631535,5.853922505926307,2343.0,12140.263199851795,Low-cost nurture communication and continued monitoring,1
941,13925,2011-09-01,United Kingdom,Nurture / Monitor,Low-cost digital nurture,0.46039746817351784,Low,248.025,114.19008204373677,0.5,3.425702461312103,2.925702461312103,5.851404922624206,2343.5,12143.188902313108,Low-cost nurture communication and continued monitoring,0
942,13221,2011-09-01,United Kingdom,Nurture / Monitor,Low-cost digital nurture,0.6581744803790603,Medium,173.35,114.09454617371011,0.5,3.4228363852113035,2.9228363852113035,5.845672770422607,2344.0,12146.111738698319,Low-cost nurture communication and continued monitoring,1
943,13094,2011-09-01,United Kingdom,Nurture / Monitor,Low-cost digital nurture,0.22440028286322986,Low,508.38000000000005,114.08061580200881,0.5,3.422418474060264,2.922418474060264,5.844836948120528,2344.5,12149.034157172378,Low-cost nurture communication and continued monitoring,0
944,17700,2011-09-01,United Kingdom,Nurture / Monitor,Low-cost digital nurture,0.43551267668878413,Low,261.48,113.87785470058328,0.5,3.4163356410174983,2.9163356410174983,5.832671282034997,2345.0,12151.950492813396,Low-cost nurture communication and continued monitoring,0
945,17268,2011-09-01,United Kingdom,Nurture / Monitor,Low-cost digital nurture,0.2981960094336974,Low,381.82,113.85720032197433,0.5,3.41571600965923,2.91571600965923,5.83143201931846,2345.5,12154.866208823054,Low-cost nurture communication and continued monitoring,1
946,13630,2011-09-01,United Kingdom,Nurture / Monitor,Low-cost digital nurture,0.21394679658373186,Low,531.16,113.63998047341501,0.5,3.40919941420245,2.90919941420245,5.8183988284049,2346.0,12157.775408237256,Low-cost nurture communication and continued monitoring,0
947,15921,2011-09-01,United Kingdom,Nurture / Monitor,Low-cost digital nurture,0.7033458442657087,Medium,161.51500000000001,113.60090403657594,0.5,3.408027121097278,2.908027121097278,5.816054242194556,2346.5,12160.683435358353,Low-cost nurture communication and continued monitoring,1
948,12394,2011-09-01,Belgium,Nurture / Monitor,Low-cost digital nurture,0.6470508638091735,Medium,175.54,113.58330863306232,0.5,3.4074992589918693,2.9074992589918693,5.814998517983739,2347.0,12163.590934617345,Low-cost nurture communication and continued monitoring,0
949,12937,2011-09-01,United Kingdom,Nurture / Monitor,Low-cost digital nurture,0.5302415261576603,Low,214.115,113.53266437324744,0.5,3.405979931197423,2.905979931197423,5.811959862394846,2347.5,12166.496914548543,Low-cost nurture communication and continued monitoring,0
950,14129,2011-09-01,United Kingdom,Nurture / Monitor,Low-cost digital nurture,0.6321415216358683,Medium,179.45000000000002,113.43779605755658,0.5,3.4031338817266974,2.9031338817266974,5.806267763453395,2348.0,12169.400048430269,Low-cost nurture communication and continued monitoring,0
951,16980,2011-09-01,United Kingdom,Nurture / Monitor,Low-cost digital nurture,0.6542630142853176,Medium,173.3,113.38378037564556,0.5,3.4015134112693666,2.9015134112693666,5.803026822538733,2348.5,12172.301561841537,Low-cost nurture communication and continued monitoring,1
952,15829,2011-09-01,United Kingdom,Nurture / Monitor,Low-cost digital nurture,0.6965000045715031,Medium,162.72,113.33448074387498,0.5,3.4000344223162493,2.9000344223162493,5.800068844632499,2349.0,12175.201596263854,Low-cost nurture communication and continued monitoring,0
953,17754,2011-09-01,United Kingdom,Nurture / Monitor,Low-cost digital nurture,0.39394999277997017,Low,287.53,113.27244142402482,0.5,3.3981732427207443,2.8981732427207443,5.796346485441489,2349.5,12178.099769506574,Low-cost nurture communication and continued monitoring,0
954,14513,2011-09-01,United Kingdom,Nurture / Monitor,Low-cost digital nurture,0.5185414855238122,Low,218.42000000000002,113.25983126811107,0.5,3.397794938043332,2.897794938043332,5.795589876086664,2350.0,12180.997564444619,Low-cost nurture communication and continued monitoring,1
955,16833,2011-09-01,United Kingdom,Nurture / Monitor,Low-cost digital nurture,0.6260216786701145,Medium,180.905,113.25045177981707,0.5,3.397513553394512,2.897513553394512,5.795027106789024,2350.5,12183.895077998013,Low-cost nurture communication and continued monitoring,1
956,12624,2011-09-01,France,Nurture / Monitor,Low-cost digital nurture,0.39778591255467155,Low,284.565,113.19594820612011,0.5,3.395878446183603,2.895878446183603,5.791756892367206,2351.0,12186.790956444196,Low-cost nurture communication and continued monitoring,1
957,14818,2011-09-01,United Kingdom,Nurture / Monitor,Low-cost digital nurture,0.5520324639121825,Medium,204.815,113.06452909617366,0.5,3.3919358728852096,2.8919358728852096,5.783871745770419,2351.5,12189.682892317081,Low-cost nurture communication and continued monitoring,0
958,14224,2011-09-01,United Kingdom,Nurture / Monitor,Low-cost digital nurture,0.294624068025073,Low,382.715,112.75705019421581,0.5,3.382711505826474,2.882711505826474,5.765423011652948,2352.0,12192.565603822908,Low-cost nurture communication and continued monitoring,1
959,16283,2011-09-01,United Kingdom,Nurture / Monitor,Low-cost digital nurture,0.38569662795000637,Low,292.325,112.74876676548561,0.5,3.382463002964568,2.882463002964568,5.764926005929136,2352.5,12195.448066825873,Low-cost nurture communication and continued monitoring,0
960,17179,2011-09-01,United Kingdom,Nurture / Monitor,Low-cost digital nurture,0.480394350224358,Low,234.39499999999998,112.60203372083839,0.5,3.3780610116251517,2.8780610116251517,5.756122023250303,2353.0,12198.326127837498,Low-cost nurture communication and continued monitoring,1
961,17183,2011-09-01,United Kingdom,Nurture / Monitor,Low-cost digital nurture,0.682687960844171,Medium,164.835,112.53087002574894,0.5,3.375926100772468,2.875926100772468,5.751852201544936,2353.5,12201.20205393827,Low-cost nurture communication and continued monitoring,0
962,14696,2011-09-01,United Kingdom,Nurture / Monitor,Low-cost digital nurture,0.2581864160485828,Low,435.14500000000004,112.34852801146056,0.5,3.3704558403438165,2.8704558403438165,5.740911680687633,2354.0,12204.072509778614,Low-cost nurture communication and continued monitoring,0
963,17422,2011-09-01,United Kingdom,Nurture / Monitor,Low-cost digital nurture,0.23043895547005278,Low,487.46500000000003,112.33092542820928,0.5,3.3699277628462783,2.8699277628462783,5.7398555256925565,2354.5,12206.94243754146,Low-cost nurture communication and continued monitoring,0
964,12362,2011-09-01,Belgium,Nurture / Monitor,Low-cost digital nurture,0.1956126581012829,Low,574.125,112.30611733239904,0.5,3.3691835199719713,2.8691835199719713,5.738367039943943,2355.0,12209.811621061432,Low-cost nurture communication and continued monitoring,0
965,18161,2011-09-01,United Kingdom,Nurture / Monitor,Low-cost digital nurture,0.4779754553841081,Low,234.865,112.25970532878856,0.5,3.3677911598636565,2.8677911598636565,5.735582319727313,2355.5,12212.679412221296,Low-cost nurture communication and continued monitoring,0
966,12726,2011-09-01,France,Nurture / Monitor,Low-cost digital nurture,0.2665840566005623,Low,420.72999999999996,112.15991013355456,0.5,3.3647973040066366,2.8647973040066366,5.729594608013273,2356.0,12215.544209525302,Low-cost nurture communication and continued monitoring,0
967,16066,2011-09-01,United Kingdom,Nurture / Monitor,Low-cost digital nurture,0.7088461515467848,Medium,158.19,112.13237271318587,0.5,3.363971181395576,2.863971181395576,5.727942362791152,2356.5,12218.408180706698,Low-cost nurture communication and continued monitoring,0
968,17470,2011-09-01,United Kingdom,Nurture / Monitor,Low-cost digital nurture,0.35139931160935545,Low,319.03499999999997,112.1086793792907,0.5,3.363260381378721,2.863260381378721,5.726520762757442,2357.0,12221.271441088076,Low-cost nurture communication and continued monitoring,0
969,16696,2011-09-01,United Kingdom,Nurture / Monitor,Low-cost digital nurture,0.3406985763131936,Low,328.95000000000005,112.07279667822506,0.5,3.3621839003467517,2.8621839003467517,5.7243678006935035,2357.5,12224.133624988423,Low-cost nurture communication and continued monitoring,1
970,17779,2011-09-01,United Kingdom,Nurture / Monitor,Low-cost digital nurture,0.6927883320099912,Medium,161.545,111.91649109455403,0.5,3.3574947328366207,2.8574947328366207,5.714989465673241,2358.0,12226.991119721259,Low-cost nurture communication and continued monitoring,0
971,13110,2011-09-01,United Kingdom,Nurture / Monitor,Low-cost digital nurture,0.44553840678674267,Low,251.04500000000004,111.85018933177783,0.5,3.3555056799533345,2.8555056799533345,5.711011359906669,2358.5,12229.846625401213,Low-cost nurture communication and continued monitoring,0
972,15058,2011-09-01,United Kingdom,Nurture / Monitor,Low-cost digital nurture,0.2927286755162365,Low,382.095,111.85016327137639,0.5,3.3555048981412914,2.8555048981412914,5.711009796282583,2359.0,12232.702130299354,Low-cost nurture communication and continued monitoring,0
973,17277,2011-09-01,United Kingdom,Nurture / Monitor,Low-cost digital nurture,0.6416067847763591,Medium,174.16500000000002,111.7454456705746,0.5,3.3523633701172377,2.8523633701172377,5.7047267402344755,2359.5,12235.554493669471,Low-cost nurture communication and continued monitoring,1
974,16045,2011-09-01,United Kingdom,Nurture / Monitor,Low-cost digital nurture,0.3302260365688204,Low,338.125,111.65767861483239,0.5,3.3497303584449716,2.8497303584449716,5.699460716889943,2360.0,12238.404224027916,Low-cost nurture communication and continued monitoring,1
975,12729,2011-09-01,France,Nurture / Monitor,Low-cost digital nurture,0.535497673760601,Medium,208.505,111.6539424674541,0.5,3.349618274023623,2.849618274023623,5.699236548047246,2360.5,12241.25384230194,Low-cost nurture communication and continued monitoring,1
976,17637,2011-09-01,United Kingdom,Nurture / Monitor,Low-cost digital nurture,0.6584815350827361,Medium,169.475,111.5961581581467,0.5,3.3478847447444005,2.8478847447444005,5.695769489488801,2361.0,12244.101727046684,Low-cost nurture communication and continued monitoring,0
977,13659,2011-09-01,United Kingdom,Nurture / Monitor,Low-cost digital nurture,0.42284279737906755,Low,263.9,111.58821422833591,0.5,3.347646426850077,2.847646426850077,5.695292853700154,2361.5,12246.949373473533,Low-cost nurture communication and continued monitoring,1
978,13405,2011-09-01,United Kingdom,Nurture / Monitor,Low-cost digital nurture,0.5615406265033646,Medium,198.70000000000002,111.57812248621855,0.5,3.3473436745865564,2.8473436745865564,5.694687349173113,2362.0,12249.79671714812,Low-cost nurture communication and continued monitoring,1
979,16105,2011-09-01,United Kingdom,Nurture / Monitor,Low-cost digital nurture,0.6613900477074087,Medium,168.48,111.43099523774421,0.5,3.3429298571323263,2.8429298571323263,5.6858597142646525,2362.5,12252.639647005251,Low-cost nurture communication and continued monitoring,1
980,17491,2011-09-01,United Kingdom,Nurture / Monitor,Low-cost digital nurture,0.2169046670033323,Low,513.6949999999999,111.42284291627678,0.5,3.3426852874883033,2.8426852874883033,5.685370574976607,2363.0,12255.48233229274,Low-cost nurture communication and continued monitoring,0
981,18078,2011-09-01,United Kingdom,Nurture / Monitor,Low-cost digital nurture,0.6621388694229714,Medium,168.065,111.28236908957169,0.5,3.3384710726871507,2.8384710726871507,5.676942145374301,2363.5,12258.320803365428,Low-cost nurture communication and continued monitoring,1
982,12380,2011-09-01,Belgium,Nurture / Monitor,Low-cost digital nurture,0.39545415050109395,Low,281.27500000000003,111.23136618219522,0.5,3.3369409854658563,2.8369409854658563,5.6738819709317125,2364.0,12261.157744350894,Low-cost nurture communication and continued monitoring,0
983,14651,2011-09-01,United Kingdom,Nurture / Monitor,Low-cost digital nurture,0.5354224684843645,Medium,207.735,111.22598649059947,0.5,3.3367795947179837,2.8367795947179837,5.673559189435967,2364.5,12263.994523945612,Low-cost nurture communication and continued monitoring,0
984,16582,2011-09-01,United Kingdom,Nurture / Monitor,Low-cost digital nurture,0.7079192517842555,Medium,156.81,111.00881787228911,0.5,3.330264536168673,2.830264536168673,5.660529072337346,2365.0,12266.824788481781,Low-cost nurture communication and continued monitoring,1
985,12942,2011-09-01,United Kingdom,Nurture / Monitor,Low-cost digital nurture,0.5321286283324838,Medium,208.425,110.90890936019794,0.5,3.327267280805938,2.827267280805938,5.654534561611876,2365.5,12269.652055762586,Low-cost nurture communication and continued monitoring,1
986,14021,2011-09-01,United Kingdom,Nurture / Monitor,Low-cost digital nurture,0.3509720089254429,Low,315.95,110.88960621999368,0.5,3.32668818659981,2.82668818659981,5.65337637319962,2366.0,12272.478743949187,Low-cost nurture communication and continued monitoring,1
987,17673,2011-09-01,United Kingdom,Nurture / Monitor,Low-cost digital nurture,0.2863112894946885,Low,386.6,110.68794451864657,0.5,3.320638335559397,2.820638335559397,5.641276671118794,2366.5,12275.299382284746,Low-cost nurture communication and continued monitoring,0
988,14030,2011-09-01,United Kingdom,Nurture / Monitor,Low-cost digital nurture,0.3284592390524973,Low,336.885,110.65299074820055,0.5,3.3195897224460165,2.8195897224460165,5.639179444892033,2367.0,12278.118972007192,Low-cost nurture communication and continued monitoring,0
989,13200,2011-09-01,United Kingdom,Nurture / Monitor,Low-cost digital nurture,0.6926149175876688,Medium,159.66,110.5828977420472,0.5,3.3174869322614158,2.8174869322614158,5.6349738645228316,2367.5,12280.936458939454,Low-cost nurture communication and continued monitoring,0
990,17138,2011-09-01,United Kingdom,Nurture / Monitor,Low-cost digital nurture,0.5809110824289696,Medium,190.25,110.51833343211146,0.5,3.315550002963344,2.815550002963344,5.631100005926688,2368.0,12283.752008942416,Low-cost nurture communication and continued monitoring,1
991,15314,2011-09-01,United Kingdom,Nurture / Monitor,Low-cost digital nurture,0.6729444607901585,Medium,163.985,110.35279740267414,0.5,3.310583922080224,2.810583922080224,5.621167844160448,2368.5,12286.562592864497,Low-cost nurture communication and continued monitoring,1
992,12690,2011-09-01,France,Nurture / Monitor,Low-cost digital nurture,0.6585541555677747,Medium,167.505,110.3111138283801,0.5,3.309333414851403,2.809333414851403,5.618666829702806,2369.0,12289.371926279347,Low-cost nurture communication and continued monitoring,1
993,16474,2011-09-01,United Kingdom,Nurture / Monitor,Low-cost digital nurture,0.6453607935887243,Medium,170.675,110.14695344575553,0.5,3.3044086033726656,2.8044086033726656,5.608817206745331,2369.5,12292.17633488272,Low-cost nurture communication and continued monitoring,0
994,15021,2011-09-01,United Kingdom,Nurture / Monitor,Low-cost digital nurture,0.2496259080631833,Low,441.07,110.10249926942825,0.5,3.3030749780828472,2.8030749780828472,5.6061499561656944,2370.0,12294.979409860804,Low-cost nurture communication and continued monitoring,0
995,12379,2011-09-01,Belgium,Nurture / Monitor,Low-cost digital nurture,0.530765905648434,Medium,207.42,110.09146414959817,0.5,3.302743924487945,2.802743924487945,5.60548784897589,2370.5,12297.782153785292,Low-cost nurture communication and continued monitoring,0
996,16475,2011-09-01,United Kingdom,Nurture / Monitor,Low-cost digital nurture,0.4792136343259076,Low,229.65,110.05141112294467,0.5,3.30154233368834,2.80154233368834,5.60308466737668,2371.0,12300.583696118982,Low-cost nurture communication and continued monitoring,0
997,13239,2011-09-01,United Kingdom,Nurture / Monitor,Low-cost digital nurture,0.6674800054751839,Medium,164.78,109.98735530220081,0.5,3.2996206590660244,2.7996206590660244,5.599241318132049,2371.5,12303.383316778049,Low-cost nurture communication and continued monitoring,1
998,14465,2011-09-01,United Kingdom,Nurture / Monitor,Low-cost digital nurture,0.49829214007676376,Low,220.57,109.90829733673178,0.5,3.297248920101953,2.797248920101953,5.594497840203906,2372.0,12306.18056569815,Low-cost nurture communication and continued monitoring,1
999,13741,2011-09-01,United Kingdom,Nurture / Monitor,Low-cost digital nurture,0.6052352701267495,Medium,181.565,109.88954182056327,0.5,3.296686254616898,2.796686254616898,5.593372509233796,2372.5,12308.977251952767,Low-cost nurture communication and continued monitoring,0
1000,16147,2011-09-01,United Kingdom,Nurture / Monitor,Low-cost digital nurture,0.5854986746314345,Medium,187.5,109.78100149339396,0.5,3.2934300448018186,2.7934300448018186,5.586860089603637,2373.0,12311.770681997568,Low-cost nurture communication and continued monitoring,1
1001,15467,2011-09-01,United Kingdom,Nurture / Monitor,Low-cost digital nurture,0.5451168389130102,Medium,201.28,109.7211173364107,0.5,3.291633520092321,2.791633520092321,5.583267040184642,2373.5,12314.56231551766,Low-cost nurture communication and continued monitoring,1
1002,14732,2011-09-01,United Kingdom,Nurture / Monitor,Low-cost digital nurture,0.23231296033407045,Low,472.15999999999997,109.6888873513347,0.5,3.290666620540041,2.790666620540041,5.581333241080082,2374.0,12317.3529821382,Low-cost nurture communication and continued monitoring,0
1003,14024,2011-09-01,United Kingdom,Nurture / Monitor,Low-cost digital nurture,0.6684603812942187,Medium,163.85,109.52723347505773,0.5,3.2858170042517316,2.7858170042517316,5.571634008503463,2374.5,12320.13879914245,Low-cost nurture communication and continued monitoring,1
1004,12955,2011-09-01,United Kingdom,Nurture / Monitor,Low-cost digital nurture,0.16257173950278422,Low,673.46,109.48556368554507,0.5,3.284566910566352,2.784566910566352,5.569133821132704,2375.0,12322.923366053017,Low-cost nurture communication and continued monitoring,0
1005,15984,2011-09-01,United Kingdom,Nurture / Monitor,Low-cost digital nurture,0.17577353065680634,Low,622.185,109.36365417170505,0.5,3.2809096251511516,2.7809096251511516,5.561819250302303,2375.5,12325.704275678168,Low-cost nurture communication and continued monitoring,0
1006,15472,2011-09-01,United Kingdom,Nurture / Monitor,Low-cost digital nurture,0.5881631904579518,Medium,185.78,109.26895752327829,0.5,3.2780687256983487,2.7780687256983487,5.5561374513966975,2376.0,12328.482344403867,Low-cost nurture communication and continued monitoring,1
1007,14738,2011-09-01,United Kingdom,Nurture / Monitor,Low-cost digital nurture,0.3947639896073321,Low,276.44,109.12855728705088,0.5,3.273856718611526,2.773856718611526,5.547713437223052,2376.5,12331.256201122478,Low-cost nurture communication and continued monitoring,0
1008,14013,2011-09-01,United Kingdom,Nurture / Monitor,Low-cost digital nurture,0.460964777712057,Low,236.51,109.0227795766786,0.5,3.270683387300358,2.770683387300358,5.541366774600716,2377.0,12334.026884509778,Low-cost nurture communication and continued monitoring,1
1009,17921,2011-09-01,United Kingdom,Nurture / Monitor,Low-cost digital nurture,0.3659279728993269,Low,297.735,108.9495650111811,0.5,3.268486950335433,2.768486950335433,5.536973900670866,2377.5,12336.795371460114,Low-cost nurture communication and continued monitoring,0
1010,14339,2011-09-01,United Kingdom,Nurture / Monitor,Low-cost digital nurture,0.7035212275617454,Medium,154.76,108.87694517745571,0.5,3.2663083553236714,2.7663083553236714,5.532616710647343,2378.0,12339.561679815437,Low-cost nurture communication and continued monitoring,1
1011,16496,2011-09-01,United Kingdom,Nurture / Monitor,Low-cost digital nurture,0.4854419037684418,Low,224.17,108.8215115677716,0.5,3.264645347033148,2.764645347033148,5.529290694066296,2378.5,12342.32632516247,Low-cost nurture communication and continued monitoring,1
1012,17612,2011-09-01,United Kingdom,Nurture / Monitor,Low-cost digital nurture,0.21060355066044473,Low,516.705,108.8199076440051,0.5,3.264597229320153,2.764597229320153,5.529194458640306,2379.0,12345.09092239179,Low-cost nurture communication and continued monitoring,0
1013,17451,2011-09-01,United Kingdom,Nurture / Monitor,Low-cost digital nurture,0.628582723854123,Medium,173.005,108.74795414038253,0.5,3.262438624211476,2.762438624211476,5.524877248422952,2379.5,12347.853361016001,Low-cost nurture communication and continued monitoring,0
1014,17429,2011-09-01,United Kingdom,Nurture / Monitor,Low-cost digital nurture,0.4139873417812901,Low,262.46000000000004,108.65511772391741,0.5,3.259653531717522,2.759653531717522,5.519307063435044,2380.0,12350.613014547718,Low-cost nurture communication and continued monitoring,1
1015,16096,2011-09-01,United Kingdom,Nurture / Monitor,Low-cost digital nurture,0.6773455593867952,Medium,160.31,108.58526662529714,0.5,3.257557998758914,2.757557998758914,5.515115997517828,2380.5,12353.370572546477,Low-cost nurture communication and continued monitoring,1
1016,16255,2011-09-01,United Kingdom,Nurture / Monitor,Low-cost digital nurture,0.2400654121548254,Low,452.27,108.57438395526289,0.5,3.2572315186578864,2.7572315186578864,5.514463037315773,2381.0,12356.127804065134,Low-cost nurture communication and continued monitoring,0
1017,17861,2011-09-01,United Kingdom,Nurture / Monitor,Low-cost digital nurture,0.205202370428757,Low,528.8149999999999,108.51409151828312,0.5,3.2554227455484934,2.7554227455484934,5.510845491096987,2381.5,12358.883226810683,Low-cost nurture communication and continued monitoring,0
1018,16817,2011-09-01,United Kingdom,Nurture / Monitor,Low-cost digital nurture,0.26722099684684447,Low,406.065,108.5090940846139,0.5,3.255272822538417,2.755272822538417,5.510545645076834,2382.0,12361.638499633222,Low-cost nurture communication and continued monitoring,0
1019,16774,2011-09-01,United Kingdom,Nurture / Monitor,Low-cost digital nurture,0.39967362055046146,Low,271.1,108.35151853123011,0.5,3.2505455559369034,2.7505455559369034,5.501091111873807,2382.5,12364.389045189158,Low-cost nurture communication and continued monitoring,0
1020,14116,2011-09-01,United Kingdom,Nurture / Monitor,Low-cost digital nurture,0.6765753093503929,Medium,159.985,108.24190086642261,0.5,3.247257025992678,2.747257025992678,5.494514051985356,2383.0,12367.13630221515,Low-cost nurture communication and continued monitoring,0
1021,14862,2011-09-01,United Kingdom,Nurture / Monitor,Low-cost digital nurture,0.7107750696151427,Medium,152.04999999999998,108.07334933498244,0.5,3.242200480049473,2.742200480049473,5.484400960098946,2383.5,12369.878502695201,Low-cost nurture communication and continued monitoring,0
1022,15969,2011-09-01,United Kingdom,Nurture / Monitor,Low-cost digital nurture,0.6994218603072034,Medium,154.35,107.95576413841685,0.5,3.2386729241525054,2.7386729241525054,5.477345848305011,2384.0,12372.617175619353,Low-cost nurture communication and continued monitoring,0
1023,13343,2011-09-01,United Kingdom,Nurture / Monitor,Low-cost digital nurture,0.7114856093684526,Medium,151.715,107.94303922533479,0.5,3.2382911767600433,2.7382911767600433,5.476582353520087,2384.5,12375.355466796113,Low-cost nurture communication and continued monitoring,1
1024,14948,2011-09-01,United Kingdom,Nurture / Monitor,Low-cost digital nurture,0.3876702398794084,Low,278.435,107.94096324082308,0.5,3.238228897224692,2.738228897224692,5.476457794449384,2385.0,12378.093695693336,Low-cost nurture communication and continued monitoring,0
1025,13300,2011-09-01,United Kingdom,Nurture / Monitor,Low-cost digital nurture,0.5793439332082347,Medium,185.945,107.7261076604052,0.5,3.231783229812156,2.731783229812156,5.463566459624312,2385.5,12380.825478923149,Low-cost nurture communication and continued monitoring,1
1026,15971,2011-09-01,United Kingdom,Nurture / Monitor,Low-cost digital nurture,0.17579067469416051,Low,612.75,107.71573591884686,0.5,3.2314720775654058,2.7314720775654058,5.4629441551308116,2386.0,12383.556951000714,Low-cost nurture communication and continued monitoring,0
1027,18219,2011-09-01,United Kingdom,Nurture / Monitor,Low-cost digital nurture,0.24359325045212632,Low,441.38,107.51718888455952,0.5,3.2255156665367855,2.7255156665367855,5.451031333073571,2386.5,12386.28246666725,Low-cost nurture communication and continued monitoring,0
1028,13563,2011-09-01,United Kingdom,Nurture / Monitor,Low-cost digital nurture,0.6898186192081731,Medium,155.44,107.22540616971843,0.5,3.2167621850915524,2.7167621850915524,5.433524370183105,2387.0,12388.99922885234,Low-cost nurture communication and continued monitoring,0
1029,13720,2011-09-01,United Kingdom,Nurture / Monitor,Low-cost digital nurture,0.26785168054973707,Low,399.95,107.12727963586734,0.5,3.21381838907602,2.71381838907602,5.42763677815204,2387.5,12391.713047241417,Low-cost nurture communication and continued monitoring,1
1030,14643,2011-09-01,United Kingdom,Nurture / Monitor,Low-cost digital nurture,0.6373142006233359,Medium,167.935,107.02736028167992,0.5,3.2108208084503973,2.7108208084503973,5.421641616900795,2388.0,12394.423868049867,Low-cost nurture communication and continued monitoring,1
1031,16239,2011-09-01,United Kingdom,Nurture / Monitor,Low-cost digital nurture,0.6149740223026928,Medium,173.95,106.97473117955342,0.5,3.2092419353866024,2.7092419353866024,5.418483870773205,2388.5,12397.133109985254,Low-cost nurture communication and continued monitoring,0
1032,14220,2011-09-01,United Kingdom,Nurture / Monitor,Low-cost digital nurture,0.669618732606975,Medium,159.71,106.94480778465999,0.5,3.2083442335397994,2.7083442335397994,5.416688467079599,2389.0,12399.841454218795,Low-cost nurture communication and continued monitoring,1
1033,17105,2011-09-01,United Kingdom,Nurture / Monitor,Low-cost digital nurture,0.6164787508282721,Medium,173.19,106.76795485594845,0.5,3.203038645678453,2.703038645678453,5.406077291356906,2389.5,12402.544492864474,Low-cost nurture communication and continued monitoring,1
1034,16261,2011-09-01,United Kingdom,Nurture / Monitor,Low-cost digital nurture,0.5208271508050093,Low,204.995,106.76696177927289,0.5,3.2030088533781864,2.7030088533781864,5.406017706756373,2390.0,12405.247501717851,Low-cost nurture communication and continued monitoring,0
1035,15384,2011-09-01,United Kingdom,Nurture / Monitor,Low-cost digital nurture,0.6299924224984988,Medium,169.42,106.73331621969567,0.5,3.20199948659087,2.70199948659087,5.40399897318174,2390.5,12407.949501204443,Low-cost nurture communication and continued monitoring,1
1036,15839,2011-09-01,United Kingdom,Nurture / Monitor,Low-cost digital nurture,0.7134229148814679,Medium,149.59,106.72093383711879,0.5,3.2016280151135637,2.7016280151135637,5.403256030227127,2391.0,12410.651129219556,Low-cost nurture communication and continued monitoring,0
1037,15312,2011-09-01,United Kingdom,Nurture / Monitor,Low-cost digital nurture,0.4219608261179158,Low,252.52999999999997,106.55776741955727,0.5,3.196733022586718,2.696733022586718,5.393466045173436,2391.5,12413.347862242143,Low-cost nurture communication and continued monitoring,0
1038,15570,2011-09-01,United Kingdom,Nurture / Monitor,Low-cost digital nurture,0.25254610840203134,Low,421.295,106.3964127392338,0.5,3.1918923821770138,2.6918923821770138,5.3837847643540275,2392.0,12416.03975462432,Low-cost nurture communication and continued monitoring,0
1039,13549,2011-09-01,United Kingdom,Nurture / Monitor,Low-cost digital nurture,0.2790558157064289,Low,381.025,106.32724217954207,0.5,3.189817265386262,2.689817265386262,5.379634530772524,2392.5,12418.729571889706,Low-cost nurture communication and continued monitoring,0
1040,13601,2011-09-01,United Kingdom,Nurture / Monitor,Low-cost digital nurture,0.5698012891997255,Medium,186.6,106.32492056466877,0.5,3.189747616940063,2.689747616940063,5.379495233880126,2393.0,12421.419319506645,Low-cost nurture communication and continued monitoring,0
1041,14477,2011-09-01,United Kingdom,Nurture / Monitor,Low-cost digital nurture,0.5931368550864748,Medium,179.0,106.171497060479,0.5,3.18514491181437,2.68514491181437,5.37028982362874,2393.5,12424.10446441846,Low-cost nurture communication and continued monitoring,0
1042,17827,2011-09-01,United Kingdom,Nurture / Monitor,Low-cost digital nurture,0.6859529268379284,Medium,154.755,106.15464519280361,0.5,3.184639355784108,2.684639355784108,5.369278711568216,2394.0,12426.789103774245,Low-cost nurture communication and continued monitoring,1
1043,16567,2011-09-01,United Kingdom,Nurture / Monitor,Low-cost digital nurture,0.6885843210339339,Medium,154.01999999999998,106.05575712564648,0.5,3.181672713769394,2.681672713769394,5.363345427538788,2394.5,12429.470776488015,Low-cost nurture communication and continued monitoring,1
1044,13052,2011-09-01,United Kingdom,Nurture / Monitor,Low-cost digital nurture,0.6090431734643259,Medium,174.07500000000002,106.01919042080254,0.5,3.1805757126240763,2.6805757126240763,5.361151425248153,2395.0,12432.151352200639,Low-cost nurture communication and continued monitoring,1
1045,16503,2011-09-01,United Kingdom,Nurture / Monitor,Low-cost digital nurture,0.3592492946033613,Low,295.07,106.00368935861381,0.5,3.180110680758414,2.680110680758414,5.360221361516828,2395.5,12434.831462881397,Low-cost nurture communication and continued monitoring,1
1046,16869,2011-09-01,United Kingdom,Nurture / Monitor,Low-cost digital nurture,0.5468084851194672,Medium,193.84,105.99335675555753,0.5,3.179800702666726,2.679800702666726,5.359601405333452,2396.0,12437.511263584063,Low-cost nurture communication and continued monitoring,0
1047,15246,2011-09-01,United Kingdom,Nurture / Monitor,Low-cost digital nurture,0.6454597337966841,Medium,164.07500000000002,105.90380582269096,0.5,3.1771141746807285,2.6771141746807285,5.354228349361457,2396.5,12440.188377758745,Low-cost nurture communication and continued monitoring,1
1048,16625,2011-09-01,United Kingdom,Nurture / Monitor,Low-cost digital nurture,0.6356243212548478,Medium,166.54,105.85687446178235,0.5,3.1757062338534703,2.6757062338534703,5.351412467706941,2397.0,12442.864083992597,Low-cost nurture communication and continued monitoring,1
1049,15658,2011-09-01,United Kingdom,Nurture / Monitor,Low-cost digital nurture,0.4725532079490728,Low,223.85,105.78103559939994,0.5,3.173431067981998,2.673431067981998,5.346862135963996,2397.5,12445.53751506058,Low-cost nurture communication and continued monitoring,1
1050,17886,2011-09-01,United Kingdom,Nurture / Monitor,Low-cost digital nurture,0.559600702626477,Medium,188.85500000000002,105.68339069452333,0.5,3.1705017208357,2.6705017208357,5.3410034416714,2398.0,12448.208016781415,Low-cost nurture communication and continued monitoring,0
1051,12982,2011-09-01,United Kingdom,Nurture / Monitor,Low-cost digital nurture,0.5407145657460619,Medium,195.27,105.58533325323351,0.5,3.1675599975970052,2.6675599975970052,5.3351199951940105,2398.5,12450.875576779012,Low-cost nurture communication and continued monitoring,1
1052,16728,2011-09-01,United Kingdom,Nurture / Monitor,Low-cost digital nurture,0.38467019276929676,Low,274.155,105.45925669866654,0.5,3.163777700959996,2.663777700959996,5.327555401919992,2399.0,12453.539354479972,Low-cost nurture communication and continued monitoring,0
1053,15079,2011-09-01,United Kingdom,Nurture / Monitor,Low-cost digital nurture,0.5449441621952035,Medium,193.185,105.27503797368038,0.5,3.1582511392104116,2.6582511392104116,5.316502278420823,2399.5,12456.197605619182,Low-cost nurture communication and continued monitoring,1
1054,13769,2011-09-01,United Kingdom,Nurture / Monitor,Low-cost digital nurture,0.19001197285890745,Low,551.96,104.87900853920256,0.5,3.1463702561760765,2.6463702561760765,5.292740512352153,2400.0,12458.843975875358,Low-cost nurture communication and continued monitoring,0
1055,12556,2011-09-01,Spain,Nurture / Monitor,Low-cost digital nurture,0.6786614762848027,Medium,154.375,104.76836540146641,0.5,3.143050962043992,2.643050962043992,5.286101924087984,2400.5,12461.487026837402,Low-cost nurture communication and continued monitoring,0
1056,17064,2011-09-01,United Kingdom,Nurture / Monitor,Low-cost digital nurture,0.6665821042054321,Medium,156.72500000000002,104.47008028159635,0.5,3.1341024084478906,2.6341024084478906,5.268204816895781,2401.0,12464.12112924585,Low-cost nurture communication and continued monitoring,0
1057,14500,2011-09-01,United Kingdom,Nurture / Monitor,Low-cost digital nurture,0.6215859949380438,Medium,167.925,104.37982819997102,0.5,3.1313948459991305,2.6313948459991305,5.262789691998261,2401.5,12466.75252409185,Low-cost nurture communication and continued monitoring,0
1058,14441,2011-09-01,United Kingdom,Nurture / Monitor,Low-cost digital nurture,0.585013765278236,Medium,178.42000000000002,104.37815600094288,0.5,3.1313446800282865,2.6313446800282865,5.262689360056573,2402.0,12469.383868771878,Low-cost nurture communication and continued monitoring,0
1059,12468,2011-09-01,Germany,Nurture / Monitor,Low-cost digital nurture,0.44068486441837523,Low,236.47500000000002,104.2109533133353,0.5,3.126328599400059,2.626328599400059,5.252657198800118,2402.5,12472.010197371279,Low-cost nurture communication and continued monitoring,1
1060,16369,2011-09-01,United Kingdom,Nurture / Monitor,Low-cost digital nurture,0.5879006332548226,Medium,177.225,104.19068972858592,0.5,3.1257206918575777,2.6257206918575777,5.2514413837151555,2403.0,12474.635918063137,Low-cost nurture communication and continued monitoring,0
1061,13994,2011-09-01,United Kingdom,Nurture / Monitor,Low-cost digital nurture,0.49606882908045746,Low,209.78,104.06531896449837,0.5,3.121959568934951,2.621959568934951,5.243919137869902,2403.5,12477.257877632072,Low-cost nurture communication and continued monitoring,0
1062,16780,2011-09-01,United Kingdom,Nurture / Monitor,Low-cost digital nurture,0.4928717269389561,Low,211.12,104.05507899135242,0.5,3.1216523697405725,2.6216523697405725,5.243304739481145,2404.0,12479.879530001812,Low-cost nurture communication and continued monitoring,1
1063,16242,2011-09-01,United Kingdom,Nurture / Monitor,Low-cost digital nurture,0.24578323639538238,Low,423.295,104.03881504998338,0.5,3.1211644514995016,2.6211644514995016,5.242328902999003,2404.5,12482.50069445331,Low-cost nurture communication and continued monitoring,0
1064,15210,2011-09-01,United Kingdom,Nurture / Monitor,Low-cost digital nurture,0.6281268146321246,Medium,165.59,104.01151923493352,0.5,3.1203455770480053,2.6203455770480053,5.240691154096011,2405.0,12485.121040030359,Low-cost nurture communication and continued monitoring,1
1065,14847,2011-09-01,United Kingdom,Nurture / Monitor,Low-cost digital nurture,0.6720696380057217,Medium,154.7,103.96917299948514,0.5,3.119075189984554,2.619075189984554,5.238150379969108,2405.5,12487.740115220344,Low-cost nurture communication and continued monitoring,1
1066,13652,2011-09-01,United Kingdom,Nurture / Monitor,Low-cost digital nurture,0.6307019501217287,Medium,164.72,103.88922522405115,0.5,3.1166767567215343,2.6166767567215343,5.233353513443069,2406.0,12490.356791977065,Low-cost nurture communication and continued monitoring,0
1067,17750,2011-09-01,United Kingdom,Nurture / Monitor,Low-cost digital nurture,0.20668123275677497,Low,502.13,103.78084740415942,0.5,3.1134254221247826,2.6134254221247826,5.226850844249565,2406.5,12492.97021739919,Low-cost nurture communication and continued monitoring,0
1068,16710,2011-09-01,United Kingdom,Nurture / Monitor,Low-cost digital nurture,0.15759249443805146,Low,657.58,103.62967249257389,0.5,3.1088901747772164,2.6088901747772164,5.217780349554433,2407.0,12495.579107573967,Low-cost nurture communication and continued monitoring,0
1069,16957,2011-09-01,United Kingdom,Nurture / Monitor,Low-cost digital nurture,0.6849684255200147,Medium,150.9,103.36173541097023,0.5,3.1008520623291065,2.6008520623291065,5.201704124658213,2407.5,12498.179959636296,Low-cost nurture communication and continued monitoring,1
1070,16735,2011-09-01,United Kingdom,Nurture / Monitor,Low-cost digital nurture,0.4724044768603011,Low,218.78,103.35265144749668,0.5,3.1005795434249004,2.6005795434249004,5.201159086849801,2408.0,12500.780539179721,Low-cost nurture communication and continued monitoring,0
1071,13740,2011-09-01,United Kingdom,Nurture / Monitor,Low-cost digital nurture,0.5867928594344991,Medium,175.375,102.90879772332528,0.5,3.0872639316997583,2.5872639316997583,5.174527863399517,2408.5,12503.367803111421,Low-cost nurture communication and continued monitoring,1
1072,16929,2011-09-01,United Kingdom,Nurture / Monitor,Low-cost digital nurture,0.47818432216303064,Low,214.44,102.5418460446403,0.5,3.076255381339209,2.576255381339209,5.152510762678418,2409.0,12505.94405849276,Low-cost nurture communication and continued monitoring,0
1073,15898,2011-09-01,United Kingdom,Nurture / Monitor,Low-cost digital nurture,0.4258472598886425,Low,240.65,102.48014309220183,0.5,3.074404292766055,2.574404292766055,5.14880858553211,2409.5,12508.518462785525,Low-cost nurture communication and continued monitoring,1
1074,16943,2011-09-01,United Kingdom,Nurture / Monitor,Low-cost digital nurture,0.559961486563882,Medium,182.85,102.38895781820582,0.5,3.071668734546175,2.571668734546175,5.14333746909235,2410.0,12511.090131520072,Low-cost nurture communication and continued monitoring,1
1075,14978,2011-09-01,United Kingdom,Nurture / Monitor,Low-cost digital nurture,0.518467399730833,Low,197.41500000000002,102.3532417178624,0.5,3.070597251535872,2.570597251535872,5.141194503071744,2410.5,12513.660728771607,Low-cost nurture communication and continued monitoring,0
1076,16042,2011-09-01,United Kingdom,Nurture / Monitor,Low-cost digital nurture,0.4925157524845995,Low,207.765,102.3275353149628,0.5,3.069826059448884,2.569826059448884,5.139652118897768,2411.0,12516.230554831056,Low-cost nurture communication and continued monitoring,0
1077,16229,2011-09-01,United Kingdom,Nurture / Monitor,Low-cost digital nurture,0.5712215949638788,Medium,179.1,102.3057876580307,0.5,3.069173629740921,2.569173629740921,5.138347259481842,2411.5,12518.799728460797,Low-cost nurture communication and continued monitoring,0
1078,14466,2011-09-01,United Kingdom,Nurture / Monitor,Low-cost digital nurture,0.37544997634595023,Low,272.4,102.27257355663683,0.5,3.068177206699105,2.568177206699105,5.13635441339821,2412.0,12521.367905667496,Low-cost nurture communication and continued monitoring,0
1079,17736,2011-09-01,United Kingdom,Nurture / Monitor,Low-cost digital nurture,0.6621358940862281,Medium,153.745,101.80008303628713,0.5,3.054002491088614,2.554002491088614,5.108004982177228,2412.5,12523.921908158583,Low-cost nurture communication and continued monitoring,0
1080,12399,2011-09-01,Belgium,Nurture / Monitor,Low-cost digital nurture,0.19675787414540655,Low,516.825,101.68938830519974,0.5,3.050681649155992,2.550681649155992,5.101363298311984,2413.0,12526.47258980774,Low-cost nurture communication and continued monitoring,1
1081,14206,2011-09-01,United Kingdom,Nurture / Monitor,Low-cost digital nurture,0.619388204406828,Medium,164.07999999999998,101.62921657907232,0.5,3.0488764973721696,2.5488764973721696,5.097752994744339,2413.5,12529.021466305112,Low-cost nurture communication and continued monitoring,1
1082,13395,2011-09-01,United Kingdom,Nurture / Monitor,Low-cost digital nurture,0.6599075149221809,Medium,153.86,101.53337024592676,0.5,3.0460011073778026,2.5460011073778026,5.092002214755605,2414.0,12531.56746741249,Low-cost nurture communication and continued monitoring,1
1083,18116,2011-09-01,United Kingdom,Nurture / Monitor,Low-cost digital nurture,0.48721108827501924,Low,208.115,101.39593563635563,0.5,3.041878069090669,2.541878069090669,5.083756138181338,2414.5,12534.10934548158,Low-cost nurture communication and continued monitoring,0
1084,12701,2011-09-01,Germany,Nurture / Monitor,Low-cost digital nurture,0.6719569766431199,Medium,150.54,101.15640326385527,0.5,3.034692097915658,2.534692097915658,5.069384195831316,2415.0,12536.644037579495,Low-cost nurture communication and continued monitoring,0
1085,15421,2011-09-01,United Kingdom,Nurture / Monitor,Low-cost digital nurture,0.45519893259143523,Low,222.15,101.12244287518735,0.5,3.0336732862556204,2.5336732862556204,5.067346572511241,2415.5,12539.177710865752,Low-cost nurture communication and continued monitoring,0
1086,14312,2011-09-01,United Kingdom,Nurture / Monitor,Low-cost digital nurture,0.4833763395176267,Low,209.11,101.07882635653093,0.5,3.0323647906959277,2.5323647906959277,5.064729581391855,2416.0,12541.710075656447,Low-cost nurture communication and continued monitoring,0
1087,13479,2011-09-01,United Kingdom,Nurture / Monitor,Low-cost digital nurture,0.6706852655134323,Medium,150.475,100.92136532813373,0.5,3.0276409598440117,2.5276409598440117,5.055281919688023,2416.5,12544.237716616291,Low-cost nurture communication and continued monitoring,1
1088,15605,2011-09-01,United Kingdom,Nurture / Monitor,Low-cost digital nurture,0.6450755178270732,Medium,156.29,100.81885268119326,0.5,3.0245655804357976,2.5245655804357976,5.049131160871595,2417.0,12546.762282196727,Low-cost nurture communication and continued monitoring,0
1089,15411,2011-09-01,United Kingdom,Nurture / Monitor,Low-cost digital nurture,0.5274505839801211,Low,191.10500000000002,100.79844385152106,0.5,3.0239533155456315,2.5239533155456315,5.047906631091263,2417.5,12549.286235512272,Low-cost nurture communication and continued monitoring,0
1090,16043,2011-09-01,United Kingdom,Nurture / Monitor,Low-cost digital nurture,0.5463291228506361,Medium,184.32000000000002,100.69938392382925,0.5,3.020981517714877,2.520981517714877,5.041963035429754,2418.0,12551.807217029987,Low-cost nurture communication and continued monitoring,0
1091,14898,2011-09-01,United Kingdom,Nurture / Monitor,Low-cost digital nurture,0.3547615877331442,Low,283.565,100.59796962554904,0.5,3.017939088766471,2.517939088766471,5.035878177532942,2418.5,12554.325156118754,Low-cost nurture communication and continued monitoring,0
1092,16200,2011-09-01,United Kingdom,Nurture / Monitor,Low-cost digital nurture,0.3648877772601493,Low,275.285,100.44813176306022,0.5,3.0134439528918064,2.5134439528918064,5.026887905783613,2419.0,12556.838600071645,Low-cost nurture communication and continued monitoring,1
1093,16057,2011-09-01,United Kingdom,Nurture / Monitor,Low-cost digital nurture,0.5348073856820466,Medium,187.77999999999997,100.42613088337468,0.5,3.0127839265012404,2.5127839265012404,5.025567853002481,2419.5,12559.351383998146,Low-cost nurture communication and continued monitoring,0
1094,17802,2011-09-01,United Kingdom,Nurture / Monitor,Low-cost digital nurture,0.3772644554130952,Low,266.11,100.39384422997877,0.5,3.011815326899363,2.511815326899363,5.023630653798726,2420.0,12561.863199325046,Low-cost nurture communication and continued monitoring,0
1095,17512,2011-09-01,United Kingdom,Nurture / Monitor,Low-cost digital nurture,0.16182477517587704,Low,620.345,100.38719015647945,0.5,3.0116157046943832,2.5116157046943832,5.0232314093887664,2420.5,12564.37481502974,Low-cost nurture communication and continued monitoring,0
1096,14243,2011-09-01,United Kingdom,Nurture / Monitor,Low-cost digital nurture,0.2356342547119602,Low,425.49,100.26001903739194,0.5,3.0078005711217584,2.5078005711217584,5.015601142243517,2421.0,12566.882615600862,Low-cost nurture communication and continued monitoring,0
1097,17302,2011-09-01,United Kingdom,Nurture / Monitor,Low-cost digital nurture,0.418457877038661,Low,239.38,100.17044660551467,0.5,3.00511339816544,2.50511339816544,5.01022679633088,2421.5,12569.387728999027,Low-cost nurture communication and continued monitoring,0
1098,12407,2011-09-01,Belgium,Nurture / Monitor,Low-cost digital nurture,0.1612006701453233,Low,621.18,100.13463228087191,0.5,3.0040389684261575,2.5040389684261575,5.008077936852315,2422.0,12571.891767967452,Low-cost nurture communication and continued monitoring,0
1099,16621,2011-09-01,United Kingdom,Nurture / Monitor,Low-cost digital nurture,0.32794672021983173,Low,304.70500000000004,99.92700538458384,0.5,2.997810161537515,2.497810161537515,4.99562032307503,2422.5,12574.38957812899,Low-cost nurture communication and continued monitoring,0
1100,14211,2011-09-01,United Kingdom,Nurture / Monitor,Low-cost digital nurture,0.44886754749159974,Low,222.39499999999998,99.82589822439432,0.5,2.9947769467318297,2.4947769467318297,4.989553893463659,2423.0,12576.884355075723,Low-cost nurture communication and continued monitoring,0
1101,12414,2011-09-01,Austria,Nurture / Monitor,Low-cost digital nurture,0.6074889414071031,Medium,164.325,99.8256202967222,0.5,2.994768608901666,2.494768608901666,4.989537217803332,2423.5,12579.379123684625,Low-cost nurture communication and continued monitoring,1
1102,14869,2011-09-01,United Kingdom,Nurture / Monitor,Low-cost digital nurture,0.5155169155567395,Low,193.53,99.7679886676958,0.5,2.993039660030874,2.493039660030874,4.986079320061748,2424.0,12581.872163344655,Low-cost nurture communication and continued monitoring,1
1103,15514,2011-09-01,United Kingdom,Nurture / Monitor,Low-cost digital nurture,0.517506056686983,Low,192.6,99.67166651791293,0.5,2.990149995537388,2.490149995537388,4.980299991074776,2424.5,12584.362313340192,Low-cost nurture communication and continued monitoring,0
1104,13623,2011-09-01,United Kingdom,Nurture / Monitor,Low-cost digital nurture,0.5194067751860306,Low,191.58500000000004,99.5105470240157,0.5,2.9853164107204706,2.4853164107204706,4.970632821440941,2425.0,12586.847629750913,Low-cost nurture communication and continued monitoring,0
1105,13131,2011-09-01,United Kingdom,Nurture / Monitor,Low-cost digital nurture,0.6111908294162012,Medium,162.45,99.28795023866188,0.5,2.9786385071598565,2.4786385071598565,4.957277014319713,2425.5,12589.326268258073,Low-cost nurture communication and continued monitoring,0
1106,17799,2011-09-01,United Kingdom,Nurture / Monitor,Low-cost digital nurture,0.17756444367174468,Low,558.81,99.22478676820764,0.5,2.976743603046229,2.476743603046229,4.953487206092458,2426.0,12591.80301186112,Low-cost nurture communication and continued monitoring,0
1107,14005,2011-09-01,United Kingdom,Nurture / Monitor,Low-cost digital nurture,0.28457413144935406,Low,348.28000000000003,99.11147850118104,0.5,2.9733443550354313,2.4733443550354313,4.9466887100708625,2426.5,12594.276356216156,Low-cost nurture communication and continued monitoring,0
1108,17795,2011-09-01,United Kingdom,Nurture / Monitor,Low-cost digital nurture,0.5780406692887455,Medium,171.41500000000002,99.08484132613033,0.5,2.97254523978391,2.47254523978391,4.94509047956782,2427.0,12596.74890145594,Low-cost nurture communication and continued monitoring,1
1109,17519,2011-09-01,United Kingdom,Nurture / Monitor,Low-cost digital nurture,0.17177545882971035,Low,576.35,99.00278569650357,0.5,2.970083570895107,2.470083570895107,4.940167141790214,2427.5,12599.218985026835,Low-cost nurture communication and continued monitoring,0
1110,17042,2011-09-01,United Kingdom,Nurture / Monitor,Low-cost digital nurture,0.2160951273754074,Low,457.51,98.86568172552263,0.5,2.965970451765679,2.465970451765679,4.931940903531358,2428.0,12601.6849554786,Low-cost nurture communication and continued monitoring,1
1111,14276,2011-09-01,United Kingdom,Nurture / Monitor,Low-cost digital nurture,0.521420053307827,Low,189.6,98.861242107164,0.5,2.96583726321492,2.46583726321492,4.93167452642984,2428.5,12604.150792741815,Low-cost nurture communication and continued monitoring,0
1112,16419,2011-09-01,United Kingdom,Nurture / Monitor,Low-cost digital nurture,0.28002500475094655,Low,353.025,98.8558273022029,0.5,2.965674819066087,2.465674819066087,4.931349638132174,2429.0,12606.616467560882,Low-cost nurture communication and continued monitoring,1
1113,12434,2011-09-01,Australia,Nurture / Monitor,Low-cost digital nurture,0.6904628511911943,Medium,143.125,98.82249557673968,0.5,2.9646748673021905,2.4646748673021905,4.929349734604381,2429.5,12609.081142428184,Low-cost nurture communication and continued monitoring,0
1114,14870,2011-09-01,United Kingdom,Nurture / Monitor,Low-cost digital nurture,0.6038666830712276,Medium,163.625,98.80768601752962,0.5,2.9642305805258884,2.4642305805258884,4.928461161051777,2430.0,12611.54537300871,Low-cost nurture communication and continued monitoring,1
1115,12642,2011-09-01,Germany,Nurture / Monitor,Low-cost digital nurture,0.5976976564602255,Medium,165.225,98.75459528864076,0.5,2.962637858659223,2.462637858659223,4.925275717318446,2430.5,12614.00801086737,Low-cost nurture communication and continued monitoring,0
1116,12987,2011-09-01,United Kingdom,Nurture / Monitor,Low-cost digital nurture,0.6481036985244797,Medium,152.15,98.60897773049959,0.5,2.9582693319149875,2.4582693319149875,4.916538663829975,2431.0,12616.466280199285,Low-cost nurture communication and continued monitoring,0
1117,17594,2011-09-01,United Kingdom,Nurture / Monitor,Low-cost digital nurture,0.6253901171680223,Medium,157.5,98.4989434539635,0.5,2.954968303618905,2.454968303618905,4.90993660723781,2431.5,12618.921248502904,Low-cost nurture communication and continued monitoring,0
1118,13856,2011-09-01,United Kingdom,Nurture / Monitor,Low-cost digital nurture,0.5051071169463076,Low,194.25,98.11705746682026,0.5,2.9435117240046074,2.4435117240046074,4.887023448009215,2432.0,12621.364760226908,Low-cost nurture communication and continued monitoring,1
1119,15220,2011-09-01,United Kingdom,Nurture / Monitor,Low-cost digital nurture,0.20269851021477778,Low,483.97,98.09999798864601,0.5,2.94299993965938,2.44299993965938,4.88599987931876,2432.5,12623.807760166568,Low-cost nurture communication and continued monitoring,0
1120,17351,2011-09-01,United Kingdom,Nurture / Monitor,Low-cost digital nurture,0.4588696425831009,Low,213.64999999999998,98.03749913787951,0.5,2.941124974136385,2.441124974136385,4.88224994827277,2433.0,12626.248885140705,Low-cost nurture communication and continued monitoring,0
1121,15855,2011-09-01,United Kingdom,Nurture / Monitor,Low-cost digital nurture,0.2748772751056441,Low,356.12,97.88929521062197,0.5,2.9366788563186588,2.4366788563186588,4.8733577126373175,2433.5,12628.685563997024,Low-cost nurture communication and continued monitoring,1
1122,15306,2011-09-01,United Kingdom,Nurture / Monitor,Low-cost digital nurture,0.5679015001330172,Medium,172.31,97.8551074879202,0.5,2.9356532246376057,2.4356532246376057,4.871306449275211,2434.0,12631.121217221662,Low-cost nurture communication and continued monitoring,0
1123,14916,2011-09-01,United Kingdom,Nurture / Monitor,Low-cost digital nurture,0.4812506374895338,Low,203.11499999999998,97.74922323368665,0.5,2.9324766970105993,2.4324766970105993,4.864953394021199,2434.5,12633.553693918673,Low-cost nurture communication and continued monitoring,0
1124,13310,2011-09-01,United Kingdom,Nurture / Monitor,Low-cost digital nurture,0.4797316333095175,Low,203.735,97.73812431231455,0.5,2.9321437293694363,2.4321437293694363,4.864287458738873,2435.0,12635.985837648042,Low-cost nurture communication and continued monitoring,0
1125,17288,2011-09-01,United Kingdom,Nurture / Monitor,Low-cost digital nurture,0.5226030658890063,Low,186.59,97.51250606422968,0.5,2.9253751819268903,2.4253751819268903,4.8507503638537806,2435.5,12638.41121282997,Low-cost nurture communication and continued monitoring,0
1126,15643,2011-09-01,United Kingdom,Nurture / Monitor,Low-cost digital nurture,0.5957632304626118,Medium,163.45,97.3775000191139,0.5,2.921325000573417,2.421325000573417,4.842650001146834,2436.0,12640.832537830544,Low-cost nurture communication and continued monitoring,1
1127,13330,2011-09-01,United Kingdom,Nurture / Monitor,Low-cost digital nurture,0.49559356009532035,Low,196.2,97.23545649070185,0.5,2.9170636947210555,2.4170636947210555,4.834127389442111,2436.5,12643.249601525265,Low-cost nurture communication and continued monitoring,0
1128,16156,2011-09-01,United Kingdom,Nurture / Monitor,Low-cost digital nurture,0.17478973649207222,Low,555.665,97.1245389278673,0.5,2.913736167836019,2.413736167836019,4.827472335672038,2437.0,12645.663337693102,Low-cost nurture communication and continued monitoring,0
1129,13590,2011-09-01,United Kingdom,Nurture / Monitor,Low-cost digital nurture,0.24047741100259873,Low,403.66,97.07111172530901,0.5,2.91213335175927,2.41213335175927,4.82426670351854,2437.5,12648.075471044862,Low-cost nurture communication and continued monitoring,0
1130,15976,2011-09-01,United Kingdom,Nurture / Monitor,Low-cost digital nurture,0.45380885298104434,Low,213.82,97.0334089444069,0.5,2.911002268332207,2.411002268332207,4.822004536664414,2438.0,12650.486473313194,Low-cost nurture communication and continued monitoring,1
1131,16825,2011-09-01,United Kingdom,Nurture / Monitor,Low-cost digital nurture,0.6087938093981281,Medium,159.35,97.0112935275917,0.5,2.910338805827751,2.410338805827751,4.820677611655502,2438.5,12652.896812119023,Low-cost nurture communication and continued monitoring,0
1132,18283,2011-09-01,United Kingdom,Nurture / Monitor,Low-cost digital nurture,0.305171254997729,Low,317.64,96.93459743747864,0.5,2.9080379231243594,2.4080379231243594,4.816075846248719,2439.0,12655.304850042146,Low-cost nurture communication and continued monitoring,0
1133,14273,2011-09-01,United Kingdom,Nurture / Monitor,Low-cost digital nurture,0.43047827498227015,Low,225.025,96.86837382788534,0.5,2.90605121483656,2.40605121483656,4.81210242967312,2439.5,12657.710901256984,Low-cost nurture communication and continued monitoring,0
1134,13813,2011-09-01,Germany,Nurture / Monitor,Low-cost digital nurture,0.5838799020873188,Medium,165.57,96.67299538859737,0.5,2.900189861657921,2.400189861657921,4.800379723315842,2440.0,12660.11109111864,Low-cost nurture communication and continued monitoring,0
1135,12648,2011-09-01,Germany,Nurture / Monitor,Low-cost digital nurture,0.644072665965392,Medium,150.025,96.62700171145795,0.5,2.8988100513437383,2.3988100513437383,4.7976201026874765,2440.5,12662.509901169984,Low-cost nurture communication and continued monitoring,1
1136,17618,2011-09-01,United Kingdom,Nurture / Monitor,Low-cost digital nurture,0.5575990231115782,Medium,173.25,96.60403075408092,0.5,2.898120922622428,2.398120922622428,4.796241845244856,2441.0,12664.908022092606,Low-cost nurture communication and continued monitoring,1
1137,13249,2011-09-01,United Kingdom,Nurture / Monitor,Low-cost digital nurture,0.6607824649964238,Medium,145.92000000000002,96.42137729227817,0.5,2.892641318768345,2.392641318768345,4.78528263753669,2441.5,12667.300663411375,Low-cost nurture communication and continued monitoring,0
1138,14593,2011-09-01,United Kingdom,Nurture / Monitor,Low-cost digital nurture,0.5676083409237397,Medium,169.795,96.37705824714638,0.5,2.8913117474143912,2.3913117474143912,4.7826234948287825,2442.0,12669.69197515879,Low-cost nurture communication and continued monitoring,0
1139,14988,2011-09-01,United Kingdom,Nurture / Monitor,Low-cost digital nurture,0.5761564308136925,Medium,167.27,96.37368618220636,0.5,2.8912105854661907,2.3912105854661907,4.782421170932381,2442.5,12672.083185744257,Low-cost nurture communication and continued monitoring,1
1140,15750,2011-09-01,United Kingdom,Nurture / Monitor,Low-cost digital nurture,0.3875726202511215,Low,248.63,96.36218057303634,0.5,2.89086541719109,2.39086541719109,4.78173083438218,2443.0,12674.47405116145,Low-cost nurture communication and continued monitoring,0
1141,17990,2011-09-01,United Kingdom,Nurture / Monitor,Low-cost digital nurture,0.6117833214509959,Medium,157.42000000000002,96.30693046281579,0.5,2.8892079138844733,2.3892079138844733,4.778415827768947,2443.5,12676.863259075333,Low-cost nurture communication and continued monitoring,1
1142,15252,2011-09-01,United Kingdom,Nurture / Monitor,Low-cost digital nurture,0.6399941267032978,Medium,150.275,96.17511739033809,0.5,2.8852535217101427,2.3852535217101427,4.770507043420285,2444.0,12679.248512597043,Low-cost nurture communication and continued monitoring,0
1143,15134,2011-09-01,United Kingdom,Nurture / Monitor,Low-cost digital nurture,0.31238602542915295,Low,307.43,96.03683579768449,0.5,2.8811050739305344,2.3811050739305344,4.762210147861069,2444.5,12681.629617670975,Low-cost nurture communication and continued monitoring,0
1144,16750,2011-09-01,United Kingdom,Nurture / Monitor,Low-cost digital nurture,0.4614389222616449,Low,208.06,96.00698216575783,0.5,2.880209464972735,2.380209464972735,4.76041892994547,2445.0,12684.009827135947,Low-cost nurture communication and continued monitoring,0
1145,17722,2011-09-01,United Kingdom,Nurture / Monitor,Low-cost digital nurture,0.5373039945840138,Medium,178.65,95.98935863243406,0.5,2.879680758973022,2.379680758973022,4.759361517946044,2445.5,12686.38950789492,Low-cost nurture communication and continued monitoring,0
1146,17033,2011-09-01,United Kingdom,Nurture / Monitor,Low-cost digital nurture,0.6385200538110711,Medium,150.14999999999998,95.87378607973231,0.5,2.8762135823919692,2.3762135823919692,4.7524271647839385,2446.0,12688.765721477313,Low-cost nurture communication and continued monitoring,0
1147,13929,2011-09-01,United Kingdom,Nurture / Monitor,Low-cost digital nurture,0.4456733438610061,Low,214.89999999999998,95.7752015957302,0.5,2.8732560478719056,2.3732560478719056,4.746512095743811,2446.5,12691.138977525185,Low-cost nurture communication and continued monitoring,1
1148,16927,2011-09-01,United Kingdom,Nurture / Monitor,Low-cost digital nurture,0.5893939182867693,Medium,162.475,95.76177687364284,0.5,2.872853306209285,2.372853306209285,4.74570661241857,2447.0,12693.511830831394,Low-cost nurture communication and continued monitoring,1
1149,14883,2011-09-01,United Kingdom,Nurture / Monitor,Low-cost digital nurture,0.5342045122379369,Medium,179.24,95.7508167735278,0.5,2.8725245032058337,2.3725245032058337,4.7450490064116675,2447.5,12695.8843553346,Low-cost nurture communication and continued monitoring,0
1150,16266,2011-09-01,United Kingdom,Nurture / Monitor,Low-cost digital nurture,0.2513894773612802,Low,380.56,95.66877950460879,0.5,2.8700633851382635,2.3700633851382635,4.740126770276527,2448.0,12698.254418719738,Low-cost nurture communication and continued monitoring,0
1151,14741,2011-09-01,United Kingdom,Nurture / Monitor,Low-cost digital nurture,0.5174169777403789,Low,184.83,95.63417999575424,0.5,2.869025399872627,2.369025399872627,4.738050799745254,2448.5,12700.62344411961,Low-cost nurture communication and continued monitoring,0
1152,13951,2011-09-01,United Kingdom,Nurture / Monitor,Low-cost digital nurture,0.4140298929981135,Low,230.945,95.61813363844932,0.5,2.8685440091534797,2.3685440091534797,4.7370880183069595,2449.0,12702.991988128764,Low-cost nurture communication and continued monitoring,1
1153,14631,2011-09-01,United Kingdom,Nurture / Monitor,Low-cost digital nurture,0.5963930703437474,Medium,160.29,95.59584524539927,0.5,2.867875357361978,2.367875357361978,4.735750714723956,2449.5,12705.359863486126,Low-cost nurture communication and continued monitoring,0
1154,14233,2011-09-01,United Kingdom,Nurture / Monitor,Low-cost digital nurture,0.5826200277956877,Medium,164.07500000000002,95.59338106057747,0.5,2.867801431817324,2.367801431817324,4.735602863634648,2450.0,12707.727664917944,Low-cost nurture communication and continued monitoring,0
1155,13667,2011-09-01,United Kingdom,Nurture / Monitor,Low-cost digital nurture,0.6392911880200899,Medium,149.525,95.59001488870395,0.5,2.8677004466611185,2.3677004466611185,4.735400893322237,2450.5,12710.095365364605,Low-cost nurture communication and continued monitoring,1
1156,16764,2011-09-01,United Kingdom,Nurture / Monitor,Low-cost digital nurture,0.36614237762616,Low,261.03000000000003,95.57414483175656,0.5,2.8672243449526964,2.3672243449526964,4.734448689905393,2451.0,12712.462589709558,Low-cost nurture communication and continued monitoring,0
1157,14443,2011-09-01,United Kingdom,Nurture / Monitor,Low-cost digital nurture,0.49884506119884814,Low,191.56,95.55875992325134,0.5,2.86676279769754,2.36676279769754,4.73352559539508,2451.5,12714.829352507255,Low-cost nurture communication and continued monitoring,0
1158,13719,2011-09-01,United Kingdom,Nurture / Monitor,Low-cost digital nurture,0.5638449878347961,Medium,169.37,95.49842558957941,0.5,2.8649527676873823,2.3649527676873823,4.7299055353747645,2452.0,12717.194305274943,Low-cost nurture communication and continued monitoring,0
1159,16806,2011-09-01,United Kingdom,Nurture / Monitor,Low-cost digital nurture,0.25941040406146393,Low,368.105,95.49026678704519,0.5,2.8647080036113555,2.3647080036113555,4.729416007222711,2452.5,12719.559013278555,Low-cost nurture communication and continued monitoring,1
1160,14446,2011-09-01,United Kingdom,Nurture / Monitor,Low-cost digital nurture,0.6282888415005978,Medium,151.52,95.19832526417059,0.5,2.8559497579251176,2.3559497579251176,4.711899515850235,2453.0,12721.91496303648,Low-cost nurture communication and continued monitoring,0
1161,16566,2011-09-01,United Kingdom,Nurture / Monitor,Low-cost digital nurture,0.5157756746576271,Low,184.49,95.15545421758563,0.5,2.854663626527569,2.354663626527569,4.709327253055138,2453.5,12724.269626663006,Low-cost nurture communication and continued monitoring,0
1162,14152,2011-09-01,United Kingdom,Nurture / Monitor,Low-cost digital nurture,0.6047013640931322,Medium,157.255,95.0923130104655,0.5,2.852769390313965,2.352769390313965,4.70553878062793,2454.0,12726.62239605332,Low-cost nurture communication and continued monitoring,0
1163,16823,2011-09-01,United Kingdom,Nurture / Monitor,Low-cost digital nurture,0.5305494688114477,Low,179.19,95.06915931632331,0.5,2.852074779489699,2.352074779489699,4.704149558979398,2454.5,12728.97447083281,Low-cost nurture communication and continued monitoring,1
1164,14867,2011-09-01,United Kingdom,Nurture / Monitor,Low-cost digital nurture,0.4639729789027259,Low,204.76999999999998,95.00774688991118,0.5,2.850232406697335,2.350232406697335,4.70046481339467,2455.0,12731.324703239508,Low-cost nurture communication and continued monitoring,1
1165,15793,2011-09-01,United Kingdom,Nurture / Monitor,Low-cost digital nurture,0.618947754486121,Medium,153.32,94.89706971781207,0.5,2.846912091534362,2.346912091534362,4.693824183068724,2455.5,12733.671615331043,Low-cost nurture communication and continued monitoring,0
1166,14623,2011-09-01,United Kingdom,Nurture / Monitor,Low-cost digital nurture,0.3152875671479457,Low,300.74,94.81958294407319,0.5,2.8445874883221958,2.3445874883221958,4.6891749766443915,2456.0,12736.016202819364,Low-cost nurture communication and continued monitoring,0
1167,17267,2011-09-01,United Kingdom,Nurture / Monitor,Low-cost digital nurture,0.5970553288414671,Medium,158.60000000000002,94.69297515425669,0.5,2.8407892546277003,2.3407892546277003,4.6815785092554005,2456.5,12738.356992073992,Low-cost nurture communication and continued monitoring,1
1168,17854,2011-09-01,United Kingdom,Nurture / Monitor,Low-cost digital nurture,0.6073193846565501,Medium,155.63,94.51711583409889,0.5,2.8355134750229665,2.3355134750229665,4.671026950045933,2457.0,12740.692505549016,Low-cost nurture communication and continued monitoring,1
1169,13726,2011-09-01,United Kingdom,Nurture / Monitor,Low-cost digital nurture,0.6450657881854394,Medium,146.34,94.3989274430572,0.5,2.831967823291716,2.331967823291716,4.663935646583432,2457.5,12743.024473372307,Low-cost nurture communication and continued monitoring,0
1170,14141,2011-09-01,United Kingdom,Nurture / Monitor,Low-cost digital nurture,0.6619072175833559,Medium,142.58,94.37473108303489,0.5,2.8312419324910465,2.3312419324910465,4.662483864982093,2458.0,12745.355715304797,Low-cost nurture communication and continued monitoring,0
1171,12528,2011-09-01,Germany,Nurture / Monitor,Low-cost digital nurture,0.28991775695649447,Low,324.92,94.20007759030419,0.5,2.8260023277091255,2.3260023277091255,4.652004655418251,2458.5,12747.681717632506,Low-cost nurture communication and continued monitoring,0
1172,14460,2011-09-01,United Kingdom,Nurture / Monitor,Low-cost digital nurture,0.46587920702635266,Low,202.17,94.18679928451772,0.5,2.8256039785355314,2.3256039785355314,4.651207957071063,2459.0,12750.007321611041,Low-cost nurture communication and continued monitoring,1
1173,13538,2011-09-01,United Kingdom,Nurture / Monitor,Low-cost digital nurture,0.2597734728793283,Low,362.475,94.16138958193453,0.5,2.8248416874580355,2.3248416874580355,4.649683374916071,2459.5,12752.332163298499,Low-cost nurture communication and continued monitoring,0
1174,16719,2011-09-01,United Kingdom,Nurture / Monitor,Low-cost digital nurture,0.3525484632148137,Low,265.685,93.66683844922778,0.5,2.8100051534768333,2.3100051534768333,4.620010306953667,2460.0,12754.642168451976,Low-cost nurture communication and continued monitoring,0
1175,14075,2011-09-01,United Kingdom,Nurture / Monitor,Low-cost digital nurture,0.6064569414443183,Medium,153.96,93.37011070476724,0.5,2.801103321143017,2.301103321143017,4.602206642286034,2460.5,12756.943271773118,Low-cost nurture communication and continued monitoring,0
1176,16324,2011-09-01,United Kingdom,Nurture / Monitor,Low-cost digital nurture,0.45690375534091154,Low,204.29500000000002,93.34315269737154,0.5,2.800294580921146,2.300294580921146,4.600589161842292,2461.0,12759.243566354038,Low-cost nurture communication and continued monitoring,1
1177,16493,2011-09-01,United Kingdom,Nurture / Monitor,Low-cost digital nurture,0.4495530224553865,Low,207.245,93.16761613876658,0.5,2.795028484162997,2.295028484162997,4.590056968325994,2461.5,12761.5385948382,Low-cost nurture communication and continued monitoring,0
1178,17252,2011-09-01,United Kingdom,Nurture / Monitor,Low-cost digital nurture,0.533985363096283,Medium,174.45499999999998,93.15641651896203,0.5,2.794692495568861,2.294692495568861,4.589384991137722,2462.0,12763.83328733377,Low-cost nurture communication and continued monitoring,1
1179,15589,2011-09-01,United Kingdom,Nurture / Monitor,Low-cost digital nurture,0.6330914428885226,Medium,146.79,92.93149290160622,0.5,2.7879447870481866,2.2879447870481866,4.575889574096373,2462.5,12766.121232120817,Low-cost nurture communication and continued monitoring,1
1180,16730,2011-09-01,United Kingdom,Nurture / Monitor,Low-cost digital nurture,0.6316893266710069,Medium,146.96,92.83306344757118,0.5,2.784991903427135,2.284991903427135,4.56998380685427,2463.0,12768.406224024244,Low-cost nurture communication and continued monitoring,0
1181,13863,2011-09-01,United Kingdom,Nurture / Monitor,Low-cost digital nurture,0.6066681103146612,Medium,152.89,92.75348738600854,0.5,2.7826046215802562,2.2826046215802562,4.5652092431605125,2463.5,12770.688828645823,Low-cost nurture communication and continued monitoring,1
1182,15681,2011-09-01,United Kingdom,Nurture / Monitor,Low-cost digital nurture,0.5183552572912072,Low,178.76999999999998,92.66636934594911,0.5,2.779991080378473,2.279991080378473,4.559982160756946,2464.0,12772.968819726202,Low-cost nurture communication and continued monitoring,0
1183,16431,2011-09-01,United Kingdom,Nurture / Monitor,Low-cost digital nurture,0.6409052297257118,Medium,144.34,92.50826085860925,0.5,2.775247825758277,2.275247825758277,4.550495651516554,2464.5,12775.244067551961,Low-cost nurture communication and continued monitoring,1
1184,15518,2011-09-01,United Kingdom,Nurture / Monitor,Low-cost digital nurture,0.18739639163788335,Low,492.455,92.28429004403384,0.5,2.768528701321015,2.268528701321015,4.53705740264203,2465.0,12777.512596253282,Low-cost nurture communication and continued monitoring,0
1185,15835,2011-09-01,United Kingdom,Nurture / Monitor,Low-cost digital nurture,0.49200204187671603,Low,187.2,92.10278223932123,0.5,2.7630834671796367,2.2630834671796367,4.526166934359273,2465.5,12779.775679720462,Low-cost nurture communication and continued monitoring,0
1186,17231,2011-09-01,United Kingdom,Nurture / Monitor,Low-cost digital nurture,0.15262804175390174,Low,602.97,92.03013033635014,0.5,2.760903910090504,2.260903910090504,4.521807820181008,2466.0,12782.036583630552,Low-cost nurture communication and continued monitoring,0
1187,15547,2011-09-01,United Kingdom,Nurture / Monitor,Low-cost digital nurture,0.1377248210791803,Low,665.6650000000001,91.67859302367256,0.5,2.7503577907101766,2.2503577907101766,4.500715581420353,2466.5,12784.286941421262,Low-cost nurture communication and continued monitoring,0
1188,14823,2011-09-01,United Kingdom,Nurture / Monitor,Low-cost digital nurture,0.5684183172947297,Medium,160.715,91.35334986402249,0.5,2.7406004959206745,2.2406004959206745,4.481200991841349,2467.0,12786.527541917183,Low-cost nurture communication and continued monitoring,1
1189,15777,2011-09-01,United Kingdom,Nurture / Monitor,Low-cost digital nurture,0.6208519184768496,Medium,146.98,91.25281497772735,0.5,2.7375844493318207,2.2375844493318207,4.475168898663641,2467.5,12788.765126366516,Low-cost nurture communication and continued monitoring,1
1190,17284,2011-09-01,United Kingdom,Nurture / Monitor,Low-cost digital nurture,0.23600572623416524,Low,386.465,91.20795298908666,0.5,2.7362385896726,2.2362385896726,4.4724771793452,2468.0,12791.001364956188,Low-cost nurture communication and continued monitoring,0
1191,13940,2011-09-01,United Kingdom,Nurture / Monitor,Low-cost digital nurture,0.4661681778575751,Low,195.53,91.14986381649166,0.5,2.7344959144947496,2.2344959144947496,4.468991828989499,2468.5,12793.235860870682,Low-cost nurture communication and continued monitoring,0
1192,12722,2011-09-01,France,Nurture / Monitor,Low-cost digital nurture,0.19594341261915987,Low,464.82500000000005,91.079396770701,0.5,2.7323819031210297,2.2323819031210297,4.464763806242059,2469.0,12795.468242773803,Low-cost nurture communication and continued monitoring,0
1193,17585,2011-09-01,United Kingdom,Nurture / Monitor,Low-cost digital nurture,0.26046494161015354,Low,349.435,91.01556687154401,0.5,2.7304670061463203,2.2304670061463203,4.460934012292641,2469.5,12797.698709779948,Low-cost nurture communication and continued monitoring,1
1194,15489,2011-09-01,United Kingdom,Nurture / Monitor,Low-cost digital nurture,0.5221087244822534,Low,174.13,90.91479219409479,0.5,2.7274437658228434,2.2274437658228434,4.454887531645687,2470.0,12799.926153545772,Low-cost nurture communication and continued monitoring,0
1195,18171,2011-09-01,United Kingdom,Nurture / Monitor,Low-cost digital nurture,0.4088997949457421,Low,221.985,90.76962098103056,0.5,2.7230886294309165,2.2230886294309165,4.446177258861833,2470.5,12802.149242175203,Low-cost nurture communication and continued monitoring,0
1196,17685,2011-09-01,United Kingdom,Nurture / Monitor,Low-cost digital nurture,0.555920899114365,Medium,163.25,90.7540867804201,0.5,2.722622603412603,2.222622603412603,4.445245206825206,2471.0,12804.371864778615,Low-cost nurture communication and continued monitoring,0
1197,14389,2011-09-01,United Kingdom,Nurture / Monitor,Low-cost digital nurture,0.5831039451666751,Medium,155.57,90.71348074957963,0.5,2.721404422487389,2.221404422487389,4.442808844974778,2471.5,12806.593269201103,Low-cost nurture communication and continued monitoring,0
1198,17019,2011-09-01,United Kingdom,Nurture / Monitor,Low-cost digital nurture,0.4950164932337085,Low,183.01,90.59296842670099,0.5,2.7177890528010296,2.2177890528010296,4.435578105602059,2472.0,12808.811058253905,Low-cost nurture communication and continued monitoring,0
1199,15199,2011-09-01,United Kingdom,Nurture / Monitor,Low-cost digital nurture,0.5958817354387647,Medium,152.02499999999998,90.58892083007818,0.5,2.7176676249023455,2.2176676249023455,4.435335249804691,2472.5,12811.028725878807,Low-cost nurture communication and continued monitoring,0
1200,15038,2011-09-01,United Kingdom,Nurture / Monitor,Low-cost digital nurture,0.47824526552513735,Low,189.41,90.58443574311626,0.5,2.7175330722934876,2.2175330722934876,4.435066144586975,2473.0,12813.2462589511,Low-cost nurture communication and continued monitoring,0
1201,15051,2011-09-01,United Kingdom,Nurture / Monitor,Low-cost digital nurture,0.47956922218617404,Low,188.87,90.5762389943027,0.5,2.717287169829081,2.217287169829081,4.434574339658162,2473.5,12815.46354612093,Low-cost nurture communication and continued monitoring,0
1202,13736,2011-09-01,United Kingdom,Nurture / Monitor,Low-cost digital nurture,0.50574349910202,Low,178.765,90.40923661697259,0.5,2.7122770985091775,2.2122770985091775,4.424554197018355,2474.0,12817.675823219439,Low-cost nurture communication and continued monitoring,1
1203,17490,2011-09-01,United Kingdom,Nurture / Monitor,Low-cost digital nurture,0.5924162410982261,Medium,152.6,90.4027183915893,0.5,2.712081551747679,2.212081551747679,4.424163103495358,2474.5,12819.887904771187,Low-cost nurture communication and continued monitoring,0
1204,14548,2011-09-01,United Kingdom,Nurture / Monitor,Low-cost digital nurture,0.5518687018786376,Medium,163.2,90.06497214659365,0.5,2.701949164397809,2.201949164397809,4.403898328795618,2475.0,12822.089853935586,Low-cost nurture communication and continued monitoring,1
1205,13402,2011-09-01,United Kingdom,Nurture / Monitor,Low-cost digital nurture,0.5731138071259375,Medium,156.475,89.67798297003107,0.5,2.690339489100932,2.190339489100932,4.380678978201864,2475.5,12824.280193424687,Low-cost nurture communication and continued monitoring,1
1206,14350,2011-09-01,United Kingdom,Nurture / Monitor,Low-cost digital nurture,0.6338951681365431,Medium,141.465,89.67397996043607,0.5,2.690219398813082,2.190219398813082,4.380438797626164,2476.0,12826.4704128235,Low-cost nurture communication and continued monitoring,1
1207,12493,2011-09-01,France,Nurture / Monitor,Low-cost digital nurture,0.4722597581605302,Low,189.87,89.66796028193987,0.5,2.690038808458196,2.190038808458196,4.380077616916392,2476.5,12828.660451631958,Low-cost nurture communication and continued monitoring,1
1208,17663,2011-09-01,United Kingdom,Nurture / Monitor,Low-cost digital nurture,0.27767241595758707,Low,322.57,89.56879121543886,0.5,2.6870637364631658,2.1870637364631658,4.3741274729263315,2477.0,12830.847515368421,Low-cost nurture communication and continued monitoring,0
1209,15114,2011-09-01,United Kingdom,Nurture / Monitor,Low-cost digital nurture,0.16358070187133184,Low,547.48,89.55716266051675,0.5,2.6867148798155025,2.1867148798155025,4.373429759631005,2477.5,12833.034230248237,Low-cost nurture communication and continued monitoring,0
1210,15952,2011-09-01,United Kingdom,Nurture / Monitor,Low-cost digital nurture,0.5792616405996147,Medium,154.6,89.55384963670043,0.5,2.6866154891010128,2.1866154891010128,4.3732309782020256,2478.0,12835.220845737338,Low-cost nurture communication and continued monitoring,0
1211,14047,2011-09-01,United Kingdom,Nurture / Monitor,Low-cost digital nurture,0.5271471569734957,Low,169.85,89.53594461194824,0.5,2.6860783383584472,2.1860783383584472,4.3721566767168945,2478.5,12837.406924075696,Low-cost nurture communication and continued monitoring,0
1212,13466,2011-09-01,United Kingdom,Nurture / Monitor,Low-cost digital nurture,0.5803734566461002,Medium,153.95,89.34849365066712,0.5,2.680454809520014,2.180454809520014,4.360909619040028,2479.0,12839.587378885217,Low-cost nurture communication and continued monitoring,1
1213,13645,2011-09-01,United Kingdom,Nurture / Monitor,Low-cost digital nurture,0.7083010614097518,Medium,126.05,89.28134879069921,0.5,2.6784404637209764,2.1784404637209764,4.356880927441953,2479.5,12841.765819348937,Low-cost nurture communication and continued monitoring,1
1214,17646,2011-09-01,United Kingdom,Nurture / Monitor,Low-cost digital nurture,0.43378818751352816,Low,205.77,89.2605953446587,0.5,2.677817860339761,2.177817860339761,4.355635720679522,2480.0,12843.943637209277,Low-cost nurture communication and continued monitoring,1
1215,16121,2011-09-01,United Kingdom,Nurture / Monitor,Low-cost digital nurture,0.6240190026038621,Medium,142.97,89.21599680227416,0.5,2.676479904068225,2.176479904068225,4.35295980813645,2480.5,12846.120117113345,Low-cost nurture communication and continued monitoring,0
1216,17483,2011-09-01,United Kingdom,Nurture / Monitor,Low-cost digital nurture,0.6487299491369715,Medium,137.37,89.11603311294577,0.5,2.673480993388373,2.173480993388373,4.346961986776746,2481.0,12848.293598106733,Low-cost nurture communication and continued monitoring,0
1217,13162,2011-09-01,United Kingdom,Nurture / Monitor,Low-cost digital nurture,0.1904204502237193,Low,467.51500000000004,89.02441678634214,0.5,2.6707325035902643,2.1707325035902643,4.3414650071805285,2481.5,12850.464330610323,Low-cost nurture communication and continued monitoring,1
1218,15380,2011-09-01,United Kingdom,Nurture / Monitor,Low-cost digital nurture,0.5043663307935651,Low,176.23000000000002,88.88447847574999,0.5,2.6665343542724993,2.1665343542724993,4.333068708544999,2482.0,12852.630864964594,Low-cost nurture communication and continued monitoring,0
1219,18145,2011-09-01,United Kingdom,Nurture / Monitor,Low-cost digital nurture,0.4274648357966831,Low,207.385,88.64979497169512,0.5,2.6594938491508535,2.1594938491508535,4.318987698301707,2482.5,12854.790358813745,Low-cost nurture communication and continued monitoring,0
1220,14472,2011-09-01,United Kingdom,Nurture / Monitor,Low-cost digital nurture,0.1947552930245872,Low,454.24,88.46564430348849,0.5,2.6539693291046547,2.1539693291046547,4.307938658209309,2483.0,12856.94432814285,Low-cost nurture communication and continued monitoring,1
1221,15281,2011-09-01,United Kingdom,Nurture / Monitor,Low-cost digital nurture,0.1501621255214695,Low,588.605,88.38617789256456,0.5,2.651585336776937,2.151585336776937,4.303170673553874,2483.5,12859.095913479627,Low-cost nurture communication and continued monitoring,0
1222,16466,2011-09-01,United Kingdom,Nurture / Monitor,Low-cost digital nurture,0.19845780637966204,Low,445.255,88.36433057957642,0.5,2.6509299173872924,2.1509299173872924,4.301859834774585,2484.0,12861.246843397013,Low-cost nurture communication and continued monitoring,0
1223,14878,2011-09-01,United Kingdom,Nurture / Monitor,Low-cost digital nurture,0.27200816693224794,Low,324.565,88.28433070036505,0.5,2.6485299210109514,2.1485299210109514,4.297059842021903,2484.5,12863.395373318024,Low-cost nurture communication and continued monitoring,0
1224,13862,2011-09-01,United Kingdom,Nurture / Monitor,Low-cost digital nurture,0.16004007578203436,Low,551.225,88.2180907729519,0.5,2.6465427231885568,2.1465427231885568,4.2930854463771135,2485.0,12865.541916041213,Low-cost nurture communication and continued monitoring,0
1225,17360,2011-09-01,United Kingdom,Nurture / Monitor,Low-cost digital nurture,0.5494722826316185,Medium,160.45,88.16282774824319,0.5,2.6448848324472953,2.1448848324472953,4.289769664894591,2485.5,12867.68680087366,Low-cost nurture communication and continued monitoring,0
1226,13626,2011-09-01,United Kingdom,Nurture / Monitor,Low-cost digital nurture,0.6850643729716098,Medium,128.615,88.1095543297436,0.5,2.643286629892308,2.143286629892308,4.286573259784616,2486.0,12869.830087503553,Low-cost nurture communication and continued monitoring,1
1227,16383,2011-09-01,United Kingdom,Nurture / Monitor,Low-cost digital nurture,0.5693898297114347,Medium,154.73,88.10168835125029,0.5,2.6430506505375084,2.1430506505375084,4.286101301075017,2486.5,12871.97313815409,Low-cost nurture communication and continued monitoring,0
1228,12421,2011-09-01,Spain,Nurture / Monitor,Low-cost digital nurture,0.49059946556820416,Low,179.555,88.0895870400989,0.5,2.642687611202967,2.142687611202967,4.285375222405934,2487.0,12874.115825765293,Low-cost nurture communication and continued monitoring,0
1229,14481,2011-09-01,United Kingdom,Nurture / Monitor,Low-cost digital nurture,0.5279276964293589,Low,166.825,88.0715379568278,0.5,2.6421461387048337,2.1421461387048337,4.2842922774096674,2487.5,12876.257971903999,Low-cost nurture communication and continued monitoring,1
1230,14959,2011-09-01,United Kingdom,Nurture / Monitor,Low-cost digital nurture,0.49110764117237826,Low,179.32999999999998,88.07033329144258,0.5,2.6421099987432775,2.1421099987432775,4.284219997486555,2488.0,12878.400081902742,Low-cost nurture communication and continued monitoring,0
1231,16091,2011-09-01,United Kingdom,Nurture / Monitor,Low-cost digital nurture,0.5586470811859005,Medium,157.53,88.0036746992149,0.5,2.6401102409764468,2.1401102409764468,4.2802204819528935,2488.5,12880.540192143719,Low-cost nurture communication and continued monitoring,1
1232,12518,2011-09-01,Germany,Nurture / Monitor,Low-cost digital nurture,0.6092425842090267,Medium,144.415,87.98376779854658,0.5,2.6395130339563972,2.1395130339563972,4.2790260679127945,2489.0,12882.679705177676,Low-cost nurture communication and continued monitoring,0
1233,16325,2011-09-01,United Kingdom,Nurture / Monitor,Low-cost digital nurture,0.4227648885252285,Low,208.01000000000002,87.93932446213279,0.5,2.6381797338639834,2.1381797338639834,4.276359467727967,2489.5,12884.81788491154,Low-cost nurture communication and continued monitoring,0
1234,17007,2011-09-01,United Kingdom,Nurture / Monitor,Low-cost digital nurture,0.47743615645425025,Low,184.16,87.92464257261473,0.5,2.637739277178442,2.137739277178442,4.275478554356884,2490.0,12886.955624188719,Low-cost nurture communication and continued monitoring,0
1235,16794,2011-09-01,United Kingdom,Nurture / Monitor,Low-cost digital nurture,0.2900053269049909,Low,302.515,87.73096146866332,0.5,2.6319288440598996,2.1319288440598996,4.263857688119799,2490.5,12889.087553032778,Low-cost nurture communication and continued monitoring,0
1236,16734,2011-09-01,United Kingdom,Nurture / Monitor,Low-cost digital nurture,0.579757645765253,Medium,151.20499999999998,87.66225482793507,0.5,2.6298676448380522,2.1298676448380522,4.2597352896761045,2491.0,12891.217420677616,Low-cost nurture communication and continued monitoring,0
1237,15002,2011-09-01,United Kingdom,Nurture / Monitor,Low-cost digital nurture,0.35459425266651756,Low,247.085,87.6149209201065,0.5,2.6284476276031947,2.1284476276031947,4.2568952552063895,2491.5,12893.34586830522,Low-cost nurture communication and continued monitoring,1
1238,16706,2011-09-01,United Kingdom,Nurture / Monitor,Low-cost digital nurture,0.5998303868309993,Medium,145.765,87.43427633642061,0.5,2.623028290092618,2.123028290092618,4.246056580185236,2492.0,12895.468896595312,Low-cost nurture communication and continued monitoring,0
1239,14708,2011-09-01,United Kingdom,Nurture / Monitor,Low-cost digital nurture,0.619372092412359,Medium,141.06,87.36862735568737,0.5,2.621058820670621,2.121058820670621,4.242117641341242,2492.5,12897.589955415982,Low-cost nurture communication and continued monitoring,1
1240,12904,2011-09-01,United Kingdom,Nurture / Monitor,Low-cost digital nurture,0.7135461721015447,Medium,122.345,87.29880642576349,0.5,2.6189641927729044,2.1189641927729044,4.237928385545809,2493.0,12899.708919608755,Low-cost nurture communication and continued monitoring,0
1241,17043,2011-09-01,United Kingdom,Nurture / Monitor,Low-cost digital nurture,0.5361832164137028,Medium,162.485,87.1217299189805,0.5,2.613651897569415,2.113651897569415,4.22730379513883,2493.5,12901.822571506324,Low-cost nurture communication and continued monitoring,0
1242,18220,2011-09-01,United Kingdom,Nurture / Monitor,Low-cost digital nurture,0.5704637643837779,Medium,152.64000000000001,87.07558899553986,0.5,2.6122676698661955,2.1122676698661955,4.224535339732391,2494.0,12903.93483917619,Low-cost nurture communication and continued monitoring,1
1243,13617,2011-09-01,United Kingdom,Nurture / Monitor,Low-cost digital nurture,0.4757803235829831,Low,182.85,86.99643216714846,0.5,2.6098929650144536,2.1098929650144536,4.219785930028907,2494.5,12906.044732141205,Low-cost nurture communication and continued monitoring,0
1244,16034,2011-09-01,United Kingdom,Nurture / Monitor,Low-cost digital nurture,0.6122509701675349,Medium,142.05,86.97025031229835,0.5,2.6091075093689504,2.1091075093689504,4.218215018737901,2495.0,12908.153839650573,Low-cost nurture communication and continued monitoring,1
1245,15712,2011-09-01,United Kingdom,Nurture / Monitor,Low-cost digital nurture,0.37280897928745194,Low,233.255,86.9595584636946,0.5,2.608786753910838,2.108786753910838,4.217573507821676,2495.5,12910.262626404483,Low-cost nurture communication and continued monitoring,0
1246,18077,2011-09-01,United Kingdom,Nurture / Monitor,Low-cost digital nurture,0.19090783729448857,Low,455.44,86.94706541740187,0.5,2.608411962522056,2.108411962522056,4.216823925044112,2496.0,12912.371038367006,Low-cost nurture communication and continued monitoring,0
1247,14053,2011-09-01,United Kingdom,Nurture / Monitor,Low-cost digital nurture,0.6679079969161965,Medium,130.125,86.91152809872007,0.5,2.607345842961602,2.107345842961602,4.214691685923204,2496.5,12914.478384209968,Low-cost nurture communication and continued monitoring,1
1248,18211,2011-09-01,United Kingdom,Nurture / Monitor,Low-cost digital nurture,0.6466212200230894,Medium,134.35,86.87356091010206,0.5,2.6062068273030614,2.1062068273030614,4.212413654606123,2497.0,12916.58459103727,Low-cost nurture communication and continued monitoring,0
1249,17507,2011-09-01,United Kingdom,Nurture / Monitor,Low-cost digital nurture,0.6554310287289047,Medium,132.51,86.85116561686715,0.5,2.6055349685060145,2.1055349685060145,4.211069937012029,2497.5,12918.690126005777,Low-cost nurture communication and continued monitoring,1
1250,16711,2011-09-01,United Kingdom,Nurture / Monitor,Low-cost digital nurture,0.5577349349059567,Medium,155.535,86.74730310059797,0.5,2.602419093017939,2.102419093017939,4.204838186035878,2498.0,12920.792545098795,Low-cost nurture communication and continued monitoring,0
